id,date_time,temp
G,4/19/23 0:08,73.4
G,4/19/23 0:23,73.4
G,4/19/23 0:38,72.5
G,4/19/23 0:53,72.5
G,4/19/23 1:08,72.5
G,4/19/23 1:23,71.6
G,4/19/23 1:38,71.6
G,4/19/23 1:53,71.6
G,4/19/23 2:08,71.6
G,4/19/23 2:23,70.7
G,4/19/23 2:38,70.7
G,4/19/23 2:53,70.7
G,4/19/23 3:08,70.7
G,4/19/23 3:23,69.8
G,4/19/23 3:38,69.8
G,4/19/23 3:53,69.8
G,4/19/23 4:08,69.8
G,4/19/23 4:23,69.8
G,4/19/23 4:38,69.8
G,4/19/23 4:53,69.8
G,4/19/23 5:08,68.9
G,4/19/23 5:23,68.9
G,4/19/23 5:38,68.9
G,4/19/23 5:53,68.9
G,4/19/23 6:08,68.9
G,4/19/23 6:23,68.9
G,4/19/23 6:38,68.9
G,4/19/23 6:53,68.9
G,4/19/23 7:08,68.9
G,4/19/23 7:23,68.9
G,4/19/23 7:38,68.9
G,4/19/23 7:53,68.9
G,4/19/23 8:08,68
G,4/19/23 8:23,67.1
G,4/19/23 8:38,67.1
G,4/19/23 8:53,67.1
G,4/19/23 9:08,67.1
G,4/19/23 9:23,67.1
G,4/19/23 9:38,67.1
G,4/19/23 9:53,67.1
G,4/19/23 10:08,68
G,4/19/23 10:23,68
G,4/19/23 10:38,69.8
G,4/19/23 10:53,73.4
G,4/19/23 11:08,76.1
G,4/19/23 11:23,78.8
G,4/19/23 11:38,78.8
G,4/19/23 11:53,75.2
G,4/19/23 12:08,74.3
G,4/19/23 12:23,73.4
G,4/19/23 12:38,74.3
G,4/19/23 12:53,74.3
G,4/19/23 13:08,74.3
G,4/19/23 13:23,74.3
G,4/19/23 13:38,75.2
G,4/19/23 13:53,75.2
G,4/19/23 14:08,75.2
G,4/19/23 14:23,75.2
G,4/19/23 14:38,71.6
G,4/19/23 14:53,70.7
G,4/19/23 15:08,73.4
G,4/19/23 15:23,74.3
G,4/19/23 15:38,74.3
G,4/19/23 15:53,75.2
G,4/19/23 16:08,75.2
G,4/19/23 16:23,75.2
G,4/19/23 16:38,75.2
G,4/19/23 16:53,83.3
G,4/19/23 17:08,83.3
G,4/19/23 17:23,77.9
G,4/19/23 17:38,77
G,4/19/23 17:53,76.1
G,4/19/23 18:08,75.2
G,4/19/23 18:23,74.3
G,4/19/23 18:38,72.5
G,4/19/23 18:53,71.6
G,4/19/23 19:08,70.7
G,4/19/23 19:23,68.9
G,4/19/23 19:38,68
G,4/19/23 19:53,67.1
G,4/19/23 20:08,66.2
G,4/19/23 20:23,65.3
G,4/19/23 20:38,65.3
G,4/19/23 20:53,64.4
G,4/19/23 21:08,64.4
G,4/19/23 21:23,63.5
G,4/19/23 21:38,62.6
G,4/19/23 21:53,62.6
G,4/19/23 22:08,60.8
G,4/19/23 22:23,59.9
G,4/19/23 22:38,59.9
G,4/19/23 22:53,59
G,4/19/23 23:08,58.1
G,4/19/23 23:23,57.2
G,4/19/23 23:38,55.4
G,4/19/23 23:53,54.5
G,4/20/23 0:08,53.6
G,4/20/23 0:23,51.8
G,4/20/23 0:38,50.9
G,4/20/23 0:53,49.1
G,4/20/23 1:08,49.1
G,4/20/23 1:23,47.3
G,4/20/23 1:38,46.4
G,4/20/23 1:53,46.4
G,4/20/23 2:08,45.5
G,4/20/23 2:23,44.6
G,4/20/23 2:38,44.6
G,4/20/23 2:53,44.6
G,4/20/23 3:08,43.7
G,4/20/23 3:23,43.7
G,4/20/23 3:38,42.8
G,4/20/23 3:53,42.8
G,4/20/23 4:08,42.8
G,4/20/23 4:23,42.8
G,4/20/23 4:38,41.9
G,4/20/23 4:53,43.7
G,4/20/23 5:08,45.5
G,4/20/23 5:23,45.5
G,4/20/23 5:38,45.5
G,4/20/23 5:53,45.5
G,4/20/23 6:08,45.5
G,4/20/23 6:23,45.5
G,4/20/23 6:38,48.2
G,4/20/23 6:53,51.8
G,4/20/23 7:08,57.2
G,4/20/23 7:23,62.6
G,4/20/23 7:38,66.2
G,4/20/23 7:53,69.8
G,4/20/23 8:08,71.6
G,4/20/23 8:23,75.2
G,4/20/23 8:38,77
G,4/20/23 8:53,78.8
G,4/20/23 9:08,81.5
G,4/20/23 9:23,83.3
G,4/20/23 9:38,86
G,4/20/23 9:53,86.9
G,4/20/23 10:08,86.9
G,4/20/23 10:23,86.9
G,4/20/23 10:38,87.8
G,4/20/23 10:53,88.7
G,4/20/23 11:08,89.6
G,4/20/23 11:23,89.6
G,4/20/23 11:38,90.5
G,4/20/23 11:53,91.4
G,4/20/23 12:08,92.3
G,4/20/23 12:23,93.2
G,4/20/23 12:38,93.2
G,4/20/23 12:53,95
G,4/20/23 13:08,95.9
G,4/20/23 13:23,95
G,4/20/23 13:38,95.9
G,4/20/23 13:53,95
G,4/20/23 14:08,95.9
G,4/20/23 14:23,95.9
G,4/20/23 14:38,95
G,4/20/23 14:53,95
G,4/20/23 15:08,94.1
G,4/20/23 15:23,94.1
G,4/20/23 15:38,93.2
G,4/20/23 15:53,92.3
G,4/20/23 16:08,90.5
G,4/20/23 16:23,86.9
G,4/20/23 16:38,85.1
G,4/20/23 16:53,84.2
G,4/20/23 17:08,82.4
G,4/20/23 17:23,81.5
G,4/20/23 17:38,80.6
G,4/20/23 17:53,78.8
G,4/20/23 18:08,77.9
G,4/20/23 18:23,76.1
G,4/20/23 18:38,74.3
G,4/20/23 18:53,71.6
G,4/20/23 19:08,69.8
G,4/20/23 19:23,68
G,4/20/23 19:38,66.2
G,4/20/23 19:53,63.5
G,4/20/23 20:08,61.7
G,4/20/23 20:23,62.6
G,4/20/23 20:38,62.6
G,4/20/23 20:53,61.7
G,4/20/23 21:08,60.8
G,4/20/23 21:23,59
G,4/20/23 21:38,57.2
G,4/20/23 21:53,56.3
G,4/20/23 22:08,56.3
G,4/20/23 22:23,56.3
G,4/20/23 22:38,54.5
G,4/20/23 22:53,54.5
G,4/20/23 23:08,53.6
G,4/20/23 23:23,54.5
G,4/20/23 23:38,54.5
G,4/20/23 23:53,54.5
G,4/21/23 0:08,54.5
G,4/21/23 0:23,53.6
G,4/21/23 0:38,51.8
G,4/21/23 0:53,50.9
G,4/21/23 1:08,50
G,4/21/23 1:23,50
G,4/21/23 1:38,50.9
G,4/21/23 1:53,51.8
G,4/21/23 2:08,52.7
G,4/21/23 2:23,51.8
G,4/21/23 2:38,51.8
G,4/21/23 2:53,50
G,4/21/23 3:08,50
G,4/21/23 3:23,49.1
G,4/21/23 3:38,49.1
G,4/21/23 3:53,48.2
G,4/21/23 4:08,49.1
G,4/21/23 4:23,48.2
G,4/21/23 4:38,48.2
G,4/21/23 4:53,47.3
G,4/21/23 5:08,46.4
G,4/21/23 5:23,45.5
G,4/21/23 5:38,45.5
G,4/21/23 5:53,44.6
G,4/21/23 6:08,45.5
G,4/21/23 6:23,46.4
G,4/21/23 6:38,49.1
G,4/21/23 6:53,51.8
G,4/21/23 7:08,59
G,4/21/23 7:23,65.3
G,4/21/23 7:38,71.6
G,4/21/23 7:53,74.3
G,4/21/23 8:08,77
G,4/21/23 8:23,78.8
G,4/21/23 8:38,79.7
G,4/21/23 8:53,82.4
G,4/21/23 9:08,82.4
G,4/21/23 9:23,86
G,4/21/23 9:38,88.7
G,4/21/23 9:53,90.5
G,4/21/23 10:08,91.4
G,4/21/23 10:23,93.2
G,4/21/23 10:38,94.1
G,4/21/23 10:53,94.1
G,4/21/23 11:08,95.9
G,4/21/23 11:23,96.8
G,4/21/23 11:38,97.7
G,4/21/23 11:53,97.7
G,4/21/23 12:08,99.5
G,4/21/23 12:23,100.4
G,4/21/23 12:38,101.3
G,4/21/23 12:53,101.3
G,4/21/23 13:08,102.2
G,4/21/23 13:23,102.2
G,4/21/23 13:38,102.2
G,4/21/23 13:53,103.1
G,4/21/23 14:08,102.2
G,4/21/23 14:23,102.2
G,4/21/23 14:38,103.1
G,4/21/23 14:53,102.2
G,4/21/23 15:08,101.3
G,4/21/23 15:23,101.3
G,4/21/23 15:38,100.4
G,4/21/23 15:53,98.6
G,4/21/23 16:08,96.8
G,4/21/23 16:23,94.1
G,4/21/23 16:38,91.4
G,4/21/23 16:53,90.5
G,4/21/23 17:08,88.7
G,4/21/23 17:23,87.8
G,4/21/23 17:38,86
G,4/21/23 17:53,84.2
G,4/21/23 18:08,82.4
G,4/21/23 18:23,81.5
G,4/21/23 18:38,79.7
G,4/21/23 18:53,77
G,4/21/23 19:08,74.3
G,4/21/23 19:23,72.5
G,4/21/23 19:38,70.7
G,4/21/23 19:53,69.8
G,4/21/23 20:08,69.8
G,4/21/23 20:23,68.9
G,4/21/23 20:38,68
G,4/21/23 20:53,66.2
G,4/21/23 21:08,64.4
G,4/21/23 21:23,63.5
G,4/21/23 21:38,63.5
G,4/21/23 21:53,62.6
G,4/21/23 22:08,61.7
G,4/21/23 22:23,60.8
G,4/21/23 22:38,60.8
G,4/21/23 22:53,59.9
G,4/21/23 23:08,59
G,4/21/23 23:23,58.1
G,4/21/23 23:38,57.2
G,4/21/23 23:53,57.2
G,4/22/23 0:08,56.3
G,4/22/23 0:23,55.4
G,4/22/23 0:38,54.5
G,4/22/23 0:53,56.3
G,4/22/23 1:08,56.3
G,4/22/23 1:23,56.3
G,4/22/23 1:38,55.4
G,4/22/23 1:53,55.4
G,4/22/23 2:08,54.5
G,4/22/23 2:23,54.5
G,4/22/23 2:38,54.5
G,4/22/23 2:53,53.6
G,4/22/23 3:08,52.7
G,4/22/23 3:23,52.7
G,4/22/23 3:38,52.7
G,4/22/23 3:53,52.7
G,4/22/23 4:08,52.7
G,4/22/23 4:23,51.8
G,4/22/23 4:38,50.9
G,4/22/23 4:53,51.8
G,4/22/23 5:08,50.9
G,4/22/23 5:23,50
G,4/22/23 5:38,50
G,4/22/23 5:53,50
G,4/22/23 6:08,50
G,4/22/23 6:23,50.9
G,4/22/23 6:38,53.6
G,4/22/23 6:53,56.3
G,4/22/23 7:08,63.5
G,4/22/23 7:23,70.7
G,4/22/23 7:38,75.2
G,4/22/23 7:53,78.8
G,4/22/23 8:08,80.6
G,4/22/23 8:23,82.4
G,4/22/23 8:38,82.4
G,4/22/23 8:53,84.2
G,4/22/23 9:08,87.8
G,4/22/23 9:23,89.6
G,4/22/23 9:38,92.3
G,4/22/23 9:53,94.1
G,4/22/23 10:08,95.9
G,4/22/23 10:23,95.9
G,4/22/23 10:38,96.8
G,4/22/23 10:53,97.7
G,4/22/23 11:08,98.6
G,4/22/23 11:23,99.5
G,4/22/23 11:38,99.5
G,4/22/23 11:53,100.4
G,4/22/23 12:08,102.2
G,4/22/23 12:23,102.2
G,4/22/23 12:38,102.2
G,4/22/23 12:53,103.1
G,4/22/23 13:08,104
G,4/22/23 13:23,104.9
G,4/22/23 13:38,104.9
G,4/22/23 13:53,104
G,4/22/23 14:08,104.9
G,4/22/23 14:23,104
G,4/22/23 14:38,104
G,4/22/23 14:53,103.1
G,4/22/23 15:08,103.1
G,4/22/23 15:23,102.2
G,4/22/23 15:38,101.3
G,4/22/23 15:53,100.4
G,4/22/23 16:08,98.6
G,4/22/23 16:23,95
G,4/22/23 16:38,93.2
G,4/22/23 16:53,91.4
G,4/22/23 17:08,90.5
G,4/22/23 17:23,89.6
G,4/22/23 17:38,88.7
G,4/22/23 17:53,86.9
G,4/22/23 18:08,85.1
G,4/22/23 18:23,84.2
G,4/22/23 18:38,82.4
G,4/22/23 18:53,79.7
G,4/22/23 19:08,77
G,4/22/23 19:23,73.4
G,4/22/23 19:38,71.6
G,4/22/23 19:53,69.8
G,4/22/23 20:08,68.9
G,4/22/23 20:23,67.1
G,4/22/23 20:38,67.1
G,4/22/23 20:53,67.1
G,4/22/23 21:08,68
G,4/22/23 21:23,67.1
G,4/22/23 21:38,65.3
G,4/22/23 21:53,64.4
G,4/22/23 22:08,63.5
G,4/22/23 22:23,63.5
G,4/22/23 22:38,62.6
G,4/22/23 22:53,61.7
G,4/22/23 23:08,60.8
G,4/22/23 23:23,61.7
G,4/22/23 23:38,62.6
G,4/22/23 23:53,62.6
G,4/23/23 0:08,61.7
G,4/23/23 0:23,60.8
G,4/23/23 0:38,60.8
G,4/23/23 0:53,59.9
G,4/23/23 1:08,59.9
G,4/23/23 1:23,59.9
G,4/23/23 1:38,59.9
G,4/23/23 1:53,60.8
G,4/23/23 2:08,59.9
G,4/23/23 2:23,59
G,4/23/23 2:38,58.1
G,4/23/23 2:53,57.2
G,4/23/23 3:08,57.2
G,4/23/23 3:23,56.3
G,4/23/23 3:38,55.4
G,4/23/23 3:53,54.5
G,4/23/23 4:08,54.5
G,4/23/23 4:23,54.5
G,4/23/23 4:38,54.5
G,4/23/23 4:53,55.4
G,4/23/23 5:08,56.3
G,4/23/23 5:23,57.2
G,4/23/23 5:38,56.3
G,4/23/23 5:53,55.4
G,4/23/23 6:08,53.6
G,4/23/23 6:23,52.7
G,4/23/23 6:38,54.5
G,4/23/23 6:53,58.1
G,4/23/23 7:08,65.3
G,4/23/23 7:23,72.5
G,4/23/23 7:38,76.1
G,4/23/23 7:53,76.1
G,4/23/23 8:08,77.9
G,4/23/23 8:23,81.5
G,4/23/23 8:38,85.1
G,4/23/23 8:53,87.8
G,4/23/23 9:08,89.6
G,4/23/23 9:23,91.4
G,4/23/23 9:38,93.2
G,4/23/23 9:53,95
G,4/23/23 10:08,96.8
G,4/23/23 10:23,97.7
G,4/23/23 10:38,100.4
G,4/23/23 10:53,100.4
G,4/23/23 11:08,102.2
G,4/23/23 11:23,103.1
G,4/23/23 11:38,104.9
G,4/23/23 11:53,104.9
G,4/23/23 12:08,105.8
G,4/23/23 12:23,106.7
G,4/23/23 12:38,106.7
G,4/23/23 12:53,105.8
G,4/23/23 13:08,104
G,4/23/23 13:23,101.3
G,4/23/23 13:38,104.9
G,4/23/23 13:53,106.7
G,4/23/23 14:08,107.6
G,4/23/23 14:23,106.7
G,4/23/23 14:38,106.7
G,4/23/23 14:53,105.8
G,4/23/23 15:08,104
G,4/23/23 15:23,104.9
G,4/23/23 15:38,104.9
G,4/23/23 15:53,102.2
G,4/23/23 16:08,102.2
G,4/23/23 16:23,99.5
G,4/23/23 16:38,97.7
G,4/23/23 16:53,95.9
G,4/23/23 17:08,94.1
G,4/23/23 17:23,93.2
G,4/23/23 17:38,92.3
G,4/23/23 17:53,90.5
G,4/23/23 18:08,88.7
G,4/23/23 18:23,86.9
G,4/23/23 18:38,85.1
G,4/23/23 18:53,83.3
G,4/23/23 19:08,81.5
G,4/23/23 19:23,78.8
G,4/23/23 19:38,76.1
G,4/23/23 19:53,72.5
G,4/23/23 20:08,70.7
G,4/23/23 20:23,69.8
G,4/23/23 20:38,70.7
G,4/23/23 20:53,71.6
G,4/23/23 21:08,72.5
G,4/23/23 21:23,71.6
G,4/23/23 21:38,71.6
G,4/23/23 21:53,70.7
G,4/23/23 22:08,67.1
G,4/23/23 22:23,66.2
G,4/23/23 22:38,66.2
G,4/23/23 22:53,65.3
G,4/23/23 23:08,63.5
G,4/23/23 23:23,63.5
G,4/23/23 23:38,61.7
G,4/23/23 23:53,61.7
G,4/24/23 0:08,62.6
G,4/24/23 0:23,60.8
G,4/24/23 0:38,60.8
G,4/24/23 0:53,59
G,4/24/23 1:08,59.9
G,4/24/23 1:23,60.8
G,4/24/23 1:38,60.8
G,4/24/23 1:53,59.9
G,4/24/23 2:08,59
G,4/24/23 2:23,59.9
G,4/24/23 2:38,59.9
G,4/24/23 2:53,59.9
G,4/24/23 3:08,59.9
G,4/24/23 3:23,59
G,4/24/23 3:38,57.2
G,4/24/23 3:53,56.3
G,4/24/23 4:08,55.4
G,4/24/23 4:23,54.5
G,4/24/23 4:38,54.5
G,4/24/23 4:53,54.5
G,4/24/23 5:08,52.7
G,4/24/23 5:23,50.9
G,4/24/23 5:38,50.9
G,4/24/23 5:53,50
G,4/24/23 6:08,51.8
G,4/24/23 6:23,54.5
G,4/24/23 6:38,57.2
G,4/24/23 6:53,59.9
G,4/24/23 7:08,68
G,4/24/23 7:23,74.3
G,4/24/23 7:38,77.9
G,4/24/23 7:53,80.6
G,4/24/23 8:08,84.2
G,4/24/23 8:23,86
G,4/24/23 8:38,86
G,4/24/23 8:53,87.8
G,4/24/23 9:08,89.6
G,4/24/23 9:23,90.5
G,4/24/23 9:38,92.3
G,4/24/23 9:53,95
G,4/24/23 10:08,95.9
G,4/24/23 10:23,97.7
G,4/24/23 10:38,98.6
G,4/24/23 10:53,100.4
G,4/24/23 11:08,99.5
G,4/24/23 11:23,101.3
G,4/24/23 11:38,100.4
G,4/24/23 11:53,104
G,4/24/23 12:08,104
G,4/24/23 12:23,103.1
G,4/24/23 12:38,103.1
G,4/24/23 12:53,104.9
G,4/24/23 13:08,105.8
G,4/24/23 13:23,105.8
G,4/24/23 13:38,105.8
G,4/24/23 13:53,104.9
G,4/24/23 14:08,105.8
G,4/24/23 14:23,104.9
G,4/24/23 14:38,104.9
G,4/24/23 14:53,104
G,4/24/23 15:08,104
G,4/24/23 15:23,104
G,4/24/23 15:38,103.1
G,4/24/23 15:53,102.2
G,4/24/23 16:08,100.4
G,4/24/23 16:23,97.7
G,4/24/23 16:38,95
G,4/24/23 16:53,94.1
G,4/24/23 17:08,93.2
G,4/24/23 17:23,91.4
G,4/24/23 17:38,90.5
G,4/24/23 17:53,88.7
G,4/24/23 18:08,86.9
G,4/24/23 18:23,86
G,4/24/23 18:38,84.2
G,4/24/23 18:53,81.5
G,4/24/23 19:08,80.6
G,4/24/23 19:23,78.8
G,4/24/23 19:38,77.9
G,4/24/23 19:53,77
G,4/24/23 20:08,75.2
G,4/24/23 20:23,75.2
G,4/24/23 20:38,75.2
G,4/24/23 20:53,74.3
G,4/24/23 21:08,73.4
G,4/24/23 21:23,71.6
G,4/24/23 21:38,69.8
G,4/24/23 21:53,68
G,4/24/23 22:08,68
G,4/24/23 22:23,68
G,4/24/23 22:38,67.1
G,4/24/23 22:53,65.3
G,4/24/23 23:08,63.5
G,4/24/23 23:23,61.7
G,4/24/23 23:38,61.7
G,4/24/23 23:53,61.7
G,4/25/23 0:08,61.7
G,4/25/23 0:23,60.8
G,4/25/23 0:38,59.9
G,4/25/23 0:53,59
G,4/25/23 1:08,58.1
G,4/25/23 1:23,57.2
G,4/25/23 1:38,59
G,4/25/23 1:53,59
G,4/25/23 2:08,59.9
G,4/25/23 2:23,61.7
G,4/25/23 2:38,63.5
G,4/25/23 2:53,64.4
G,4/25/23 3:08,65.3
G,4/25/23 3:23,64.4
G,4/25/23 3:38,64.4
G,4/25/23 3:53,63.5
G,4/25/23 4:08,63.5
G,4/25/23 4:23,63.5
G,4/25/23 4:38,63.5
G,4/25/23 4:53,62.6
G,4/25/23 5:08,62.6
G,4/25/23 5:23,61.7
G,4/25/23 5:38,60.8
G,4/25/23 5:53,59
G,4/25/23 6:08,58.1
G,4/25/23 6:23,59
G,4/25/23 6:38,60.8
G,4/25/23 6:53,62.6
G,4/25/23 7:08,69.8
G,4/25/23 7:23,77
G,4/25/23 7:38,81.5
G,4/25/23 7:53,83.3
G,4/25/23 8:08,84.2
G,4/25/23 8:23,85.1
G,4/25/23 8:38,86.9
G,4/25/23 8:53,87.8
G,4/25/23 9:08,89.6
G,4/25/23 9:23,90.5
G,4/25/23 9:38,94.1
G,4/25/23 9:53,95
G,4/25/23 10:08,96.8
G,4/25/23 10:23,96.8
G,4/25/23 10:38,97.7
G,4/25/23 10:53,99.5
G,4/25/23 11:08,99.5
G,4/25/23 11:23,99.5
G,4/25/23 11:38,100.4
G,4/25/23 11:53,101.3
G,4/25/23 12:08,102.2
G,4/25/23 12:23,102.2
G,4/25/23 12:38,104
G,4/25/23 12:53,104
G,4/25/23 13:08,104.9
G,4/25/23 13:23,104.9
G,4/25/23 13:38,104
G,4/25/23 13:53,104
G,4/25/23 14:08,104
G,4/25/23 14:23,103.1
G,4/25/23 14:38,103.1
G,4/25/23 14:53,103.1
G,4/25/23 15:08,103.1
G,4/25/23 15:23,102.2
G,4/25/23 15:38,101.3
G,4/25/23 15:53,99.5
G,4/25/23 16:08,97.7
G,4/25/23 16:23,95
G,4/25/23 16:38,93.2
G,4/25/23 16:53,92.3
G,4/25/23 17:08,91.4
G,4/25/23 17:23,89.6
G,4/25/23 17:38,88.7
G,4/25/23 17:53,87.8
G,4/25/23 18:08,86
G,4/25/23 18:23,85.1
G,4/25/23 18:38,83.3
G,4/25/23 18:53,81.5
G,4/25/23 19:08,79.7
G,4/25/23 19:23,77.9
G,4/25/23 19:38,76.1
G,4/25/23 19:53,75.2
G,4/25/23 20:08,74.3
G,4/25/23 20:23,74.3
G,4/25/23 20:38,74.3
G,4/25/23 20:53,74.3
G,4/25/23 21:08,73.4
G,4/25/23 21:23,72.5
G,4/25/23 21:38,72.5
G,4/25/23 21:53,71.6
G,4/25/23 22:08,69.8
G,4/25/23 22:23,69.8
G,4/25/23 22:38,68
G,4/25/23 22:53,65.3
G,4/25/23 23:08,63.5
G,4/25/23 23:23,62.6
G,4/25/23 23:38,60.8
G,4/25/23 23:53,60.8
G,4/26/23 0:08,61.7
G,4/26/23 0:23,63.5
G,4/26/23 0:38,63.5
G,4/26/23 0:53,61.7
G,4/26/23 1:08,59.9
G,4/26/23 1:23,59
G,4/26/23 1:38,59
G,4/26/23 1:53,57.2
G,4/26/23 2:08,56.3
G,4/26/23 2:23,55.4
G,4/26/23 2:38,55.4
G,4/26/23 2:53,54.5
G,4/26/23 3:08,54.5
G,4/26/23 3:23,54.5
G,4/26/23 3:38,52.7
G,4/26/23 3:53,52.7
G,4/26/23 4:08,52.7
G,4/26/23 4:23,52.7
G,4/26/23 4:38,53.6
G,4/26/23 4:53,53.6
G,4/26/23 5:08,52.7
G,4/26/23 5:23,53.6
G,4/26/23 5:38,52.7
G,4/26/23 5:53,52.7
G,4/26/23 6:08,53.6
G,4/26/23 6:23,54.5
G,4/26/23 6:38,55.4
G,4/26/23 6:53,57.2
G,4/26/23 7:08,64.4
G,4/26/23 7:23,70.7
G,4/26/23 7:38,75.2
G,4/26/23 7:53,79.7
G,4/26/23 8:08,81.5
G,4/26/23 8:23,84.2
G,4/26/23 8:38,86
G,4/26/23 8:53,86.9
G,4/26/23 9:08,87.8
G,4/26/23 9:23,91.4
G,4/26/23 9:38,92.3
G,4/26/23 9:53,93.2
G,4/26/23 10:08,94.1
G,4/26/23 10:23,95
G,4/26/23 10:38,97.7
G,4/26/23 10:53,97.7
G,4/26/23 11:08,99.5
G,4/26/23 11:23,97.7
G,4/26/23 11:38,99.5
G,4/26/23 11:53,100.4
G,4/26/23 12:08,101.3
G,4/26/23 12:23,100.4
G,4/26/23 12:38,99.5
G,4/26/23 12:53,101.3
G,4/26/23 13:08,101.3
G,4/26/23 13:23,102.2
G,4/26/23 13:38,102.2
G,4/26/23 13:53,102.2
G,4/26/23 14:08,101.3
G,4/26/23 14:23,101.3
G,4/26/23 14:38,101.3
G,4/26/23 14:53,101.3
G,4/26/23 15:08,100.4
G,4/26/23 15:23,101.3
G,4/26/23 15:38,99.5
G,4/26/23 15:53,99.5
G,4/26/23 16:08,95.9
G,4/26/23 16:23,94.1
G,4/26/23 16:38,91.4
G,4/26/23 16:53,89.6
G,4/26/23 17:08,88.7
G,4/26/23 17:23,86.9
G,4/26/23 17:38,87.8
G,4/26/23 17:53,87.8
G,4/26/23 18:08,85.1
G,4/26/23 18:23,83.3
G,4/26/23 18:38,80.6
G,4/26/23 18:53,77.9
G,4/26/23 19:08,76.1
G,4/26/23 19:23,73.4
G,4/26/23 19:38,71.6
G,4/26/23 19:53,68.9
G,4/26/23 20:08,67.1
G,4/26/23 20:23,66.2
G,4/26/23 20:38,65.3
G,4/26/23 20:53,65.3
G,4/26/23 21:08,64.4
G,4/26/23 21:23,62.6
G,4/26/23 21:38,61.7
G,4/26/23 21:53,61.7
G,4/26/23 22:08,60.8
G,4/26/23 22:23,60.8
G,4/26/23 22:38,60.8
G,4/26/23 22:53,59.9
G,4/26/23 23:08,59.9
G,4/26/23 23:23,58.1
G,4/26/23 23:38,58.1
G,4/26/23 23:53,58.1
G,4/27/23 0:08,57.2
G,4/27/23 0:23,56.3
G,4/27/23 0:38,56.3
G,4/27/23 0:53,55.4
G,4/27/23 1:08,56.3
G,4/27/23 1:23,56.3
G,4/27/23 1:38,55.4
G,4/27/23 1:53,55.4
G,4/27/23 2:08,55.4
G,4/27/23 2:23,55.4
G,4/27/23 2:38,55.4
G,4/27/23 2:53,54.5
G,4/27/23 3:08,53.6
G,4/27/23 3:23,53.6
G,4/27/23 3:38,51.8
G,4/27/23 3:53,52.7
G,4/27/23 4:08,52.7
G,4/27/23 4:23,51.8
G,4/27/23 4:38,51.8
G,4/27/23 4:53,51.8
G,4/27/23 5:08,50.9
G,4/27/23 5:23,50
G,4/27/23 5:38,49.1
G,4/27/23 5:53,50
G,4/27/23 6:08,50
G,4/27/23 6:23,50.9
G,4/27/23 6:38,52.7
G,4/27/23 6:53,54.5
G,4/27/23 7:08,59
G,4/27/23 7:23,67.1
G,4/27/23 7:38,73.4
G,4/27/23 7:53,77.9
G,4/27/23 8:08,80.6
G,4/27/23 8:23,84.2
G,4/27/23 8:38,86.9
G,4/27/23 8:53,88.7
G,4/27/23 9:08,91.4
G,4/27/23 9:23,93.2
G,4/27/23 9:38,95.9
G,4/27/23 9:53,97.7
G,4/27/23 10:08,99.5
G,4/27/23 10:23,101.3
G,4/27/23 10:38,103.1
G,4/27/23 10:53,104.9
G,4/27/23 11:08,106.7
G,4/27/23 11:23,107.6
G,4/27/23 11:38,108.5
G,4/27/23 11:53,109.4
G,4/27/23 12:08,110.3
G,4/27/23 12:23,111.2
G,4/27/23 12:38,111.2
G,4/27/23 12:53,111.2
G,4/27/23 13:08,111.2
G,4/27/23 13:23,112.1
G,4/27/23 13:38,112.1
G,4/27/23 13:53,112.1
G,4/27/23 14:08,111.2
G,4/27/23 14:23,111.2
G,4/27/23 14:38,111.2
G,4/27/23 14:53,110.3
G,4/27/23 15:08,109.4
G,4/27/23 15:23,108.5
G,4/27/23 15:38,107.6
G,4/27/23 15:53,105.8
G,4/27/23 16:08,104
G,4/27/23 16:23,103.1
G,4/27/23 16:38,102.2
G,4/27/23 16:53,100.4
G,4/27/23 17:08,98.6
G,4/27/23 17:23,96.8
G,4/27/23 17:38,95
G,4/27/23 17:53,92.3
G,4/27/23 18:08,88.7
G,4/27/23 18:23,86
G,4/27/23 18:38,84.2
G,4/27/23 18:53,81.5
G,4/27/23 19:08,78.8
G,4/27/23 19:23,76.1
G,4/27/23 19:38,74.3
G,4/27/23 19:53,72.5
G,4/27/23 20:08,70.7
G,4/27/23 20:23,68.9
G,4/27/23 20:38,68
G,4/27/23 20:53,68
G,4/27/23 21:08,67.1
G,4/27/23 21:23,66.2
G,4/27/23 21:38,65.3
G,4/27/23 21:53,65.3
G,4/27/23 22:08,64.4
G,4/27/23 22:23,63.5
G,4/27/23 22:38,62.6
G,4/27/23 22:53,61.7
G,4/27/23 23:08,60.8
G,4/27/23 23:23,59.9
G,4/27/23 23:38,59
G,4/27/23 23:53,59
G,4/28/23 0:08,58.1
G,4/28/23 0:23,57.2
G,4/28/23 0:38,57.2
G,4/28/23 0:53,57.2
G,4/28/23 1:08,57.2
G,4/28/23 1:23,57.2
G,4/28/23 1:38,56.3
G,4/28/23 1:53,56.3
G,4/28/23 2:08,56.3
G,4/28/23 2:23,56.3
G,4/28/23 2:38,56.3
G,4/28/23 2:53,55.4
G,4/28/23 3:08,55.4
G,4/28/23 3:23,53.6
G,4/28/23 3:38,53.6
G,4/28/23 3:53,53.6
G,4/28/23 4:08,53.6
G,4/28/23 4:23,53.6
G,4/28/23 4:38,52.7
G,4/28/23 4:53,52.7
G,4/28/23 5:08,52.7
G,4/28/23 5:23,52.7
G,4/28/23 5:38,51.8
G,4/28/23 5:53,50.9
G,4/28/23 6:08,50.9
G,4/28/23 6:23,53.6
G,4/28/23 6:38,55.4
G,4/28/23 6:53,58.1
G,4/28/23 7:08,61.7
G,4/28/23 7:23,68
G,4/28/23 7:38,75.2
G,4/28/23 7:53,80.6
G,4/28/23 8:08,85.1
G,4/28/23 8:23,87.8
G,4/28/23 8:38,91.4
G,4/28/23 8:53,94.1
G,4/28/23 9:08,96.8
G,4/28/23 9:23,98.6
G,4/28/23 9:38,100.4
G,4/28/23 9:53,102.2
G,4/28/23 10:08,104
G,4/28/23 10:23,105.8
G,4/28/23 10:38,106.7
G,4/28/23 10:53,105.8
G,4/28/23 11:08,104
G,4/28/23 11:23,104
G,4/28/23 11:38,104
G,4/28/23 11:53,105.8
G,4/28/23 12:08,105.8
G,4/28/23 12:23,106.7
G,4/28/23 12:38,108.5
G,4/28/23 12:53,109.4
G,4/28/23 13:08,110.3
G,4/28/23 13:23,110.3
G,4/28/23 13:38,110.3
G,4/28/23 13:53,110.3
G,4/28/23 14:08,111.2
G,4/28/23 14:23,110.3
G,4/28/23 14:38,110.3
G,4/28/23 14:53,110.3
G,4/28/23 15:08,110.3
G,4/28/23 15:23,110.3
G,4/28/23 15:38,108.5
G,4/28/23 15:53,107.6
G,4/28/23 16:08,104.9
G,4/28/23 16:23,101.3
G,4/28/23 16:38,98.6
G,4/28/23 16:53,95.9
G,4/28/23 17:08,95.9
G,4/28/23 17:23,99.5
G,4/28/23 17:38,99.5
G,4/28/23 17:53,98.6
G,4/28/23 18:08,95.9
G,4/28/23 18:23,94.1
G,4/28/23 18:38,92.3
G,4/28/23 18:53,90.5
G,4/28/23 19:08,88.7
G,4/28/23 19:23,86.9
G,4/28/23 19:38,85.1
G,4/28/23 19:53,83.3
G,4/28/23 20:08,81.5
G,4/28/23 20:23,80.6
G,4/28/23 20:38,78.8
G,4/28/23 20:53,77
G,4/28/23 21:08,76.1
G,4/28/23 21:23,76.1
G,4/28/23 21:38,76.1
G,4/28/23 21:53,75.2
G,4/28/23 22:08,75.2
G,4/28/23 22:23,74.3
G,4/28/23 22:38,73.4
G,4/28/23 22:53,72.5
G,4/28/23 23:08,71.6
G,4/28/23 23:23,72.5
G,4/28/23 23:38,73.4
G,4/28/23 23:53,73.4
G,4/29/23 0:08,73.4
G,4/29/23 0:23,73.4
G,4/29/23 0:38,73.4
G,4/29/23 0:53,73.4
G,4/29/23 1:08,73.4
G,4/29/23 1:23,72.5
G,4/29/23 1:38,71.6
G,4/29/23 1:53,70.7
G,4/29/23 2:08,69.8
G,4/29/23 2:23,68.9
G,4/29/23 2:38,68.9
G,4/29/23 2:53,68.9
G,4/29/23 3:08,68
G,4/29/23 3:23,68
G,4/29/23 3:38,68
G,4/29/23 3:53,68
G,4/29/23 4:08,68
G,4/29/23 4:23,67.1
G,4/29/23 4:38,66.2
G,4/29/23 4:53,64.4
G,4/29/23 5:08,63.5
G,4/29/23 5:23,62.6
G,4/29/23 5:38,61.7
G,4/29/23 5:53,61.7
G,4/29/23 6:08,60.8
G,4/29/23 6:23,60.8
G,4/29/23 6:38,61.7
G,4/29/23 6:53,62.6
G,4/29/23 7:08,65.3
G,4/29/23 7:23,68.9
G,4/29/23 7:38,74.3
G,4/29/23 7:53,77.9
G,4/29/23 8:08,80.6
G,4/29/23 8:23,83.3
G,4/29/23 8:38,85.1
G,4/29/23 8:53,86.9
G,4/29/23 9:08,88.7
G,4/29/23 9:23,90.5
G,4/29/23 9:38,92.3
G,4/29/23 9:53,93.2
G,4/29/23 10:08,94.1
G,4/29/23 10:23,95.9
G,4/29/23 10:38,96.8
G,4/29/23 10:53,98.6
G,4/29/23 11:08,99.5
G,4/29/23 11:23,101.3
G,4/29/23 11:38,102.2
G,4/29/23 11:53,104
G,4/29/23 12:08,104
G,4/29/23 12:23,105.8
G,4/29/23 12:38,105.8
G,4/29/23 12:53,106.7
G,4/29/23 13:08,107.6
G,4/29/23 13:23,108.5
G,4/29/23 13:38,109.4
G,4/29/23 13:53,110.3
G,4/29/23 14:08,111.2
G,4/29/23 14:23,111.2
G,4/29/23 14:38,111.2
G,4/29/23 14:53,112.1
G,4/29/23 15:08,112.1
G,4/29/23 15:23,113
G,4/29/23 15:38,113
G,4/29/23 15:53,113.9
G,4/29/23 16:08,112.1
G,4/29/23 16:23,111.2
G,4/29/23 16:38,109.4
G,4/29/23 16:53,107.6
G,4/29/23 17:08,106.7
G,4/29/23 17:23,104.9
G,4/29/23 17:38,103.1
G,4/29/23 17:53,100.4
G,4/29/23 18:08,98.6
G,4/29/23 18:23,95.9
G,4/29/23 18:38,94.1
G,4/29/23 18:53,92.3
G,4/29/23 19:08,89.6
G,4/29/23 19:23,88.7
G,4/29/23 19:38,86.9
G,4/29/23 19:53,85.1
G,4/29/23 20:08,83.3
G,4/29/23 20:23,81.5
G,4/29/23 20:38,80.6
G,4/29/23 20:53,79.7
G,4/29/23 21:08,78.8
G,4/29/23 21:23,78.8
G,4/29/23 21:38,77.9
G,4/29/23 21:53,77.9
G,4/29/23 22:08,77
G,4/29/23 22:23,76.1
G,4/29/23 22:38,75.2
G,4/29/23 22:53,74.3
G,4/29/23 23:08,73.4
G,4/29/23 23:23,73.4
G,4/29/23 23:38,72.5
G,4/29/23 23:53,72.5
G,4/30/23 0:08,71.6
G,4/30/23 0:23,69.8
G,4/30/23 0:38,69.8
G,4/30/23 0:53,69.8
G,4/30/23 1:08,69.8
G,4/30/23 1:23,68.9
G,4/30/23 1:38,68
G,4/30/23 1:53,68
G,4/30/23 2:08,68
G,4/30/23 2:23,68
G,4/30/23 2:38,67.1
G,4/30/23 2:53,66.2
G,4/30/23 3:08,66.2
G,4/30/23 3:23,66.2
G,4/30/23 3:38,66.2
G,4/30/23 3:53,65.3
G,4/30/23 4:08,65.3
G,4/30/23 4:23,64.4
G,4/30/23 4:38,63.5
G,4/30/23 4:53,63.5
G,4/30/23 5:08,62.6
G,4/30/23 5:23,62.6
G,4/30/23 5:38,62.6
G,4/30/23 5:53,62.6
G,4/30/23 6:08,62.6
G,4/30/23 6:23,63.5
G,4/30/23 6:38,64.4
G,4/30/23 6:53,64.4
G,4/30/23 7:08,66.2
G,4/30/23 7:23,68.9
G,4/30/23 7:38,73.4
G,4/30/23 7:53,76.1
G,4/30/23 8:08,77.9
G,4/30/23 8:23,80.6
G,4/30/23 8:38,82.4
G,4/30/23 8:53,85.1
G,4/30/23 9:08,87.8
G,4/30/23 9:23,89.6
G,4/30/23 9:38,91.4
G,4/30/23 9:53,93.2
G,4/30/23 10:08,94.1
G,4/30/23 10:23,96.8
G,4/30/23 10:38,98.6
G,4/30/23 10:53,100.4
G,4/30/23 11:08,101.3
G,4/30/23 11:23,103.1
G,4/30/23 11:38,104
G,4/30/23 11:53,104.9
G,4/30/23 12:08,106.7
G,4/30/23 12:23,107.6
G,4/30/23 12:38,106.7
G,4/30/23 12:53,107.6
G,4/30/23 13:08,109.4
G,4/30/23 13:23,109.4
G,4/30/23 13:38,110.3
G,4/30/23 13:53,111.2
G,4/30/23 14:08,112.1
G,4/30/23 14:23,113
G,4/30/23 14:38,113
G,4/30/23 14:53,113.9
G,4/30/23 15:08,114.8
G,4/30/23 15:23,114.8
G,4/30/23 15:38,114.8
G,4/30/23 15:53,114.8
G,4/30/23 16:08,113
G,4/30/23 16:23,110.3
G,4/30/23 16:38,109.4
G,4/30/23 16:53,107.6
G,4/30/23 17:08,104
G,4/30/23 17:23,102.2
G,4/30/23 17:38,102.2
G,4/30/23 17:53,102.2
G,4/30/23 18:08,99.5
G,4/30/23 18:23,97.7
G,4/30/23 18:38,96.8
G,4/30/23 18:53,95
G,4/30/23 19:08,92.3
G,4/30/23 19:23,90.5
G,4/30/23 19:38,88.7
G,4/30/23 19:53,87.8
G,4/30/23 20:08,87.8
G,4/30/23 20:23,86.9
G,4/30/23 20:38,86.9
G,4/30/23 20:53,86
G,4/30/23 21:08,85.1
G,4/30/23 21:23,84.2
G,4/30/23 21:38,82.4
G,4/30/23 21:53,81.5
G,4/30/23 22:08,80.6
G,4/30/23 22:23,79.7
G,4/30/23 22:38,77.9
G,4/30/23 22:53,77
G,4/30/23 23:08,76.1
G,4/30/23 23:23,75.2
G,4/30/23 23:38,74.3
G,4/30/23 23:53,73.4
GC-1,4/19/23 0:08,73.4
GC-1,4/19/23 0:23,73.4
GC-1,4/19/23 0:38,72.5
GC-1,4/19/23 0:53,72.5
GC-1,4/19/23 1:08,71.6
GC-1,4/19/23 1:23,71.6
GC-1,4/19/23 1:38,71.6
GC-1,4/19/23 1:53,71.6
GC-1,4/19/23 2:08,70.7
GC-1,4/19/23 2:23,70.7
GC-1,4/19/23 2:38,70.7
GC-1,4/19/23 2:53,70.7
GC-1,4/19/23 3:08,69.8
GC-1,4/19/23 3:23,69.8
GC-1,4/19/23 3:38,69.8
GC-1,4/19/23 3:53,69.8
GC-1,4/19/23 4:08,69.8
GC-1,4/19/23 4:23,69.8
GC-1,4/19/23 4:38,68.9
GC-1,4/19/23 4:53,68.9
GC-1,4/19/23 5:08,68.9
GC-1,4/19/23 5:23,68.9
GC-1,4/19/23 5:38,68.9
GC-1,4/19/23 5:53,68.9
GC-1,4/19/23 6:08,68.9
GC-1,4/19/23 6:23,68.9
GC-1,4/19/23 6:38,68.9
GC-1,4/19/23 6:53,68
GC-1,4/19/23 7:08,68
GC-1,4/19/23 7:23,68
GC-1,4/19/23 7:38,68
GC-1,4/19/23 7:53,68
GC-1,4/19/23 8:08,68
GC-1,4/19/23 8:23,67.1
GC-1,4/19/23 8:38,67.1
GC-1,4/19/23 8:53,67.1
GC-1,4/19/23 9:08,67.1
GC-1,4/19/23 9:23,67.1
GC-1,4/19/23 9:38,67.1
GC-1,4/19/23 9:53,67.1
GC-1,4/19/23 10:08,67.1
GC-1,4/19/23 10:23,68
GC-1,4/19/23 10:38,68.9
GC-1,4/19/23 10:53,71.6
GC-1,4/19/23 11:08,74.3
GC-1,4/19/23 11:23,77
GC-1,4/19/23 11:38,77
GC-1,4/19/23 11:53,75.2
GC-1,4/19/23 12:08,74.3
GC-1,4/19/23 12:23,73.4
GC-1,4/19/23 12:38,73.4
GC-1,4/19/23 12:53,73.4
GC-1,4/19/23 13:08,74.3
GC-1,4/19/23 13:23,74.3
GC-1,4/19/23 13:38,75.2
GC-1,4/19/23 13:53,74.3
GC-1,4/19/23 14:08,75.2
GC-1,4/19/23 14:23,75.2
GC-1,4/19/23 14:38,70.7
GC-1,4/19/23 14:53,69.8
GC-1,4/19/23 15:08,73.4
GC-1,4/19/23 15:23,74.3
GC-1,4/19/23 15:38,74.3
GC-1,4/19/23 15:53,74.3
GC-1,4/19/23 16:08,75.2
GC-1,4/19/23 16:23,75.2
GC-1,4/19/23 16:38,75.2
GC-1,4/19/23 16:53,83.3
GC-1,4/19/23 17:08,81.5
GC-1,4/19/23 17:23,80.6
GC-1,4/19/23 17:38,79.7
GC-1,4/19/23 17:53,78.8
GC-1,4/19/23 18:08,78.8
GC-1,4/19/23 18:23,77.9
GC-1,4/19/23 18:38,77
GC-1,4/19/23 18:53,77
GC-1,4/19/23 19:08,76.1
GC-1,4/19/23 19:23,75.2
GC-1,4/19/23 19:38,74.3
GC-1,4/19/23 19:53,74.3
GC-1,4/19/23 20:08,73.4
GC-1,4/19/23 20:23,72.5
GC-1,4/19/23 20:38,71.6
GC-1,4/19/23 20:53,71.6
GC-1,4/19/23 21:08,70.7
GC-1,4/19/23 21:23,69.8
GC-1,4/19/23 21:38,69.8
GC-1,4/19/23 21:53,68.9
GC-1,4/19/23 22:08,68.9
GC-1,4/19/23 22:23,68
GC-1,4/19/23 22:38,67.1
GC-1,4/19/23 22:53,67.1
GC-1,4/19/23 23:08,66.2
GC-1,4/19/23 23:23,65.3
GC-1,4/19/23 23:38,64.4
GC-1,4/19/23 23:53,64.4
GC-1,4/20/23 0:08,63.5
GC-1,4/20/23 0:23,62.6
GC-1,4/20/23 0:38,61.7
GC-1,4/20/23 0:53,60.8
GC-1,4/20/23 1:08,59.9
GC-1,4/20/23 1:23,59
GC-1,4/20/23 1:38,58.1
GC-1,4/20/23 1:53,57.2
GC-1,4/20/23 2:08,56.3
GC-1,4/20/23 2:23,55.4
GC-1,4/20/23 2:38,54.5
GC-1,4/20/23 2:53,54.5
GC-1,4/20/23 3:08,53.6
GC-1,4/20/23 3:23,52.7
GC-1,4/20/23 3:38,51.8
GC-1,4/20/23 3:53,51.8
GC-1,4/20/23 4:08,50.9
GC-1,4/20/23 4:23,50
GC-1,4/20/23 4:38,50
GC-1,4/20/23 4:53,49.1
GC-1,4/20/23 5:08,49.1
GC-1,4/20/23 5:23,48.2
GC-1,4/20/23 5:38,48.2
GC-1,4/20/23 5:53,47.3
GC-1,4/20/23 6:08,47.3
GC-1,4/20/23 6:23,47.3
GC-1,4/20/23 6:38,47.3
GC-1,4/20/23 6:53,47.3
GC-1,4/20/23 7:08,46.4
GC-1,4/20/23 7:23,47.3
GC-1,4/20/23 7:38,47.3
GC-1,4/20/23 7:53,48.2
GC-1,4/20/23 8:08,49.1
GC-1,4/20/23 8:23,49.1
GC-1,4/20/23 8:38,50.9
GC-1,4/20/23 8:53,51.8
GC-1,4/20/23 9:08,53.6
GC-1,4/20/23 9:23,54.5
GC-1,4/20/23 9:38,56.3
GC-1,4/20/23 9:53,58.1
GC-1,4/20/23 10:08,59.9
GC-1,4/20/23 10:23,61.7
GC-1,4/20/23 10:38,62.6
GC-1,4/20/23 10:53,64.4
GC-1,4/20/23 11:08,66.2
GC-1,4/20/23 11:23,67.1
GC-1,4/20/23 11:38,68.9
GC-1,4/20/23 11:53,69.8
GC-1,4/20/23 12:08,70.7
GC-1,4/20/23 12:23,71.6
GC-1,4/20/23 12:38,72.5
GC-1,4/20/23 12:53,73.4
GC-1,4/20/23 13:08,74.3
GC-1,4/20/23 13:23,75.2
GC-1,4/20/23 13:38,76.1
GC-1,4/20/23 13:53,76.1
GC-1,4/20/23 14:08,77
GC-1,4/20/23 14:23,77
GC-1,4/20/23 14:38,77.9
GC-1,4/20/23 14:53,77.9
GC-1,4/20/23 15:08,78.8
GC-1,4/20/23 15:23,78.8
GC-1,4/20/23 15:38,79.7
GC-1,4/20/23 15:53,79.7
GC-1,4/20/23 16:08,80.6
GC-1,4/20/23 16:23,80.6
GC-1,4/20/23 16:38,81.5
GC-1,4/20/23 16:53,81.5
GC-1,4/20/23 17:08,81.5
GC-1,4/20/23 17:23,82.4
GC-1,4/20/23 17:38,82.4
GC-1,4/20/23 17:53,82.4
GC-1,4/20/23 18:08,82.4
GC-1,4/20/23 18:23,82.4
GC-1,4/20/23 18:38,81.5
GC-1,4/20/23 18:53,80.6
GC-1,4/20/23 19:08,79.7
GC-1,4/20/23 19:23,78.8
GC-1,4/20/23 19:38,77.9
GC-1,4/20/23 19:53,76.1
GC-1,4/20/23 20:08,75.2
GC-1,4/20/23 20:23,74.3
GC-1,4/20/23 20:38,73.4
GC-1,4/20/23 20:53,72.5
GC-1,4/20/23 21:08,71.6
GC-1,4/20/23 21:23,70.7
GC-1,4/20/23 21:38,69.8
GC-1,4/20/23 21:53,68
GC-1,4/20/23 22:08,67.1
GC-1,4/20/23 22:23,66.2
GC-1,4/20/23 22:38,65.3
GC-1,4/20/23 22:53,64.4
GC-1,4/20/23 23:08,63.5
GC-1,4/20/23 23:23,62.6
GC-1,4/20/23 23:38,61.7
GC-1,4/20/23 23:53,61.7
GC-1,4/21/23 0:08,60.8
GC-1,4/21/23 0:23,59.9
GC-1,4/21/23 0:38,59
GC-1,4/21/23 0:53,59
GC-1,4/21/23 1:08,58.1
GC-1,4/21/23 1:23,57.2
GC-1,4/21/23 1:38,57.2
GC-1,4/21/23 1:53,56.3
GC-1,4/21/23 2:08,56.3
GC-1,4/21/23 2:23,55.4
GC-1,4/21/23 2:38,55.4
GC-1,4/21/23 2:53,54.5
GC-1,4/21/23 3:08,54.5
GC-1,4/21/23 3:23,54.5
GC-1,4/21/23 3:38,53.6
GC-1,4/21/23 3:53,53.6
GC-1,4/21/23 4:08,52.7
GC-1,4/21/23 4:23,52.7
GC-1,4/21/23 4:38,51.8
GC-1,4/21/23 4:53,51.8
GC-1,4/21/23 5:08,50.9
GC-1,4/21/23 5:23,50.9
GC-1,4/21/23 5:38,50.9
GC-1,4/21/23 5:53,50
GC-1,4/21/23 6:08,50
GC-1,4/21/23 6:23,49.1
GC-1,4/21/23 6:38,49.1
GC-1,4/21/23 6:53,49.1
GC-1,4/21/23 7:08,49.1
GC-1,4/21/23 7:23,49.1
GC-1,4/21/23 7:38,49.1
GC-1,4/21/23 7:53,50
GC-1,4/21/23 8:08,50.9
GC-1,4/21/23 8:23,51.8
GC-1,4/21/23 8:38,52.7
GC-1,4/21/23 8:53,54.5
GC-1,4/21/23 9:08,55.4
GC-1,4/21/23 9:23,57.2
GC-1,4/21/23 9:38,59
GC-1,4/21/23 9:53,60.8
GC-1,4/21/23 10:08,62.6
GC-1,4/21/23 10:23,64.4
GC-1,4/21/23 10:38,65.3
GC-1,4/21/23 10:53,67.1
GC-1,4/21/23 11:08,68.9
GC-1,4/21/23 11:23,70.7
GC-1,4/21/23 11:38,72.5
GC-1,4/21/23 11:53,73.4
GC-1,4/21/23 12:08,75.2
GC-1,4/21/23 12:23,76.1
GC-1,4/21/23 12:38,77.9
GC-1,4/21/23 12:53,78.8
GC-1,4/21/23 13:08,79.7
GC-1,4/21/23 13:23,80.6
GC-1,4/21/23 13:38,80.6
GC-1,4/21/23 13:53,81.5
GC-1,4/21/23 14:08,82.4
GC-1,4/21/23 14:23,83.3
GC-1,4/21/23 14:38,83.3
GC-1,4/21/23 14:53,84.2
GC-1,4/21/23 15:08,84.2
GC-1,4/21/23 15:23,85.1
GC-1,4/21/23 15:38,85.1
GC-1,4/21/23 15:53,86
GC-1,4/21/23 16:08,86
GC-1,4/21/23 16:23,86.9
GC-1,4/21/23 16:38,86.9
GC-1,4/21/23 16:53,87.8
GC-1,4/21/23 17:08,87.8
GC-1,4/21/23 17:23,88.7
GC-1,4/21/23 17:38,88.7
GC-1,4/21/23 17:53,88.7
GC-1,4/21/23 18:08,88.7
GC-1,4/21/23 18:23,87.8
GC-1,4/21/23 18:38,86.9
GC-1,4/21/23 18:53,86
GC-1,4/21/23 19:08,85.1
GC-1,4/21/23 19:23,84.2
GC-1,4/21/23 19:38,83.3
GC-1,4/21/23 19:53,82.4
GC-1,4/21/23 20:08,81.5
GC-1,4/21/23 20:23,79.7
GC-1,4/21/23 20:38,78.8
GC-1,4/21/23 20:53,77.9
GC-1,4/21/23 21:08,77
GC-1,4/21/23 21:23,76.1
GC-1,4/21/23 21:38,74.3
GC-1,4/21/23 21:53,73.4
GC-1,4/21/23 22:08,72.5
GC-1,4/21/23 22:23,71.6
GC-1,4/21/23 22:38,70.7
GC-1,4/21/23 22:53,69.8
GC-1,4/21/23 23:08,68.9
GC-1,4/21/23 23:23,68.9
GC-1,4/21/23 23:38,68
GC-1,4/21/23 23:53,67.1
GC-1,4/22/23 0:08,66.2
GC-1,4/22/23 0:23,65.3
GC-1,4/22/23 0:38,64.4
GC-1,4/22/23 0:53,64.4
GC-1,4/22/23 1:08,63.5
GC-1,4/22/23 1:23,62.6
GC-1,4/22/23 1:38,62.6
GC-1,4/22/23 1:53,61.7
GC-1,4/22/23 2:08,60.8
GC-1,4/22/23 2:23,60.8
GC-1,4/22/23 2:38,59.9
GC-1,4/22/23 2:53,59.9
GC-1,4/22/23 3:08,59
GC-1,4/22/23 3:23,59
GC-1,4/22/23 3:38,58.1
GC-1,4/22/23 3:53,58.1
GC-1,4/22/23 4:08,57.2
GC-1,4/22/23 4:23,57.2
GC-1,4/22/23 4:38,56.3
GC-1,4/22/23 4:53,56.3
GC-1,4/22/23 5:08,55.4
GC-1,4/22/23 5:23,55.4
GC-1,4/22/23 5:38,55.4
GC-1,4/22/23 5:53,54.5
GC-1,4/22/23 6:08,54.5
GC-1,4/22/23 6:23,53.6
GC-1,4/22/23 6:38,53.6
GC-1,4/22/23 6:53,53.6
GC-1,4/22/23 7:08,53.6
GC-1,4/22/23 7:23,53.6
GC-1,4/22/23 7:38,53.6
GC-1,4/22/23 7:53,54.5
GC-1,4/22/23 8:08,55.4
GC-1,4/22/23 8:23,56.3
GC-1,4/22/23 8:38,57.2
GC-1,4/22/23 8:53,58.1
GC-1,4/22/23 9:08,59.9
GC-1,4/22/23 9:23,61.7
GC-1,4/22/23 9:38,62.6
GC-1,4/22/23 9:53,64.4
GC-1,4/22/23 10:08,66.2
GC-1,4/22/23 10:23,68
GC-1,4/22/23 10:38,69.8
GC-1,4/22/23 10:53,71.6
GC-1,4/22/23 11:08,73.4
GC-1,4/22/23 11:23,74.3
GC-1,4/22/23 11:38,76.1
GC-1,4/22/23 11:53,77
GC-1,4/22/23 12:08,78.8
GC-1,4/22/23 12:23,79.7
GC-1,4/22/23 12:38,80.6
GC-1,4/22/23 12:53,81.5
GC-1,4/22/23 13:08,82.4
GC-1,4/22/23 13:23,83.3
GC-1,4/22/23 13:38,84.2
GC-1,4/22/23 13:53,85.1
GC-1,4/22/23 14:08,85.1
GC-1,4/22/23 14:23,86
GC-1,4/22/23 14:38,86.9
GC-1,4/22/23 14:53,86.9
GC-1,4/22/23 15:08,86.9
GC-1,4/22/23 15:23,87.8
GC-1,4/22/23 15:38,87.8
GC-1,4/22/23 15:53,88.7
GC-1,4/22/23 16:08,88.7
GC-1,4/22/23 16:23,88.7
GC-1,4/22/23 16:38,89.6
GC-1,4/22/23 16:53,89.6
GC-1,4/22/23 17:08,90.5
GC-1,4/22/23 17:23,90.5
GC-1,4/22/23 17:38,90.5
GC-1,4/22/23 17:53,90.5
GC-1,4/22/23 18:08,90.5
GC-1,4/22/23 18:23,90.5
GC-1,4/22/23 18:38,89.6
GC-1,4/22/23 18:53,88.7
GC-1,4/22/23 19:08,87.8
GC-1,4/22/23 19:23,86.9
GC-1,4/22/23 19:38,86
GC-1,4/22/23 19:53,85.1
GC-1,4/22/23 20:08,83.3
GC-1,4/22/23 20:23,82.4
GC-1,4/22/23 20:38,80.6
GC-1,4/22/23 20:53,79.7
GC-1,4/22/23 21:08,78.8
GC-1,4/22/23 21:23,77.9
GC-1,4/22/23 21:38,77
GC-1,4/22/23 21:53,76.1
GC-1,4/22/23 22:08,75.2
GC-1,4/22/23 22:23,74.3
GC-1,4/22/23 22:38,73.4
GC-1,4/22/23 22:53,72.5
GC-1,4/22/23 23:08,71.6
GC-1,4/22/23 23:23,70.7
GC-1,4/22/23 23:38,69.8
GC-1,4/22/23 23:53,69.8
GC-1,4/23/23 0:08,68.9
GC-1,4/23/23 0:23,68
GC-1,4/23/23 0:38,68
GC-1,4/23/23 0:53,67.1
GC-1,4/23/23 1:08,66.2
GC-1,4/23/23 1:23,66.2
GC-1,4/23/23 1:38,65.3
GC-1,4/23/23 1:53,65.3
GC-1,4/23/23 2:08,64.4
GC-1,4/23/23 2:23,64.4
GC-1,4/23/23 2:38,63.5
GC-1,4/23/23 2:53,63.5
GC-1,4/23/23 3:08,63.5
GC-1,4/23/23 3:23,62.6
GC-1,4/23/23 3:38,62.6
GC-1,4/23/23 3:53,61.7
GC-1,4/23/23 4:08,60.8
GC-1,4/23/23 4:23,60.8
GC-1,4/23/23 4:38,59.9
GC-1,4/23/23 4:53,59.9
GC-1,4/23/23 5:08,59.9
GC-1,4/23/23 5:23,59
GC-1,4/23/23 5:38,59
GC-1,4/23/23 5:53,59
GC-1,4/23/23 6:08,58.1
GC-1,4/23/23 6:23,58.1
GC-1,4/23/23 6:38,58.1
GC-1,4/23/23 6:53,57.2
GC-1,4/23/23 7:08,57.2
GC-1,4/23/23 7:23,57.2
GC-1,4/23/23 7:38,57.2
GC-1,4/23/23 7:53,58.1
GC-1,4/23/23 8:08,59
GC-1,4/23/23 8:23,59.9
GC-1,4/23/23 8:38,60.8
GC-1,4/23/23 8:53,61.7
GC-1,4/23/23 9:08,63.5
GC-1,4/23/23 9:23,64.4
GC-1,4/23/23 9:38,66.2
GC-1,4/23/23 9:53,68
GC-1,4/23/23 10:08,69.8
GC-1,4/23/23 10:23,70.7
GC-1,4/23/23 10:38,72.5
GC-1,4/23/23 10:53,74.3
GC-1,4/23/23 11:08,76.1
GC-1,4/23/23 11:23,77.9
GC-1,4/23/23 11:38,78.8
GC-1,4/23/23 11:53,80.6
GC-1,4/23/23 12:08,81.5
GC-1,4/23/23 12:23,83.3
GC-1,4/23/23 12:38,84.2
GC-1,4/23/23 12:53,85.1
GC-1,4/23/23 13:08,86
GC-1,4/23/23 13:23,86.9
GC-1,4/23/23 13:38,86.9
GC-1,4/23/23 13:53,87.8
GC-1,4/23/23 14:08,88.7
GC-1,4/23/23 14:23,88.7
GC-1,4/23/23 14:38,89.6
GC-1,4/23/23 14:53,89.6
GC-1,4/23/23 15:08,90.5
GC-1,4/23/23 15:23,90.5
GC-1,4/23/23 15:38,91.4
GC-1,4/23/23 15:53,91.4
GC-1,4/23/23 16:08,91.4
GC-1,4/23/23 16:23,92.3
GC-1,4/23/23 16:38,92.3
GC-1,4/23/23 16:53,92.3
GC-1,4/23/23 17:08,93.2
GC-1,4/23/23 17:23,93.2
GC-1,4/23/23 17:38,94.1
GC-1,4/23/23 17:53,94.1
GC-1,4/23/23 18:08,93.2
GC-1,4/23/23 18:23,93.2
GC-1,4/23/23 18:38,92.3
GC-1,4/23/23 18:53,91.4
GC-1,4/23/23 19:08,90.5
GC-1,4/23/23 19:23,89.6
GC-1,4/23/23 19:38,88.7
GC-1,4/23/23 19:53,86.9
GC-1,4/23/23 20:08,86
GC-1,4/23/23 20:23,85.1
GC-1,4/23/23 20:38,84.2
GC-1,4/23/23 20:53,83.3
GC-1,4/23/23 21:08,82.4
GC-1,4/23/23 21:23,81.5
GC-1,4/23/23 21:38,80.6
GC-1,4/23/23 21:53,79.7
GC-1,4/23/23 22:08,78.8
GC-1,4/23/23 22:23,77.9
GC-1,4/23/23 22:38,77
GC-1,4/23/23 22:53,76.1
GC-1,4/23/23 23:08,75.2
GC-1,4/23/23 23:23,74.3
GC-1,4/23/23 23:38,73.4
GC-1,4/23/23 23:53,72.5
GC-1,4/24/23 0:08,71.6
GC-1,4/24/23 0:23,70.7
GC-1,4/24/23 0:38,69.8
GC-1,4/24/23 0:53,68.9
GC-1,4/24/23 1:08,68.9
GC-1,4/24/23 1:23,68
GC-1,4/24/23 1:38,67.1
GC-1,4/24/23 1:53,67.1
GC-1,4/24/23 2:08,66.2
GC-1,4/24/23 2:23,66.2
GC-1,4/24/23 2:38,65.3
GC-1,4/24/23 2:53,65.3
GC-1,4/24/23 3:08,64.4
GC-1,4/24/23 3:23,64.4
GC-1,4/24/23 3:38,63.5
GC-1,4/24/23 3:53,63.5
GC-1,4/24/23 4:08,62.6
GC-1,4/24/23 4:23,62.6
GC-1,4/24/23 4:38,61.7
GC-1,4/24/23 4:53,61.7
GC-1,4/24/23 5:08,60.8
GC-1,4/24/23 5:23,59.9
GC-1,4/24/23 5:38,59
GC-1,4/24/23 5:53,59
GC-1,4/24/23 6:08,58.1
GC-1,4/24/23 6:23,58.1
GC-1,4/24/23 6:38,57.2
GC-1,4/24/23 6:53,57.2
GC-1,4/24/23 7:08,57.2
GC-1,4/24/23 7:23,57.2
GC-1,4/24/23 7:38,58.1
GC-1,4/24/23 7:53,59
GC-1,4/24/23 8:08,59
GC-1,4/24/23 8:23,60.8
GC-1,4/24/23 8:38,61.7
GC-1,4/24/23 8:53,62.6
GC-1,4/24/23 9:08,64.4
GC-1,4/24/23 9:23,65.3
GC-1,4/24/23 9:38,67.1
GC-1,4/24/23 9:53,68.9
GC-1,4/24/23 10:08,69.8
GC-1,4/24/23 10:23,71.6
GC-1,4/24/23 10:38,73.4
GC-1,4/24/23 10:53,74.3
GC-1,4/24/23 11:08,76.1
GC-1,4/24/23 11:23,77.9
GC-1,4/24/23 11:38,78.8
GC-1,4/24/23 11:53,79.7
GC-1,4/24/23 12:08,81.5
GC-1,4/24/23 12:23,82.4
GC-1,4/24/23 12:38,83.3
GC-1,4/24/23 12:53,84.2
GC-1,4/24/23 13:08,85.1
GC-1,4/24/23 13:23,85.1
GC-1,4/24/23 13:38,86
GC-1,4/24/23 13:53,86.9
GC-1,4/24/23 14:08,86.9
GC-1,4/24/23 14:23,86.9
GC-1,4/24/23 14:38,87.8
GC-1,4/24/23 14:53,87.8
GC-1,4/24/23 15:08,88.7
GC-1,4/24/23 15:23,88.7
GC-1,4/24/23 15:38,89.6
GC-1,4/24/23 15:53,89.6
GC-1,4/24/23 16:08,90.5
GC-1,4/24/23 16:23,90.5
GC-1,4/24/23 16:38,91.4
GC-1,4/24/23 16:53,91.4
GC-1,4/24/23 17:08,92.3
GC-1,4/24/23 17:23,92.3
GC-1,4/24/23 17:38,92.3
GC-1,4/24/23 17:53,92.3
GC-1,4/24/23 18:08,92.3
GC-1,4/24/23 18:23,91.4
GC-1,4/24/23 18:38,90.5
GC-1,4/24/23 18:53,89.6
GC-1,4/24/23 19:08,88.7
GC-1,4/24/23 19:23,87.8
GC-1,4/24/23 19:38,86.9
GC-1,4/24/23 19:53,86
GC-1,4/24/23 20:08,85.1
GC-1,4/24/23 20:23,84.2
GC-1,4/24/23 20:38,83.3
GC-1,4/24/23 20:53,83.3
GC-1,4/24/23 21:08,82.4
GC-1,4/24/23 21:23,81.5
GC-1,4/24/23 21:38,80.6
GC-1,4/24/23 21:53,79.7
GC-1,4/24/23 22:08,78.8
GC-1,4/24/23 22:23,77.9
GC-1,4/24/23 22:38,77.9
GC-1,4/24/23 22:53,76.1
GC-1,4/24/23 23:08,75.2
GC-1,4/24/23 23:23,74.3
GC-1,4/24/23 23:38,73.4
GC-1,4/24/23 23:53,72.5
GC-1,4/25/23 0:08,71.6
GC-1,4/25/23 0:23,70.7
GC-1,4/25/23 0:38,70.7
GC-1,4/25/23 0:53,69.8
GC-1,4/25/23 1:08,68.9
GC-1,4/25/23 1:23,68
GC-1,4/25/23 1:38,67.1
GC-1,4/25/23 1:53,67.1
GC-1,4/25/23 2:08,66.2
GC-1,4/25/23 2:23,66.2
GC-1,4/25/23 2:38,65.3
GC-1,4/25/23 2:53,65.3
GC-1,4/25/23 3:08,65.3
GC-1,4/25/23 3:23,65.3
GC-1,4/25/23 3:38,65.3
GC-1,4/25/23 3:53,64.4
GC-1,4/25/23 4:08,64.4
GC-1,4/25/23 4:23,64.4
GC-1,4/25/23 4:38,64.4
GC-1,4/25/23 4:53,64.4
GC-1,4/25/23 5:08,64.4
GC-1,4/25/23 5:23,64.4
GC-1,4/25/23 5:38,64.4
GC-1,4/25/23 5:53,64.4
GC-1,4/25/23 6:08,63.5
GC-1,4/25/23 6:23,63.5
GC-1,4/25/23 6:38,63.5
GC-1,4/25/23 6:53,63.5
GC-1,4/25/23 7:08,62.6
GC-1,4/25/23 7:23,62.6
GC-1,4/25/23 7:38,63.5
GC-1,4/25/23 7:53,63.5
GC-1,4/25/23 8:08,64.4
GC-1,4/25/23 8:23,65.3
GC-1,4/25/23 8:38,66.2
GC-1,4/25/23 8:53,67.1
GC-1,4/25/23 9:08,68
GC-1,4/25/23 9:23,68.9
GC-1,4/25/23 9:38,69.8
GC-1,4/25/23 9:53,71.6
GC-1,4/25/23 10:08,72.5
GC-1,4/25/23 10:23,73.4
GC-1,4/25/23 10:38,75.2
GC-1,4/25/23 10:53,76.1
GC-1,4/25/23 11:08,77.9
GC-1,4/25/23 11:23,78.8
GC-1,4/25/23 11:38,79.7
GC-1,4/25/23 11:53,80.6
GC-1,4/25/23 12:08,81.5
GC-1,4/25/23 12:23,82.4
GC-1,4/25/23 12:38,83.3
GC-1,4/25/23 12:53,84.2
GC-1,4/25/23 13:08,85.1
GC-1,4/25/23 13:23,86
GC-1,4/25/23 13:38,86
GC-1,4/25/23 13:53,86.9
GC-1,4/25/23 14:08,86.9
GC-1,4/25/23 14:23,87.8
GC-1,4/25/23 14:38,87.8
GC-1,4/25/23 14:53,87.8
GC-1,4/25/23 15:08,87.8
GC-1,4/25/23 15:23,88.7
GC-1,4/25/23 15:38,88.7
GC-1,4/25/23 15:53,88.7
GC-1,4/25/23 16:08,89.6
GC-1,4/25/23 16:23,89.6
GC-1,4/25/23 16:38,89.6
GC-1,4/25/23 16:53,89.6
GC-1,4/25/23 17:08,90.5
GC-1,4/25/23 17:23,90.5
GC-1,4/25/23 17:38,90.5
GC-1,4/25/23 17:53,90.5
GC-1,4/25/23 18:08,90.5
GC-1,4/25/23 18:23,90.5
GC-1,4/25/23 18:38,89.6
GC-1,4/25/23 18:53,88.7
GC-1,4/25/23 19:08,87.8
GC-1,4/25/23 19:23,86.9
GC-1,4/25/23 19:38,86
GC-1,4/25/23 19:53,85.1
GC-1,4/25/23 20:08,84.2
GC-1,4/25/23 20:23,83.3
GC-1,4/25/23 20:38,82.4
GC-1,4/25/23 20:53,82.4
GC-1,4/25/23 21:08,81.5
GC-1,4/25/23 21:23,80.6
GC-1,4/25/23 21:38,80.6
GC-1,4/25/23 21:53,79.7
GC-1,4/25/23 22:08,78.8
GC-1,4/25/23 22:23,78.8
GC-1,4/25/23 22:38,77.9
GC-1,4/25/23 22:53,77
GC-1,4/25/23 23:08,76.1
GC-1,4/25/23 23:23,75.2
GC-1,4/25/23 23:38,74.3
GC-1,4/25/23 23:53,73.4
GC-1,4/26/23 0:08,72.5
GC-1,4/26/23 0:23,71.6
GC-1,4/26/23 0:38,70.7
GC-1,4/26/23 0:53,70.7
GC-1,4/26/23 1:08,69.8
GC-1,4/26/23 1:23,68.9
GC-1,4/26/23 1:38,68
GC-1,4/26/23 1:53,67.1
GC-1,4/26/23 2:08,66.2
GC-1,4/26/23 2:23,66.2
GC-1,4/26/23 2:38,65.3
GC-1,4/26/23 2:53,64.4
GC-1,4/26/23 3:08,63.5
GC-1,4/26/23 3:23,62.6
GC-1,4/26/23 3:38,62.6
GC-1,4/26/23 3:53,61.7
GC-1,4/26/23 4:08,60.8
GC-1,4/26/23 4:23,60.8
GC-1,4/26/23 4:38,59.9
GC-1,4/26/23 4:53,59
GC-1,4/26/23 5:08,59
GC-1,4/26/23 5:23,58.1
GC-1,4/26/23 5:38,58.1
GC-1,4/26/23 5:53,57.2
GC-1,4/26/23 6:08,57.2
GC-1,4/26/23 6:23,57.2
GC-1,4/26/23 6:38,56.3
GC-1,4/26/23 6:53,56.3
GC-1,4/26/23 7:08,56.3
GC-1,4/26/23 7:23,56.3
GC-1,4/26/23 7:38,57.2
GC-1,4/26/23 7:53,57.2
GC-1,4/26/23 8:08,58.1
GC-1,4/26/23 8:23,59
GC-1,4/26/23 8:38,59.9
GC-1,4/26/23 8:53,61.7
GC-1,4/26/23 9:08,62.6
GC-1,4/26/23 9:23,64.4
GC-1,4/26/23 9:38,66.2
GC-1,4/26/23 9:53,67.1
GC-1,4/26/23 10:08,68.9
GC-1,4/26/23 10:23,70.7
GC-1,4/26/23 10:38,71.6
GC-1,4/26/23 10:53,73.4
GC-1,4/26/23 11:08,74.3
GC-1,4/26/23 11:23,75.2
GC-1,4/26/23 11:38,76.1
GC-1,4/26/23 11:53,77
GC-1,4/26/23 12:08,77.9
GC-1,4/26/23 12:23,78.8
GC-1,4/26/23 12:38,79.7
GC-1,4/26/23 12:53,79.7
GC-1,4/26/23 13:08,80.6
GC-1,4/26/23 13:23,81.5
GC-1,4/26/23 13:38,82.4
GC-1,4/26/23 13:53,82.4
GC-1,4/26/23 14:08,83.3
GC-1,4/26/23 14:23,83.3
GC-1,4/26/23 14:38,83.3
GC-1,4/26/23 14:53,84.2
GC-1,4/26/23 15:08,84.2
GC-1,4/26/23 15:23,85.1
GC-1,4/26/23 15:38,85.1
GC-1,4/26/23 15:53,86
GC-1,4/26/23 16:08,86
GC-1,4/26/23 16:23,86
GC-1,4/26/23 16:38,86.9
GC-1,4/26/23 16:53,86.9
GC-1,4/26/23 17:08,87.8
GC-1,4/26/23 17:23,87.8
GC-1,4/26/23 17:38,87.8
GC-1,4/26/23 17:53,88.7
GC-1,4/26/23 18:08,88.7
GC-1,4/26/23 18:23,87.8
GC-1,4/26/23 18:38,87.8
GC-1,4/26/23 18:53,86
GC-1,4/26/23 19:08,85.1
GC-1,4/26/23 19:23,84.2
GC-1,4/26/23 19:38,83.3
GC-1,4/26/23 19:53,82.4
GC-1,4/26/23 20:08,80.6
GC-1,4/26/23 20:23,79.7
GC-1,4/26/23 20:38,78.8
GC-1,4/26/23 20:53,77
GC-1,4/26/23 21:08,76.1
GC-1,4/26/23 21:23,75.2
GC-1,4/26/23 21:38,73.4
GC-1,4/26/23 21:53,72.5
GC-1,4/26/23 22:08,71.6
GC-1,4/26/23 22:23,70.7
GC-1,4/26/23 22:38,69.8
GC-1,4/26/23 22:53,68.9
GC-1,4/26/23 23:08,68
GC-1,4/26/23 23:23,68
GC-1,4/26/23 23:38,67.1
GC-1,4/26/23 23:53,66.2
GC-1,4/27/23 0:08,65.3
GC-1,4/27/23 0:23,64.4
GC-1,4/27/23 0:38,64.4
GC-1,4/27/23 0:53,63.5
GC-1,4/27/23 1:08,62.6
GC-1,4/27/23 1:23,62.6
GC-1,4/27/23 1:38,61.7
GC-1,4/27/23 1:53,61.7
GC-1,4/27/23 2:08,60.8
GC-1,4/27/23 2:23,60.8
GC-1,4/27/23 2:38,60.8
GC-1,4/27/23 2:53,59.9
GC-1,4/27/23 3:08,59.9
GC-1,4/27/23 3:23,59
GC-1,4/27/23 3:38,59
GC-1,4/27/23 3:53,58.1
GC-1,4/27/23 4:08,58.1
GC-1,4/27/23 4:23,57.2
GC-1,4/27/23 4:38,57.2
GC-1,4/27/23 4:53,56.3
GC-1,4/27/23 5:08,56.3
GC-1,4/27/23 5:23,56.3
GC-1,4/27/23 5:38,55.4
GC-1,4/27/23 5:53,55.4
GC-1,4/27/23 6:08,54.5
GC-1,4/27/23 6:23,54.5
GC-1,4/27/23 6:38,54.5
GC-1,4/27/23 6:53,53.6
GC-1,4/27/23 7:08,53.6
GC-1,4/27/23 7:23,54.5
GC-1,4/27/23 7:38,54.5
GC-1,4/27/23 7:53,55.4
GC-1,4/27/23 8:08,56.3
GC-1,4/27/23 8:23,57.2
GC-1,4/27/23 8:38,58.1
GC-1,4/27/23 8:53,59
GC-1,4/27/23 9:08,60.8
GC-1,4/27/23 9:23,61.7
GC-1,4/27/23 9:38,63.5
GC-1,4/27/23 9:53,65.3
GC-1,4/27/23 10:08,67.1
GC-1,4/27/23 10:23,68.9
GC-1,4/27/23 10:38,69.8
GC-1,4/27/23 10:53,71.6
GC-1,4/27/23 11:08,73.4
GC-1,4/27/23 11:23,75.2
GC-1,4/27/23 11:38,77
GC-1,4/27/23 11:53,77.9
GC-1,4/27/23 12:08,79.7
GC-1,4/27/23 12:23,80.6
GC-1,4/27/23 12:38,81.5
GC-1,4/27/23 12:53,83.3
GC-1,4/27/23 13:08,84.2
GC-1,4/27/23 13:23,84.2
GC-1,4/27/23 13:38,85.1
GC-1,4/27/23 13:53,86
GC-1,4/27/23 14:08,86.9
GC-1,4/27/23 14:23,86.9
GC-1,4/27/23 14:38,87.8
GC-1,4/27/23 14:53,87.8
GC-1,4/27/23 15:08,88.7
GC-1,4/27/23 15:23,88.7
GC-1,4/27/23 15:38,89.6
GC-1,4/27/23 15:53,89.6
GC-1,4/27/23 16:08,89.6
GC-1,4/27/23 16:23,90.5
GC-1,4/27/23 16:38,90.5
GC-1,4/27/23 16:53,91.4
GC-1,4/27/23 17:08,91.4
GC-1,4/27/23 17:23,92.3
GC-1,4/27/23 17:38,92.3
GC-1,4/27/23 17:53,92.3
GC-1,4/27/23 18:08,92.3
GC-1,4/27/23 18:23,92.3
GC-1,4/27/23 18:38,91.4
GC-1,4/27/23 18:53,90.5
GC-1,4/27/23 19:08,89.6
GC-1,4/27/23 19:23,88.7
GC-1,4/27/23 19:38,87.8
GC-1,4/27/23 19:53,86.9
GC-1,4/27/23 20:08,85.1
GC-1,4/27/23 20:23,83.3
GC-1,4/27/23 20:38,82.4
GC-1,4/27/23 20:53,81.5
GC-1,4/27/23 21:08,80.6
GC-1,4/27/23 21:23,78.8
GC-1,4/27/23 21:38,77.9
GC-1,4/27/23 21:53,77
GC-1,4/27/23 22:08,76.1
GC-1,4/27/23 22:23,75.2
GC-1,4/27/23 22:38,74.3
GC-1,4/27/23 22:53,73.4
GC-1,4/27/23 23:08,72.5
GC-1,4/27/23 23:23,71.6
GC-1,4/27/23 23:38,70.7
GC-1,4/27/23 23:53,69.8
GC-1,4/28/23 0:08,68.9
GC-1,4/28/23 0:23,68
GC-1,4/28/23 0:38,67.1
GC-1,4/28/23 0:53,66.2
GC-1,4/28/23 1:08,65.3
GC-1,4/28/23 1:23,64.4
GC-1,4/28/23 1:38,64.4
GC-1,4/28/23 1:53,63.5
GC-1,4/28/23 2:08,63.5
GC-1,4/28/23 2:23,62.6
GC-1,4/28/23 2:38,61.7
GC-1,4/28/23 2:53,61.7
GC-1,4/28/23 3:08,60.8
GC-1,4/28/23 3:23,60.8
GC-1,4/28/23 3:38,59.9
GC-1,4/28/23 3:53,59.9
GC-1,4/28/23 4:08,59
GC-1,4/28/23 4:23,59
GC-1,4/28/23 4:38,58.1
GC-1,4/28/23 4:53,58.1
GC-1,4/28/23 5:08,58.1
GC-1,4/28/23 5:23,57.2
GC-1,4/28/23 5:38,57.2
GC-1,4/28/23 5:53,56.3
GC-1,4/28/23 6:08,56.3
GC-1,4/28/23 6:23,56.3
GC-1,4/28/23 6:38,55.4
GC-1,4/28/23 6:53,55.4
GC-1,4/28/23 7:08,55.4
GC-1,4/28/23 7:23,56.3
GC-1,4/28/23 7:38,56.3
GC-1,4/28/23 7:53,57.2
GC-1,4/28/23 8:08,58.1
GC-1,4/28/23 8:23,59
GC-1,4/28/23 8:38,59.9
GC-1,4/28/23 8:53,61.7
GC-1,4/28/23 9:08,63.5
GC-1,4/28/23 9:23,64.4
GC-1,4/28/23 9:38,66.2
GC-1,4/28/23 9:53,68
GC-1,4/28/23 10:08,69.8
GC-1,4/28/23 10:23,71.6
GC-1,4/28/23 10:38,73.4
GC-1,4/28/23 10:53,75.2
GC-1,4/28/23 11:08,76.1
GC-1,4/28/23 11:23,77.9
GC-1,4/28/23 11:38,79.7
GC-1,4/28/23 11:53,80.6
GC-1,4/28/23 12:08,82.4
GC-1,4/28/23 12:23,83.3
GC-1,4/28/23 12:38,84.2
GC-1,4/28/23 12:53,85.1
GC-1,4/28/23 13:08,86.9
GC-1,4/28/23 13:23,87.8
GC-1,4/28/23 13:38,88.7
GC-1,4/28/23 13:53,89.6
GC-1,4/28/23 14:08,89.6
GC-1,4/28/23 14:23,90.5
GC-1,4/28/23 14:38,90.5
GC-1,4/28/23 14:53,91.4
GC-1,4/28/23 15:08,91.4
GC-1,4/28/23 15:23,92.3
GC-1,4/28/23 15:38,92.3
GC-1,4/28/23 15:53,93.2
GC-1,4/28/23 16:08,93.2
GC-1,4/28/23 16:23,94.1
GC-1,4/28/23 16:38,94.1
GC-1,4/28/23 16:53,95
GC-1,4/28/23 17:08,95
GC-1,4/28/23 17:23,95
GC-1,4/28/23 17:38,95
GC-1,4/28/23 17:53,95.9
GC-1,4/28/23 18:08,95.9
GC-1,4/28/23 18:23,95
GC-1,4/28/23 18:38,94.1
GC-1,4/28/23 18:53,93.2
GC-1,4/28/23 19:08,92.3
GC-1,4/28/23 19:23,91.4
GC-1,4/28/23 19:38,90.5
GC-1,4/28/23 19:53,89.6
GC-1,4/28/23 20:08,87.8
GC-1,4/28/23 20:23,86.9
GC-1,4/28/23 20:38,85.1
GC-1,4/28/23 20:53,84.2
GC-1,4/28/23 21:08,82.4
GC-1,4/28/23 21:23,81.5
GC-1,4/28/23 21:38,80.6
GC-1,4/28/23 21:53,79.7
GC-1,4/28/23 22:08,78.8
GC-1,4/28/23 22:23,77.9
GC-1,4/28/23 22:38,77
GC-1,4/28/23 22:53,76.1
GC-1,4/28/23 23:08,75.2
GC-1,4/28/23 23:23,75.2
GC-1,4/28/23 23:38,74.3
GC-1,4/28/23 23:53,74.3
GC-1,4/29/23 0:08,73.4
GC-1,4/29/23 0:23,73.4
GC-1,4/29/23 0:38,72.5
GC-1,4/29/23 0:53,72.5
GC-1,4/29/23 1:08,72.5
GC-1,4/29/23 1:23,72.5
GC-1,4/29/23 1:38,71.6
GC-1,4/29/23 1:53,71.6
GC-1,4/29/23 2:08,71.6
GC-1,4/29/23 2:23,70.7
GC-1,4/29/23 2:38,70.7
GC-1,4/29/23 2:53,69.8
GC-1,4/29/23 3:08,68.9
GC-1,4/29/23 3:23,68.9
GC-1,4/29/23 3:38,68
GC-1,4/29/23 3:53,68
GC-1,4/29/23 4:08,68
GC-1,4/29/23 4:23,67.1
GC-1,4/29/23 4:38,67.1
GC-1,4/29/23 4:53,67.1
GC-1,4/29/23 5:08,66.2
GC-1,4/29/23 5:23,65.3
GC-1,4/29/23 5:38,65.3
GC-1,4/29/23 5:53,64.4
GC-1,4/29/23 6:08,64.4
GC-1,4/29/23 6:23,63.5
GC-1,4/29/23 6:38,62.6
GC-1,4/29/23 6:53,62.6
GC-1,4/29/23 7:08,62.6
GC-1,4/29/23 7:23,62.6
GC-1,4/29/23 7:38,62.6
GC-1,4/29/23 7:53,62.6
GC-1,4/29/23 8:08,63.5
GC-1,4/29/23 8:23,64.4
GC-1,4/29/23 8:38,65.3
GC-1,4/29/23 8:53,66.2
GC-1,4/29/23 9:08,67.1
GC-1,4/29/23 9:23,68.9
GC-1,4/29/23 9:38,69.8
GC-1,4/29/23 9:53,71.6
GC-1,4/29/23 10:08,72.5
GC-1,4/29/23 10:23,74.3
GC-1,4/29/23 10:38,76.1
GC-1,4/29/23 10:53,77.9
GC-1,4/29/23 11:08,79.7
GC-1,4/29/23 11:23,80.6
GC-1,4/29/23 11:38,82.4
GC-1,4/29/23 11:53,84.2
GC-1,4/29/23 12:08,85.1
GC-1,4/29/23 12:23,86.9
GC-1,4/29/23 12:38,87.8
GC-1,4/29/23 12:53,88.7
GC-1,4/29/23 13:08,90.5
GC-1,4/29/23 13:23,91.4
GC-1,4/29/23 13:38,92.3
GC-1,4/29/23 13:53,93.2
GC-1,4/29/23 14:08,94.1
GC-1,4/29/23 14:23,95
GC-1,4/29/23 14:38,95
GC-1,4/29/23 14:53,95
GC-1,4/29/23 15:08,95.9
GC-1,4/29/23 15:23,95.9
GC-1,4/29/23 15:38,96.8
GC-1,4/29/23 15:53,96.8
GC-1,4/29/23 16:08,97.7
GC-1,4/29/23 16:23,98.6
GC-1,4/29/23 16:38,98.6
GC-1,4/29/23 16:53,99.5
GC-1,4/29/23 17:08,99.5
GC-1,4/29/23 17:23,100.4
GC-1,4/29/23 17:38,101.3
GC-1,4/29/23 17:53,101.3
GC-1,4/29/23 18:08,101.3
GC-1,4/29/23 18:23,101.3
GC-1,4/29/23 18:38,100.4
GC-1,4/29/23 18:53,99.5
GC-1,4/29/23 19:08,97.7
GC-1,4/29/23 19:23,96.8
GC-1,4/29/23 19:38,95
GC-1,4/29/23 19:53,94.1
GC-1,4/29/23 20:08,92.3
GC-1,4/29/23 20:23,91.4
GC-1,4/29/23 20:38,89.6
GC-1,4/29/23 20:53,88.7
GC-1,4/29/23 21:08,86.9
GC-1,4/29/23 21:23,86
GC-1,4/29/23 21:38,85.1
GC-1,4/29/23 21:53,84.2
GC-1,4/29/23 22:08,83.3
GC-1,4/29/23 22:23,82.4
GC-1,4/29/23 22:38,80.6
GC-1,4/29/23 22:53,79.7
GC-1,4/29/23 23:08,79.7
GC-1,4/29/23 23:23,78.8
GC-1,4/29/23 23:38,77.9
GC-1,4/29/23 23:53,77
GC-1,4/30/23 0:08,76.1
GC-1,4/30/23 0:23,75.2
GC-1,4/30/23 0:38,74.3
GC-1,4/30/23 0:53,73.4
GC-1,4/30/23 1:08,72.5
GC-1,4/30/23 1:23,71.6
GC-1,4/30/23 1:38,70.7
GC-1,4/30/23 1:53,70.7
GC-1,4/30/23 2:08,69.8
GC-1,4/30/23 2:23,68.9
GC-1,4/30/23 2:38,68.9
GC-1,4/30/23 2:53,68
GC-1,4/30/23 3:08,67.1
GC-1,4/30/23 3:23,67.1
GC-1,4/30/23 3:38,66.2
GC-1,4/30/23 3:53,66.2
GC-1,4/30/23 4:08,65.3
GC-1,4/30/23 4:23,65.3
GC-1,4/30/23 4:38,64.4
GC-1,4/30/23 4:53,64.4
GC-1,4/30/23 5:08,63.5
GC-1,4/30/23 5:23,63.5
GC-1,4/30/23 5:38,62.6
GC-1,4/30/23 5:53,62.6
GC-1,4/30/23 6:08,61.7
GC-1,4/30/23 6:23,61.7
GC-1,4/30/23 6:38,61.7
GC-1,4/30/23 6:53,60.8
GC-1,4/30/23 7:08,60.8
GC-1,4/30/23 7:23,61.7
GC-1,4/30/23 7:38,61.7
GC-1,4/30/23 7:53,62.6
GC-1,4/30/23 8:08,62.6
GC-1,4/30/23 8:23,63.5
GC-1,4/30/23 8:38,64.4
GC-1,4/30/23 8:53,66.2
GC-1,4/30/23 9:08,67.1
GC-1,4/30/23 9:23,68.9
GC-1,4/30/23 9:38,69.8
GC-1,4/30/23 9:53,71.6
GC-1,4/30/23 10:08,73.4
GC-1,4/30/23 10:23,75.2
GC-1,4/30/23 10:38,77
GC-1,4/30/23 10:53,78.8
GC-1,4/30/23 11:08,79.7
GC-1,4/30/23 11:23,81.5
GC-1,4/30/23 11:38,83.3
GC-1,4/30/23 11:53,85.1
GC-1,4/30/23 12:08,86.9
GC-1,4/30/23 12:23,88.7
GC-1,4/30/23 12:38,89.6
GC-1,4/30/23 12:53,90.5
GC-1,4/30/23 13:08,92.3
GC-1,4/30/23 13:23,93.2
GC-1,4/30/23 13:38,94.1
GC-1,4/30/23 13:53,94.1
GC-1,4/30/23 14:08,95
GC-1,4/30/23 14:23,95.9
GC-1,4/30/23 14:38,96.8
GC-1,4/30/23 14:53,97.7
GC-1,4/30/23 15:08,98.6
GC-1,4/30/23 15:23,98.6
GC-1,4/30/23 15:38,98.6
GC-1,4/30/23 15:53,99.5
GC-1,4/30/23 16:08,99.5
GC-1,4/30/23 16:23,99.5
GC-1,4/30/23 16:38,99.5
GC-1,4/30/23 16:53,99.5
GC-1,4/30/23 17:08,98.6
GC-1,4/30/23 17:23,98.6
GC-1,4/30/23 17:38,98.6
GC-1,4/30/23 17:53,99.5
GC-1,4/30/23 18:08,98.6
GC-1,4/30/23 18:23,98.6
GC-1,4/30/23 18:38,98.6
GC-1,4/30/23 18:53,97.7
GC-1,4/30/23 19:08,96.8
GC-1,4/30/23 19:23,95.9
GC-1,4/30/23 19:38,95
GC-1,4/30/23 19:53,94.1
GC-1,4/30/23 20:08,92.3
GC-1,4/30/23 20:23,91.4
GC-1,4/30/23 20:38,90.5
GC-1,4/30/23 20:53,90.5
GC-1,4/30/23 21:08,89.6
GC-1,4/30/23 21:23,88.7
GC-1,4/30/23 21:38,87.8
GC-1,4/30/23 21:53,86.9
GC-1,4/30/23 22:08,86
GC-1,4/30/23 22:23,85.1
GC-1,4/30/23 22:38,84.2
GC-1,4/30/23 22:53,83.3
GC-1,4/30/23 23:08,82.4
GC-1,4/30/23 23:23,81.5
GC-1,4/30/23 23:38,80.6
GC-1,4/30/23 23:53,79.7
GC-2,4/19/23 0:07,73.4
GC-2,4/19/23 0:22,73.4
GC-2,4/19/23 0:37,72.5
GC-2,4/19/23 0:52,72.5
GC-2,4/19/23 1:07,72.5
GC-2,4/19/23 1:22,71.6
GC-2,4/19/23 1:37,71.6
GC-2,4/19/23 1:52,71.6
GC-2,4/19/23 2:07,71.6
GC-2,4/19/23 2:22,70.7
GC-2,4/19/23 2:37,70.7
GC-2,4/19/23 2:52,70.7
GC-2,4/19/23 3:07,70.7
GC-2,4/19/23 3:22,70.7
GC-2,4/19/23 3:37,69.8
GC-2,4/19/23 3:52,69.8
GC-2,4/19/23 4:07,69.8
GC-2,4/19/23 4:22,69.8
GC-2,4/19/23 4:37,69.8
GC-2,4/19/23 4:52,69.8
GC-2,4/19/23 5:07,69.8
GC-2,4/19/23 5:22,68.9
GC-2,4/19/23 5:37,68.9
GC-2,4/19/23 5:52,68.9
GC-2,4/19/23 6:07,68.9
GC-2,4/19/23 6:22,68.9
GC-2,4/19/23 6:37,68.9
GC-2,4/19/23 6:52,68.9
GC-2,4/19/23 7:07,68.9
GC-2,4/19/23 7:22,68.9
GC-2,4/19/23 7:37,68.9
GC-2,4/19/23 7:52,68.9
GC-2,4/19/23 8:07,68
GC-2,4/19/23 8:22,68
GC-2,4/19/23 8:37,67.1
GC-2,4/19/23 8:52,67.1
GC-2,4/19/23 9:07,68
GC-2,4/19/23 9:22,68
GC-2,4/19/23 9:37,68
GC-2,4/19/23 9:52,68
GC-2,4/19/23 10:07,68.9
GC-2,4/19/23 10:22,69.8
GC-2,4/19/23 10:37,69.8
GC-2,4/19/23 10:52,72.5
GC-2,4/19/23 11:07,75.2
GC-2,4/19/23 11:22,77
GC-2,4/19/23 11:37,77.9
GC-2,4/19/23 11:52,75.2
GC-2,4/19/23 12:07,74.3
GC-2,4/19/23 12:22,74.3
GC-2,4/19/23 12:37,74.3
GC-2,4/19/23 12:52,74.3
GC-2,4/19/23 13:07,74.3
GC-2,4/19/23 13:22,74.3
GC-2,4/19/23 13:37,75.2
GC-2,4/19/23 13:52,75.2
GC-2,4/19/23 14:07,75.2
GC-2,4/19/23 14:22,75.2
GC-2,4/19/23 14:37,73.4
GC-2,4/19/23 14:52,70.7
GC-2,4/19/23 15:07,73.4
GC-2,4/19/23 15:22,74.3
GC-2,4/19/23 15:37,75.2
GC-2,4/19/23 15:52,75.2
GC-2,4/19/23 16:07,75.2
GC-2,4/19/23 16:22,76.1
GC-2,4/19/23 16:37,76.1
GC-2,4/19/23 16:52,84.2
GC-2,4/19/23 17:07,82.4
GC-2,4/19/23 17:22,80.6
GC-2,4/19/23 17:37,80.6
GC-2,4/19/23 17:52,79.7
GC-2,4/19/23 18:07,78.8
GC-2,4/19/23 18:22,77.9
GC-2,4/19/23 18:37,77.9
GC-2,4/19/23 18:52,77
GC-2,4/19/23 19:07,76.1
GC-2,4/19/23 19:22,76.1
GC-2,4/19/23 19:37,75.2
GC-2,4/19/23 19:52,74.3
GC-2,4/19/23 20:07,73.4
GC-2,4/19/23 20:22,73.4
GC-2,4/19/23 20:37,72.5
GC-2,4/19/23 20:52,71.6
GC-2,4/19/23 21:07,71.6
GC-2,4/19/23 21:22,70.7
GC-2,4/19/23 21:37,69.8
GC-2,4/19/23 21:52,69.8
GC-2,4/19/23 22:07,68.9
GC-2,4/19/23 22:22,68.9
GC-2,4/19/23 22:37,68
GC-2,4/19/23 22:52,67.1
GC-2,4/19/23 23:07,66.2
GC-2,4/19/23 23:22,66.2
GC-2,4/19/23 23:37,65.3
GC-2,4/19/23 23:52,64.4
GC-2,4/20/23 0:07,63.5
GC-2,4/20/23 0:22,63.5
GC-2,4/20/23 0:37,61.7
GC-2,4/20/23 0:52,61.7
GC-2,4/20/23 1:07,60.8
GC-2,4/20/23 1:22,59.9
GC-2,4/20/23 1:37,59
GC-2,4/20/23 1:52,58.1
GC-2,4/20/23 2:07,57.2
GC-2,4/20/23 2:22,56.3
GC-2,4/20/23 2:37,55.4
GC-2,4/20/23 2:52,54.5
GC-2,4/20/23 3:07,54.5
GC-2,4/20/23 3:22,53.6
GC-2,4/20/23 3:37,52.7
GC-2,4/20/23 3:52,51.8
GC-2,4/20/23 4:07,51.8
GC-2,4/20/23 4:22,50.9
GC-2,4/20/23 4:37,50
GC-2,4/20/23 4:52,50
GC-2,4/20/23 5:07,49.1
GC-2,4/20/23 5:22,49.1
GC-2,4/20/23 5:37,48.2
GC-2,4/20/23 5:52,48.2
GC-2,4/20/23 6:07,48.2
GC-2,4/20/23 6:22,48.2
GC-2,4/20/23 6:37,47.3
GC-2,4/20/23 6:52,47.3
GC-2,4/20/23 7:07,47.3
GC-2,4/20/23 7:22,47.3
GC-2,4/20/23 7:37,48.2
GC-2,4/20/23 7:52,48.2
GC-2,4/20/23 8:07,49.1
GC-2,4/20/23 8:22,50
GC-2,4/20/23 8:37,51.8
GC-2,4/20/23 8:52,52.7
GC-2,4/20/23 9:07,54.5
GC-2,4/20/23 9:22,55.4
GC-2,4/20/23 9:37,57.2
GC-2,4/20/23 9:52,59
GC-2,4/20/23 10:07,60.8
GC-2,4/20/23 10:22,61.7
GC-2,4/20/23 10:37,63.5
GC-2,4/20/23 10:52,65.3
GC-2,4/20/23 11:07,66.2
GC-2,4/20/23 11:22,68
GC-2,4/20/23 11:37,68.9
GC-2,4/20/23 11:52,70.7
GC-2,4/20/23 12:07,71.6
GC-2,4/20/23 12:22,72.5
GC-2,4/20/23 12:37,73.4
GC-2,4/20/23 12:52,74.3
GC-2,4/20/23 13:07,75.2
GC-2,4/20/23 13:22,75.2
GC-2,4/20/23 13:37,76.1
GC-2,4/20/23 13:52,77
GC-2,4/20/23 14:07,77
GC-2,4/20/23 14:22,77.9
GC-2,4/20/23 14:37,77.9
GC-2,4/20/23 14:52,78.8
GC-2,4/20/23 15:07,78.8
GC-2,4/20/23 15:22,79.7
GC-2,4/20/23 15:37,79.7
GC-2,4/20/23 15:52,80.6
GC-2,4/20/23 16:07,80.6
GC-2,4/20/23 16:22,81.5
GC-2,4/20/23 16:37,81.5
GC-2,4/20/23 16:52,81.5
GC-2,4/20/23 17:07,82.4
GC-2,4/20/23 17:22,82.4
GC-2,4/20/23 17:37,83.3
GC-2,4/20/23 17:52,83.3
GC-2,4/20/23 18:07,83.3
GC-2,4/20/23 18:22,83.3
GC-2,4/20/23 18:37,82.4
GC-2,4/20/23 18:52,81.5
GC-2,4/20/23 19:07,80.6
GC-2,4/20/23 19:22,79.7
GC-2,4/20/23 19:37,78.8
GC-2,4/20/23 19:52,77
GC-2,4/20/23 20:07,76.1
GC-2,4/20/23 20:22,75.2
GC-2,4/20/23 20:37,74.3
GC-2,4/20/23 20:52,73.4
GC-2,4/20/23 21:07,71.6
GC-2,4/20/23 21:22,71.6
GC-2,4/20/23 21:37,69.8
GC-2,4/20/23 21:52,68.9
GC-2,4/20/23 22:07,68
GC-2,4/20/23 22:22,67.1
GC-2,4/20/23 22:37,66.2
GC-2,4/20/23 22:52,65.3
GC-2,4/20/23 23:07,63.5
GC-2,4/20/23 23:22,63.5
GC-2,4/20/23 23:37,62.6
GC-2,4/20/23 23:52,61.7
GC-2,4/21/23 0:07,60.8
GC-2,4/21/23 0:22,60.8
GC-2,4/21/23 0:37,59.9
GC-2,4/21/23 0:52,59
GC-2,4/21/23 1:07,58.1
GC-2,4/21/23 1:22,58.1
GC-2,4/21/23 1:37,57.2
GC-2,4/21/23 1:52,57.2
GC-2,4/21/23 2:07,56.3
GC-2,4/21/23 2:22,56.3
GC-2,4/21/23 2:37,55.4
GC-2,4/21/23 2:52,55.4
GC-2,4/21/23 3:07,54.5
GC-2,4/21/23 3:22,54.5
GC-2,4/21/23 3:37,53.6
GC-2,4/21/23 3:52,53.6
GC-2,4/21/23 4:07,53.6
GC-2,4/21/23 4:22,52.7
GC-2,4/21/23 4:37,52.7
GC-2,4/21/23 4:52,51.8
GC-2,4/21/23 5:07,51.8
GC-2,4/21/23 5:22,50.9
GC-2,4/21/23 5:37,50.9
GC-2,4/21/23 5:52,50
GC-2,4/21/23 6:07,50
GC-2,4/21/23 6:22,50
GC-2,4/21/23 6:37,49.1
GC-2,4/21/23 6:52,49.1
GC-2,4/21/23 7:07,49.1
GC-2,4/21/23 7:22,49.1
GC-2,4/21/23 7:37,50
GC-2,4/21/23 7:52,50
GC-2,4/21/23 8:07,50.9
GC-2,4/21/23 8:22,51.8
GC-2,4/21/23 8:37,53.6
GC-2,4/21/23 8:52,54.5
GC-2,4/21/23 9:07,56.3
GC-2,4/21/23 9:22,57.2
GC-2,4/21/23 9:37,59
GC-2,4/21/23 9:52,60.8
GC-2,4/21/23 10:07,62.6
GC-2,4/21/23 10:22,64.4
GC-2,4/21/23 10:37,66.2
GC-2,4/21/23 10:52,68
GC-2,4/21/23 11:07,69.8
GC-2,4/21/23 11:22,71.6
GC-2,4/21/23 11:37,72.5
GC-2,4/21/23 11:52,74.3
GC-2,4/21/23 12:07,75.2
GC-2,4/21/23 12:22,77
GC-2,4/21/23 12:37,77.9
GC-2,4/21/23 12:52,78.8
GC-2,4/21/23 13:07,79.7
GC-2,4/21/23 13:22,80.6
GC-2,4/21/23 13:37,81.5
GC-2,4/21/23 13:52,82.4
GC-2,4/21/23 14:07,82.4
GC-2,4/21/23 14:22,83.3
GC-2,4/21/23 14:37,84.2
GC-2,4/21/23 14:52,84.2
GC-2,4/21/23 15:07,85.1
GC-2,4/21/23 15:22,85.1
GC-2,4/21/23 15:37,86
GC-2,4/21/23 15:52,86
GC-2,4/21/23 16:07,86.9
GC-2,4/21/23 16:22,86.9
GC-2,4/21/23 16:37,87.8
GC-2,4/21/23 16:52,87.8
GC-2,4/21/23 17:07,88.7
GC-2,4/21/23 17:22,88.7
GC-2,4/21/23 17:37,89.6
GC-2,4/21/23 17:52,89.6
GC-2,4/21/23 18:07,89.6
GC-2,4/21/23 18:22,88.7
GC-2,4/21/23 18:37,87.8
GC-2,4/21/23 18:52,86.9
GC-2,4/21/23 19:07,86
GC-2,4/21/23 19:22,85.1
GC-2,4/21/23 19:37,84.2
GC-2,4/21/23 19:52,83.3
GC-2,4/21/23 20:07,81.5
GC-2,4/21/23 20:22,80.6
GC-2,4/21/23 20:37,79.7
GC-2,4/21/23 20:52,78.8
GC-2,4/21/23 21:07,77.9
GC-2,4/21/23 21:22,76.1
GC-2,4/21/23 21:37,75.2
GC-2,4/21/23 21:52,74.3
GC-2,4/21/23 22:07,73.4
GC-2,4/21/23 22:22,72.5
GC-2,4/21/23 22:37,71.6
GC-2,4/21/23 22:52,70.7
GC-2,4/21/23 23:07,69.8
GC-2,4/21/23 23:22,68.9
GC-2,4/21/23 23:37,68
GC-2,4/21/23 23:52,67.1
GC-2,4/22/23 0:07,66.2
GC-2,4/22/23 0:22,65.3
GC-2,4/22/23 0:37,65.3
GC-2,4/22/23 0:52,64.4
GC-2,4/22/23 1:07,63.5
GC-2,4/22/23 1:22,63.5
GC-2,4/22/23 1:37,62.6
GC-2,4/22/23 1:52,61.7
GC-2,4/22/23 2:07,61.7
GC-2,4/22/23 2:22,60.8
GC-2,4/22/23 2:37,60.8
GC-2,4/22/23 2:52,59.9
GC-2,4/22/23 3:07,59.9
GC-2,4/22/23 3:22,59
GC-2,4/22/23 3:37,59
GC-2,4/22/23 3:52,58.1
GC-2,4/22/23 4:07,58.1
GC-2,4/22/23 4:22,57.2
GC-2,4/22/23 4:37,57.2
GC-2,4/22/23 4:52,56.3
GC-2,4/22/23 5:07,56.3
GC-2,4/22/23 5:22,55.4
GC-2,4/22/23 5:37,55.4
GC-2,4/22/23 5:52,55.4
GC-2,4/22/23 6:07,54.5
GC-2,4/22/23 6:22,54.5
GC-2,4/22/23 6:37,54.5
GC-2,4/22/23 6:52,53.6
GC-2,4/22/23 7:07,53.6
GC-2,4/22/23 7:22,53.6
GC-2,4/22/23 7:37,54.5
GC-2,4/22/23 7:52,55.4
GC-2,4/22/23 8:07,56.3
GC-2,4/22/23 8:22,57.2
GC-2,4/22/23 8:37,58.1
GC-2,4/22/23 8:52,59
GC-2,4/22/23 9:07,60.8
GC-2,4/22/23 9:22,61.7
GC-2,4/22/23 9:37,63.5
GC-2,4/22/23 9:52,65.3
GC-2,4/22/23 10:07,67.1
GC-2,4/22/23 10:22,68.9
GC-2,4/22/23 10:37,69.8
GC-2,4/22/23 10:52,71.6
GC-2,4/22/23 11:07,73.4
GC-2,4/22/23 11:22,75.2
GC-2,4/22/23 11:37,76.1
GC-2,4/22/23 11:52,77.9
GC-2,4/22/23 12:07,78.8
GC-2,4/22/23 12:22,79.7
GC-2,4/22/23 12:37,80.6
GC-2,4/22/23 12:52,81.5
GC-2,4/22/23 13:07,83.3
GC-2,4/22/23 13:22,83.3
GC-2,4/22/23 13:37,84.2
GC-2,4/22/23 13:52,85.1
GC-2,4/22/23 14:07,86
GC-2,4/22/23 14:22,86
GC-2,4/22/23 14:37,86.9
GC-2,4/22/23 14:52,86.9
GC-2,4/22/23 15:07,87.8
GC-2,4/22/23 15:22,87.8
GC-2,4/22/23 15:37,88.7
GC-2,4/22/23 15:52,88.7
GC-2,4/22/23 16:07,89.6
GC-2,4/22/23 16:22,89.6
GC-2,4/22/23 16:37,89.6
GC-2,4/22/23 16:52,90.5
GC-2,4/22/23 17:07,90.5
GC-2,4/22/23 17:22,91.4
GC-2,4/22/23 17:37,91.4
GC-2,4/22/23 17:52,91.4
GC-2,4/22/23 18:07,91.4
GC-2,4/22/23 18:22,90.5
GC-2,4/22/23 18:37,90.5
GC-2,4/22/23 18:52,89.6
GC-2,4/22/23 19:07,88.7
GC-2,4/22/23 19:22,87.8
GC-2,4/22/23 19:37,86
GC-2,4/22/23 19:52,85.1
GC-2,4/22/23 20:07,84.2
GC-2,4/22/23 20:22,83.3
GC-2,4/22/23 20:37,81.5
GC-2,4/22/23 20:52,80.6
GC-2,4/22/23 21:07,78.8
GC-2,4/22/23 21:22,77.9
GC-2,4/22/23 21:37,77
GC-2,4/22/23 21:52,76.1
GC-2,4/22/23 22:07,75.2
GC-2,4/22/23 22:22,74.3
GC-2,4/22/23 22:37,73.4
GC-2,4/22/23 22:52,72.5
GC-2,4/22/23 23:07,71.6
GC-2,4/22/23 23:22,70.7
GC-2,4/22/23 23:37,70.7
GC-2,4/22/23 23:52,69.8
GC-2,4/23/23 0:07,68.9
GC-2,4/23/23 0:22,68
GC-2,4/23/23 0:37,68
GC-2,4/23/23 0:52,67.1
GC-2,4/23/23 1:07,67.1
GC-2,4/23/23 1:22,66.2
GC-2,4/23/23 1:37,66.2
GC-2,4/23/23 1:52,65.3
GC-2,4/23/23 2:07,65.3
GC-2,4/23/23 2:22,64.4
GC-2,4/23/23 2:37,64.4
GC-2,4/23/23 2:52,63.5
GC-2,4/23/23 3:07,63.5
GC-2,4/23/23 3:22,62.6
GC-2,4/23/23 3:37,62.6
GC-2,4/23/23 3:52,61.7
GC-2,4/23/23 4:07,61.7
GC-2,4/23/23 4:22,60.8
GC-2,4/23/23 4:37,60.8
GC-2,4/23/23 4:52,59.9
GC-2,4/23/23 5:07,59.9
GC-2,4/23/23 5:22,59.9
GC-2,4/23/23 5:37,59
GC-2,4/23/23 5:52,59
GC-2,4/23/23 6:07,58.1
GC-2,4/23/23 6:22,58.1
GC-2,4/23/23 6:37,58.1
GC-2,4/23/23 6:52,58.1
GC-2,4/23/23 7:07,58.1
GC-2,4/23/23 7:22,58.1
GC-2,4/23/23 7:37,58.1
GC-2,4/23/23 7:52,59
GC-2,4/23/23 8:07,59
GC-2,4/23/23 8:22,59.9
GC-2,4/23/23 8:37,61.7
GC-2,4/23/23 8:52,62.6
GC-2,4/23/23 9:07,63.5
GC-2,4/23/23 9:22,65.3
GC-2,4/23/23 9:37,67.1
GC-2,4/23/23 9:52,68
GC-2,4/23/23 10:07,69.8
GC-2,4/23/23 10:22,71.6
GC-2,4/23/23 10:37,73.4
GC-2,4/23/23 10:52,75.2
GC-2,4/23/23 11:07,76.1
GC-2,4/23/23 11:22,77.9
GC-2,4/23/23 11:37,79.7
GC-2,4/23/23 11:52,80.6
GC-2,4/23/23 12:07,82.4
GC-2,4/23/23 12:22,83.3
GC-2,4/23/23 12:37,84.2
GC-2,4/23/23 12:52,85.1
GC-2,4/23/23 13:07,86
GC-2,4/23/23 13:22,86.9
GC-2,4/23/23 13:37,87.8
GC-2,4/23/23 13:52,87.8
GC-2,4/23/23 14:07,88.7
GC-2,4/23/23 14:22,89.6
GC-2,4/23/23 14:37,89.6
GC-2,4/23/23 14:52,90.5
GC-2,4/23/23 15:07,90.5
GC-2,4/23/23 15:22,91.4
GC-2,4/23/23 15:37,91.4
GC-2,4/23/23 15:52,92.3
GC-2,4/23/23 16:07,92.3
GC-2,4/23/23 16:22,92.3
GC-2,4/23/23 16:37,93.2
GC-2,4/23/23 16:52,93.2
GC-2,4/23/23 17:07,94.1
GC-2,4/23/23 17:22,94.1
GC-2,4/23/23 17:37,94.1
GC-2,4/23/23 17:52,94.1
GC-2,4/23/23 18:07,94.1
GC-2,4/23/23 18:22,93.2
GC-2,4/23/23 18:37,92.3
GC-2,4/23/23 18:52,92.3
GC-2,4/23/23 19:07,91.4
GC-2,4/23/23 19:22,90.5
GC-2,4/23/23 19:37,89.6
GC-2,4/23/23 19:52,87.8
GC-2,4/23/23 20:07,86.9
GC-2,4/23/23 20:22,86
GC-2,4/23/23 20:37,84.2
GC-2,4/23/23 20:52,83.3
GC-2,4/23/23 21:07,82.4
GC-2,4/23/23 21:22,81.5
GC-2,4/23/23 21:37,80.6
GC-2,4/23/23 21:52,80.6
GC-2,4/23/23 22:07,79.7
GC-2,4/23/23 22:22,78.8
GC-2,4/23/23 22:37,77.9
GC-2,4/23/23 22:52,77
GC-2,4/23/23 23:07,76.1
GC-2,4/23/23 23:22,75.2
GC-2,4/23/23 23:37,73.4
GC-2,4/23/23 23:52,73.4
GC-2,4/24/23 0:07,71.6
GC-2,4/24/23 0:22,70.7
GC-2,4/24/23 0:37,69.8
GC-2,4/24/23 0:52,69.8
GC-2,4/24/23 1:07,68.9
GC-2,4/24/23 1:22,68
GC-2,4/24/23 1:37,68
GC-2,4/24/23 1:52,67.1
GC-2,4/24/23 2:07,66.2
GC-2,4/24/23 2:22,66.2
GC-2,4/24/23 2:37,65.3
GC-2,4/24/23 2:52,65.3
GC-2,4/24/23 3:07,65.3
GC-2,4/24/23 3:22,64.4
GC-2,4/24/23 3:37,63.5
GC-2,4/24/23 3:52,63.5
GC-2,4/24/23 4:07,62.6
GC-2,4/24/23 4:22,62.6
GC-2,4/24/23 4:37,61.7
GC-2,4/24/23 4:52,61.7
GC-2,4/24/23 5:07,60.8
GC-2,4/24/23 5:22,59.9
GC-2,4/24/23 5:37,59.9
GC-2,4/24/23 5:52,59
GC-2,4/24/23 6:07,59
GC-2,4/24/23 6:22,58.1
GC-2,4/24/23 6:37,58.1
GC-2,4/24/23 6:52,58.1
GC-2,4/24/23 7:07,57.2
GC-2,4/24/23 7:22,58.1
GC-2,4/24/23 7:37,58.1
GC-2,4/24/23 7:52,59
GC-2,4/24/23 8:07,59.9
GC-2,4/24/23 8:22,60.8
GC-2,4/24/23 8:37,62.6
GC-2,4/24/23 8:52,63.5
GC-2,4/24/23 9:07,65.3
GC-2,4/24/23 9:22,66.2
GC-2,4/24/23 9:37,68
GC-2,4/24/23 9:52,68.9
GC-2,4/24/23 10:07,70.7
GC-2,4/24/23 10:22,71.6
GC-2,4/24/23 10:37,73.4
GC-2,4/24/23 10:52,75.2
GC-2,4/24/23 11:07,76.1
GC-2,4/24/23 11:22,77.9
GC-2,4/24/23 11:37,78.8
GC-2,4/24/23 11:52,80.6
GC-2,4/24/23 12:07,81.5
GC-2,4/24/23 12:22,82.4
GC-2,4/24/23 12:37,83.3
GC-2,4/24/23 12:52,84.2
GC-2,4/24/23 13:07,85.1
GC-2,4/24/23 13:22,86
GC-2,4/24/23 13:37,86
GC-2,4/24/23 13:52,86.9
GC-2,4/24/23 14:07,87.8
GC-2,4/24/23 14:22,87.8
GC-2,4/24/23 14:37,87.8
GC-2,4/24/23 14:52,88.7
GC-2,4/24/23 15:07,88.7
GC-2,4/24/23 15:22,89.6
GC-2,4/24/23 15:37,89.6
GC-2,4/24/23 15:52,90.5
GC-2,4/24/23 16:07,90.5
GC-2,4/24/23 16:22,91.4
GC-2,4/24/23 16:37,91.4
GC-2,4/24/23 16:52,92.3
GC-2,4/24/23 17:07,92.3
GC-2,4/24/23 17:22,93.2
GC-2,4/24/23 17:37,93.2
GC-2,4/24/23 17:52,93.2
GC-2,4/24/23 18:07,92.3
GC-2,4/24/23 18:22,92.3
GC-2,4/24/23 18:37,91.4
GC-2,4/24/23 18:52,90.5
GC-2,4/24/23 19:07,88.7
GC-2,4/24/23 19:22,87.8
GC-2,4/24/23 19:37,86.9
GC-2,4/24/23 19:52,86
GC-2,4/24/23 20:07,85.1
GC-2,4/24/23 20:22,85.1
GC-2,4/24/23 20:37,84.2
GC-2,4/24/23 20:52,83.3
GC-2,4/24/23 21:07,82.4
GC-2,4/24/23 21:22,81.5
GC-2,4/24/23 21:37,81.5
GC-2,4/24/23 21:52,80.6
GC-2,4/24/23 22:07,79.7
GC-2,4/24/23 22:22,78.8
GC-2,4/24/23 22:37,77.9
GC-2,4/24/23 22:52,77
GC-2,4/24/23 23:07,76.1
GC-2,4/24/23 23:22,75.2
GC-2,4/24/23 23:37,74.3
GC-2,4/24/23 23:52,73.4
GC-2,4/25/23 0:07,72.5
GC-2,4/25/23 0:22,71.6
GC-2,4/25/23 0:37,70.7
GC-2,4/25/23 0:52,69.8
GC-2,4/25/23 1:07,69.8
GC-2,4/25/23 1:22,68.9
GC-2,4/25/23 1:37,68
GC-2,4/25/23 1:52,67.1
GC-2,4/25/23 2:07,66.2
GC-2,4/25/23 2:22,66.2
GC-2,4/25/23 2:37,66.2
GC-2,4/25/23 2:52,65.3
GC-2,4/25/23 3:07,65.3
GC-2,4/25/23 3:22,65.3
GC-2,4/25/23 3:37,65.3
GC-2,4/25/23 3:52,65.3
GC-2,4/25/23 4:07,65.3
GC-2,4/25/23 4:22,65.3
GC-2,4/25/23 4:37,65.3
GC-2,4/25/23 4:52,65.3
GC-2,4/25/23 5:07,65.3
GC-2,4/25/23 5:22,65.3
GC-2,4/25/23 5:37,64.4
GC-2,4/25/23 5:52,64.4
GC-2,4/25/23 6:07,64.4
GC-2,4/25/23 6:22,63.5
GC-2,4/25/23 6:37,63.5
GC-2,4/25/23 6:52,63.5
GC-2,4/25/23 7:07,63.5
GC-2,4/25/23 7:22,63.5
GC-2,4/25/23 7:37,63.5
GC-2,4/25/23 7:52,64.4
GC-2,4/25/23 8:07,64.4
GC-2,4/25/23 8:22,65.3
GC-2,4/25/23 8:37,66.2
GC-2,4/25/23 8:52,67.1
GC-2,4/25/23 9:07,68
GC-2,4/25/23 9:22,69.8
GC-2,4/25/23 9:37,70.7
GC-2,4/25/23 9:52,71.6
GC-2,4/25/23 10:07,73.4
GC-2,4/25/23 10:22,74.3
GC-2,4/25/23 10:37,75.2
GC-2,4/25/23 10:52,77
GC-2,4/25/23 11:07,77.9
GC-2,4/25/23 11:22,78.8
GC-2,4/25/23 11:37,79.7
GC-2,4/25/23 11:52,81.5
GC-2,4/25/23 12:07,82.4
GC-2,4/25/23 12:22,83.3
GC-2,4/25/23 12:37,84.2
GC-2,4/25/23 12:52,84.2
GC-2,4/25/23 13:07,85.1
GC-2,4/25/23 13:22,86
GC-2,4/25/23 13:37,86.9
GC-2,4/25/23 13:52,86.9
GC-2,4/25/23 14:07,87.8
GC-2,4/25/23 14:22,87.8
GC-2,4/25/23 14:37,87.8
GC-2,4/25/23 14:52,88.7
GC-2,4/25/23 15:07,88.7
GC-2,4/25/23 15:22,88.7
GC-2,4/25/23 15:37,89.6
GC-2,4/25/23 15:52,89.6
GC-2,4/25/23 16:07,89.6
GC-2,4/25/23 16:22,89.6
GC-2,4/25/23 16:37,90.5
GC-2,4/25/23 16:52,90.5
GC-2,4/25/23 17:07,90.5
GC-2,4/25/23 17:22,91.4
GC-2,4/25/23 17:37,91.4
GC-2,4/25/23 17:52,91.4
GC-2,4/25/23 18:07,91.4
GC-2,4/25/23 18:22,91.4
GC-2,4/25/23 18:37,90.5
GC-2,4/25/23 18:52,89.6
GC-2,4/25/23 19:07,87.8
GC-2,4/25/23 19:22,86.9
GC-2,4/25/23 19:37,86
GC-2,4/25/23 19:52,85.1
GC-2,4/25/23 20:07,84.2
GC-2,4/25/23 20:22,84.2
GC-2,4/25/23 20:37,83.3
GC-2,4/25/23 20:52,82.4
GC-2,4/25/23 21:07,82.4
GC-2,4/25/23 21:22,81.5
GC-2,4/25/23 21:37,80.6
GC-2,4/25/23 21:52,79.7
GC-2,4/25/23 22:07,79.7
GC-2,4/25/23 22:22,78.8
GC-2,4/25/23 22:37,77.9
GC-2,4/25/23 22:52,77
GC-2,4/25/23 23:07,76.1
GC-2,4/25/23 23:22,75.2
GC-2,4/25/23 23:37,74.3
GC-2,4/25/23 23:52,73.4
GC-2,4/26/23 0:07,72.5
GC-2,4/26/23 0:22,72.5
GC-2,4/26/23 0:37,71.6
GC-2,4/26/23 0:52,70.7
GC-2,4/26/23 1:07,69.8
GC-2,4/26/23 1:22,69.8
GC-2,4/26/23 1:37,68.9
GC-2,4/26/23 1:52,67.1
GC-2,4/26/23 2:07,67.1
GC-2,4/26/23 2:22,66.2
GC-2,4/26/23 2:37,65.3
GC-2,4/26/23 2:52,64.4
GC-2,4/26/23 3:07,63.5
GC-2,4/26/23 3:22,63.5
GC-2,4/26/23 3:37,62.6
GC-2,4/26/23 3:52,61.7
GC-2,4/26/23 4:07,60.8
GC-2,4/26/23 4:22,60.8
GC-2,4/26/23 4:37,59.9
GC-2,4/26/23 4:52,59.9
GC-2,4/26/23 5:07,59
GC-2,4/26/23 5:22,59
GC-2,4/26/23 5:37,58.1
GC-2,4/26/23 5:52,58.1
GC-2,4/26/23 6:07,57.2
GC-2,4/26/23 6:22,57.2
GC-2,4/26/23 6:37,57.2
GC-2,4/26/23 6:52,57.2
GC-2,4/26/23 7:07,56.3
GC-2,4/26/23 7:22,57.2
GC-2,4/26/23 7:37,57.2
GC-2,4/26/23 7:52,58.1
GC-2,4/26/23 8:07,59
GC-2,4/26/23 8:22,59.9
GC-2,4/26/23 8:37,60.8
GC-2,4/26/23 8:52,61.7
GC-2,4/26/23 9:07,63.5
GC-2,4/26/23 9:22,64.4
GC-2,4/26/23 9:37,66.2
GC-2,4/26/23 9:52,68
GC-2,4/26/23 10:07,68.9
GC-2,4/26/23 10:22,70.7
GC-2,4/26/23 10:37,72.5
GC-2,4/26/23 10:52,73.4
GC-2,4/26/23 11:07,74.3
GC-2,4/26/23 11:22,76.1
GC-2,4/26/23 11:37,77
GC-2,4/26/23 11:52,77.9
GC-2,4/26/23 12:07,78.8
GC-2,4/26/23 12:22,78.8
GC-2,4/26/23 12:37,79.7
GC-2,4/26/23 12:52,80.6
GC-2,4/26/23 13:07,81.5
GC-2,4/26/23 13:22,81.5
GC-2,4/26/23 13:37,82.4
GC-2,4/26/23 13:52,83.3
GC-2,4/26/23 14:07,83.3
GC-2,4/26/23 14:22,84.2
GC-2,4/26/23 14:37,84.2
GC-2,4/26/23 14:52,84.2
GC-2,4/26/23 15:07,85.1
GC-2,4/26/23 15:22,85.1
GC-2,4/26/23 15:37,86
GC-2,4/26/23 15:52,86
GC-2,4/26/23 16:07,86.9
GC-2,4/26/23 16:22,86.9
GC-2,4/26/23 16:37,86.9
GC-2,4/26/23 16:52,87.8
GC-2,4/26/23 17:07,87.8
GC-2,4/26/23 17:22,88.7
GC-2,4/26/23 17:37,88.7
GC-2,4/26/23 17:52,88.7
GC-2,4/26/23 18:07,88.7
GC-2,4/26/23 18:22,88.7
GC-2,4/26/23 18:37,87.8
GC-2,4/26/23 18:52,86.9
GC-2,4/26/23 19:07,86
GC-2,4/26/23 19:22,85.1
GC-2,4/26/23 19:37,84.2
GC-2,4/26/23 19:52,83.3
GC-2,4/26/23 20:07,81.5
GC-2,4/26/23 20:22,80.6
GC-2,4/26/23 20:37,78.8
GC-2,4/26/23 20:52,77.9
GC-2,4/26/23 21:07,77
GC-2,4/26/23 21:22,75.2
GC-2,4/26/23 21:37,74.3
GC-2,4/26/23 21:52,73.4
GC-2,4/26/23 22:07,72.5
GC-2,4/26/23 22:22,71.6
GC-2,4/26/23 22:37,70.7
GC-2,4/26/23 22:52,69.8
GC-2,4/26/23 23:07,68.9
GC-2,4/26/23 23:22,68
GC-2,4/26/23 23:37,67.1
GC-2,4/26/23 23:52,66.2
GC-2,4/27/23 0:07,65.3
GC-2,4/27/23 0:22,65.3
GC-2,4/27/23 0:37,64.4
GC-2,4/27/23 0:52,63.5
GC-2,4/27/23 1:07,63.5
GC-2,4/27/23 1:22,62.6
GC-2,4/27/23 1:37,62.6
GC-2,4/27/23 1:52,61.7
GC-2,4/27/23 2:07,61.7
GC-2,4/27/23 2:22,61.7
GC-2,4/27/23 2:37,60.8
GC-2,4/27/23 2:52,59.9
GC-2,4/27/23 3:07,59.9
GC-2,4/27/23 3:22,59.9
GC-2,4/27/23 3:37,59
GC-2,4/27/23 3:52,59
GC-2,4/27/23 4:07,58.1
GC-2,4/27/23 4:22,58.1
GC-2,4/27/23 4:37,57.2
GC-2,4/27/23 4:52,57.2
GC-2,4/27/23 5:07,56.3
GC-2,4/27/23 5:22,56.3
GC-2,4/27/23 5:37,55.4
GC-2,4/27/23 5:52,55.4
GC-2,4/27/23 6:07,55.4
GC-2,4/27/23 6:22,54.5
GC-2,4/27/23 6:37,54.5
GC-2,4/27/23 6:52,54.5
GC-2,4/27/23 7:07,54.5
GC-2,4/27/23 7:22,54.5
GC-2,4/27/23 7:37,54.5
GC-2,4/27/23 7:52,55.4
GC-2,4/27/23 8:07,56.3
GC-2,4/27/23 8:22,57.2
GC-2,4/27/23 8:37,58.1
GC-2,4/27/23 8:52,59.9
GC-2,4/27/23 9:07,60.8
GC-2,4/27/23 9:22,62.6
GC-2,4/27/23 9:37,63.5
GC-2,4/27/23 9:52,65.3
GC-2,4/27/23 10:07,67.1
GC-2,4/27/23 10:22,68.9
GC-2,4/27/23 10:37,70.7
GC-2,4/27/23 10:52,72.5
GC-2,4/27/23 11:07,74.3
GC-2,4/27/23 11:22,76.1
GC-2,4/27/23 11:37,77
GC-2,4/27/23 11:52,78.8
GC-2,4/27/23 12:07,79.7
GC-2,4/27/23 12:22,81.5
GC-2,4/27/23 12:37,82.4
GC-2,4/27/23 12:52,83.3
GC-2,4/27/23 13:07,84.2
GC-2,4/27/23 13:22,85.1
GC-2,4/27/23 13:37,86
GC-2,4/27/23 13:52,86
GC-2,4/27/23 14:07,86.9
GC-2,4/27/23 14:22,87.8
GC-2,4/27/23 14:37,87.8
GC-2,4/27/23 14:52,88.7
GC-2,4/27/23 15:07,88.7
GC-2,4/27/23 15:22,89.6
GC-2,4/27/23 15:37,89.6
GC-2,4/27/23 15:52,90.5
GC-2,4/27/23 16:07,90.5
GC-2,4/27/23 16:22,90.5
GC-2,4/27/23 16:37,91.4
GC-2,4/27/23 16:52,91.4
GC-2,4/27/23 17:07,92.3
GC-2,4/27/23 17:22,92.3
GC-2,4/27/23 17:37,93.2
GC-2,4/27/23 17:52,93.2
GC-2,4/27/23 18:07,93.2
GC-2,4/27/23 18:22,93.2
GC-2,4/27/23 18:37,92.3
GC-2,4/27/23 18:52,91.4
GC-2,4/27/23 19:07,90.5
GC-2,4/27/23 19:22,89.6
GC-2,4/27/23 19:37,88.7
GC-2,4/27/23 19:52,86.9
GC-2,4/27/23 20:07,86
GC-2,4/27/23 20:22,84.2
GC-2,4/27/23 20:37,83.3
GC-2,4/27/23 20:52,82.4
GC-2,4/27/23 21:07,80.6
GC-2,4/27/23 21:22,79.7
GC-2,4/27/23 21:37,78.8
GC-2,4/27/23 21:52,77.9
GC-2,4/27/23 22:07,77
GC-2,4/27/23 22:22,76.1
GC-2,4/27/23 22:37,75.2
GC-2,4/27/23 22:52,73.4
GC-2,4/27/23 23:07,73.4
GC-2,4/27/23 23:22,72.5
GC-2,4/27/23 23:37,70.7
GC-2,4/27/23 23:52,69.8
GC-2,4/28/23 0:07,68.9
GC-2,4/28/23 0:22,68
GC-2,4/28/23 0:37,68
GC-2,4/28/23 0:52,67.1
GC-2,4/28/23 1:07,66.2
GC-2,4/28/23 1:22,65.3
GC-2,4/28/23 1:37,64.4
GC-2,4/28/23 1:52,64.4
GC-2,4/28/23 2:07,63.5
GC-2,4/28/23 2:22,62.6
GC-2,4/28/23 2:37,62.6
GC-2,4/28/23 2:52,61.7
GC-2,4/28/23 3:07,61.7
GC-2,4/28/23 3:22,60.8
GC-2,4/28/23 3:37,60.8
GC-2,4/28/23 3:52,59.9
GC-2,4/28/23 4:07,59.9
GC-2,4/28/23 4:22,59
GC-2,4/28/23 4:37,59
GC-2,4/28/23 4:52,58.1
GC-2,4/28/23 5:07,58.1
GC-2,4/28/23 5:22,58.1
GC-2,4/28/23 5:37,57.2
GC-2,4/28/23 5:52,57.2
GC-2,4/28/23 6:07,56.3
GC-2,4/28/23 6:22,56.3
GC-2,4/28/23 6:37,56.3
GC-2,4/28/23 6:52,56.3
GC-2,4/28/23 7:07,56.3
GC-2,4/28/23 7:22,56.3
GC-2,4/28/23 7:37,57.2
GC-2,4/28/23 7:52,57.2
GC-2,4/28/23 8:07,58.1
GC-2,4/28/23 8:22,59.9
GC-2,4/28/23 8:37,60.8
GC-2,4/28/23 8:52,62.6
GC-2,4/28/23 9:07,63.5
GC-2,4/28/23 9:22,65.3
GC-2,4/28/23 9:37,67.1
GC-2,4/28/23 9:52,68.9
GC-2,4/28/23 10:07,70.7
GC-2,4/28/23 10:22,72.5
GC-2,4/28/23 10:37,73.4
GC-2,4/28/23 10:52,75.2
GC-2,4/28/23 11:07,77
GC-2,4/28/23 11:22,78.8
GC-2,4/28/23 11:37,79.7
GC-2,4/28/23 11:52,81.5
GC-2,4/28/23 12:07,82.4
GC-2,4/28/23 12:22,83.3
GC-2,4/28/23 12:37,84.2
GC-2,4/28/23 12:52,86
GC-2,4/28/23 13:07,86.9
GC-2,4/28/23 13:22,87.8
GC-2,4/28/23 13:37,88.7
GC-2,4/28/23 13:52,89.6
GC-2,4/28/23 14:07,90.5
GC-2,4/28/23 14:22,90.5
GC-2,4/28/23 14:37,91.4
GC-2,4/28/23 14:52,91.4
GC-2,4/28/23 15:07,92.3
GC-2,4/28/23 15:22,92.3
GC-2,4/28/23 15:37,93.2
GC-2,4/28/23 15:52,93.2
GC-2,4/28/23 16:07,94.1
GC-2,4/28/23 16:22,94.1
GC-2,4/28/23 16:37,95
GC-2,4/28/23 16:52,95
GC-2,4/28/23 17:07,95
GC-2,4/28/23 17:22,95.9
GC-2,4/28/23 17:37,95.9
GC-2,4/28/23 17:52,95.9
GC-2,4/28/23 18:07,95.9
GC-2,4/28/23 18:22,95.9
GC-2,4/28/23 18:37,95
GC-2,4/28/23 18:52,94.1
GC-2,4/28/23 19:07,93.2
GC-2,4/28/23 19:22,92.3
GC-2,4/28/23 19:37,91.4
GC-2,4/28/23 19:52,89.6
GC-2,4/28/23 20:07,88.7
GC-2,4/28/23 20:22,87.8
GC-2,4/28/23 20:37,86
GC-2,4/28/23 20:52,84.2
GC-2,4/28/23 21:07,83.3
GC-2,4/28/23 21:22,82.4
GC-2,4/28/23 21:37,80.6
GC-2,4/28/23 21:52,79.7
GC-2,4/28/23 22:07,78.8
GC-2,4/28/23 22:22,77.9
GC-2,4/28/23 22:37,77
GC-2,4/28/23 22:52,76.1
GC-2,4/28/23 23:07,76.1
GC-2,4/28/23 23:22,75.2
GC-2,4/28/23 23:37,74.3
GC-2,4/28/23 23:52,74.3
GC-2,4/29/23 0:07,74.3
GC-2,4/29/23 0:22,73.4
GC-2,4/29/23 0:37,73.4
GC-2,4/29/23 0:52,73.4
GC-2,4/29/23 1:07,72.5
GC-2,4/29/23 1:22,72.5
GC-2,4/29/23 1:37,72.5
GC-2,4/29/23 1:52,72.5
GC-2,4/29/23 2:07,71.6
GC-2,4/29/23 2:22,71.6
GC-2,4/29/23 2:37,70.7
GC-2,4/29/23 2:52,69.8
GC-2,4/29/23 3:07,69.8
GC-2,4/29/23 3:22,68.9
GC-2,4/29/23 3:37,68.9
GC-2,4/29/23 3:52,68.9
GC-2,4/29/23 4:07,68
GC-2,4/29/23 4:22,68
GC-2,4/29/23 4:37,67.1
GC-2,4/29/23 4:52,67.1
GC-2,4/29/23 5:07,66.2
GC-2,4/29/23 5:22,66.2
GC-2,4/29/23 5:37,65.3
GC-2,4/29/23 5:52,65.3
GC-2,4/29/23 6:07,64.4
GC-2,4/29/23 6:22,63.5
GC-2,4/29/23 6:37,63.5
GC-2,4/29/23 6:52,62.6
GC-2,4/29/23 7:07,62.6
GC-2,4/29/23 7:22,62.6
GC-2,4/29/23 7:37,62.6
GC-2,4/29/23 7:52,63.5
GC-2,4/29/23 8:07,63.5
GC-2,4/29/23 8:22,64.4
GC-2,4/29/23 8:37,65.3
GC-2,4/29/23 8:52,66.2
GC-2,4/29/23 9:07,68
GC-2,4/29/23 9:22,68.9
GC-2,4/29/23 9:37,70.7
GC-2,4/29/23 9:52,71.6
GC-2,4/29/23 10:07,73.4
GC-2,4/29/23 10:22,75.2
GC-2,4/29/23 10:37,77
GC-2,4/29/23 10:52,77.9
GC-2,4/29/23 11:07,79.7
GC-2,4/29/23 11:22,81.5
GC-2,4/29/23 11:37,82.4
GC-2,4/29/23 11:52,84.2
GC-2,4/29/23 12:07,86
GC-2,4/29/23 12:22,86.9
GC-2,4/29/23 12:37,88.7
GC-2,4/29/23 12:52,89.6
GC-2,4/29/23 13:07,90.5
GC-2,4/29/23 13:22,91.4
GC-2,4/29/23 13:37,92.3
GC-2,4/29/23 13:52,93.2
GC-2,4/29/23 14:07,94.1
GC-2,4/29/23 14:22,95
GC-2,4/29/23 14:37,95
GC-2,4/29/23 14:52,95.9
GC-2,4/29/23 15:07,95.9
GC-2,4/29/23 15:22,96.8
GC-2,4/29/23 15:37,96.8
GC-2,4/29/23 15:52,97.7
GC-2,4/29/23 16:07,97.7
GC-2,4/29/23 16:22,98.6
GC-2,4/29/23 16:37,99.5
GC-2,4/29/23 16:52,100.4
GC-2,4/29/23 17:07,100.4
GC-2,4/29/23 17:22,101.3
GC-2,4/29/23 17:37,101.3
GC-2,4/29/23 17:52,102.2
GC-2,4/29/23 18:07,102.2
GC-2,4/29/23 18:22,102.2
GC-2,4/29/23 18:37,101.3
GC-2,4/29/23 18:52,99.5
GC-2,4/29/23 19:07,98.6
GC-2,4/29/23 19:22,96.8
GC-2,4/29/23 19:37,95.9
GC-2,4/29/23 19:52,95
GC-2,4/29/23 20:07,93.2
GC-2,4/29/23 20:22,91.4
GC-2,4/29/23 20:37,90.5
GC-2,4/29/23 20:52,89.6
GC-2,4/29/23 21:07,87.8
GC-2,4/29/23 21:22,86.9
GC-2,4/29/23 21:37,86
GC-2,4/29/23 21:52,84.2
GC-2,4/29/23 22:07,83.3
GC-2,4/29/23 22:22,82.4
GC-2,4/29/23 22:37,81.5
GC-2,4/29/23 22:52,80.6
GC-2,4/29/23 23:07,79.7
GC-2,4/29/23 23:22,78.8
GC-2,4/29/23 23:37,77.9
GC-2,4/29/23 23:52,77
GC-2,4/30/23 0:07,76.1
GC-2,4/30/23 0:22,75.2
GC-2,4/30/23 0:37,74.3
GC-2,4/30/23 0:52,73.4
GC-2,4/30/23 1:07,72.5
GC-2,4/30/23 1:22,71.6
GC-2,4/30/23 1:37,71.6
GC-2,4/30/23 1:52,70.7
GC-2,4/30/23 2:07,69.8
GC-2,4/30/23 2:22,69.8
GC-2,4/30/23 2:37,68.9
GC-2,4/30/23 2:52,68
GC-2,4/30/23 3:07,68
GC-2,4/30/23 3:22,67.1
GC-2,4/30/23 3:37,67.1
GC-2,4/30/23 3:52,66.2
GC-2,4/30/23 4:07,66.2
GC-2,4/30/23 4:22,65.3
GC-2,4/30/23 4:37,65.3
GC-2,4/30/23 4:52,64.4
GC-2,4/30/23 5:07,63.5
GC-2,4/30/23 5:22,63.5
GC-2,4/30/23 5:37,62.6
GC-2,4/30/23 5:52,62.6
GC-2,4/30/23 6:07,62.6
GC-2,4/30/23 6:22,61.7
GC-2,4/30/23 6:37,61.7
GC-2,4/30/23 6:52,61.7
GC-2,4/30/23 7:07,61.7
GC-2,4/30/23 7:22,61.7
GC-2,4/30/23 7:37,61.7
GC-2,4/30/23 7:52,62.6
GC-2,4/30/23 8:07,63.5
GC-2,4/30/23 8:22,64.4
GC-2,4/30/23 8:37,65.3
GC-2,4/30/23 8:52,66.2
GC-2,4/30/23 9:07,68
GC-2,4/30/23 9:22,68.9
GC-2,4/30/23 9:37,70.7
GC-2,4/30/23 9:52,72.5
GC-2,4/30/23 10:07,73.4
GC-2,4/30/23 10:22,75.2
GC-2,4/30/23 10:37,77
GC-2,4/30/23 10:52,78.8
GC-2,4/30/23 11:07,80.6
GC-2,4/30/23 11:22,82.4
GC-2,4/30/23 11:37,84.2
GC-2,4/30/23 11:52,86
GC-2,4/30/23 12:07,86.9
GC-2,4/30/23 12:22,88.7
GC-2,4/30/23 12:37,89.6
GC-2,4/30/23 12:52,91.4
GC-2,4/30/23 13:07,92.3
GC-2,4/30/23 13:22,93.2
GC-2,4/30/23 13:37,94.1
GC-2,4/30/23 13:52,95
GC-2,4/30/23 14:07,95.9
GC-2,4/30/23 14:22,96.8
GC-2,4/30/23 14:37,97.7
GC-2,4/30/23 14:52,98.6
GC-2,4/30/23 15:07,98.6
GC-2,4/30/23 15:22,99.5
GC-2,4/30/23 15:37,99.5
GC-2,4/30/23 15:52,99.5
GC-2,4/30/23 16:07,99.5
GC-2,4/30/23 16:22,99.5
GC-2,4/30/23 16:37,100.4
GC-2,4/30/23 16:52,100.4
GC-2,4/30/23 17:07,99.5
GC-2,4/30/23 17:22,99.5
GC-2,4/30/23 17:37,99.5
GC-2,4/30/23 17:52,99.5
GC-2,4/30/23 18:07,99.5
GC-2,4/30/23 18:22,99.5
GC-2,4/30/23 18:37,99.5
GC-2,4/30/23 18:52,98.6
GC-2,4/30/23 19:07,97.7
GC-2,4/30/23 19:22,96.8
GC-2,4/30/23 19:37,95
GC-2,4/30/23 19:52,94.1
GC-2,4/30/23 20:07,93.2
GC-2,4/30/23 20:22,92.3
GC-2,4/30/23 20:37,91.4
GC-2,4/30/23 20:52,90.5
GC-2,4/30/23 21:07,89.6
GC-2,4/30/23 21:22,88.7
GC-2,4/30/23 21:37,88.7
GC-2,4/30/23 21:52,87.8
GC-2,4/30/23 22:07,86.9
GC-2,4/30/23 22:22,86
GC-2,4/30/23 22:37,85.1
GC-2,4/30/23 22:52,84.2
GC-2,4/30/23 23:07,83.3
GC-2,4/30/23 23:22,82.4
GC-2,4/30/23 23:37,80.6
GC-2,4/30/23 23:52,79.7
GC-1,5/6/23 0:01,66.2
GC-1,5/6/23 0:16,65.3
GC-1,5/6/23 0:31,64.4
GC-1,5/6/23 0:46,64.4
GC-1,5/6/23 1:01,63.5
GC-1,5/6/23 1:16,62.6
GC-1,5/6/23 1:31,61.7
GC-1,5/6/23 1:46,60.8
GC-1,5/6/23 2:01,60.8
GC-1,5/6/23 2:16,59.9
GC-1,5/6/23 2:31,59
GC-1,5/6/23 2:46,59
GC-1,5/6/23 3:01,58.1
GC-1,5/6/23 3:16,57.2
GC-1,5/6/23 3:31,57.2
GC-1,5/6/23 3:46,56.3
GC-1,5/6/23 4:01,56.3
GC-1,5/6/23 4:16,55.4
GC-1,5/6/23 4:31,55.4
GC-1,5/6/23 4:46,54.5
GC-1,5/6/23 5:01,54.5
GC-1,5/6/23 5:16,53.6
GC-1,5/6/23 5:31,53.6
GC-1,5/6/23 5:46,53.6
GC-1,5/6/23 6:01,52.7
GC-1,5/6/23 6:16,52.7
GC-1,5/6/23 6:31,52.7
GC-1,5/6/23 6:46,51.8
GC-1,5/6/23 7:01,51.8
GC-1,5/6/23 7:16,52.7
GC-1,5/6/23 7:31,52.7
GC-1,5/6/23 7:46,53.6
GC-1,5/6/23 8:01,54.5
GC-1,5/6/23 8:16,55.4
GC-1,5/6/23 8:31,57.2
GC-1,5/6/23 8:46,58.1
GC-1,5/6/23 9:01,59.9
GC-1,5/6/23 9:16,61.7
GC-1,5/6/23 9:31,63.5
GC-1,5/6/23 9:46,65.3
GC-1,5/6/23 10:01,66.2
GC-1,5/6/23 10:16,68
GC-1,5/6/23 10:31,69.8
GC-1,5/6/23 10:46,71.6
GC-1,5/6/23 11:01,73.4
GC-1,5/6/23 11:16,74.3
GC-1,5/6/23 11:31,76.1
GC-1,5/6/23 11:46,77
GC-1,5/6/23 12:01,78.8
GC-1,5/6/23 12:16,79.7
GC-1,5/6/23 12:31,80.6
GC-1,5/6/23 12:46,81.5
GC-1,5/6/23 13:01,82.4
GC-1,5/6/23 13:16,83.3
GC-1,5/6/23 13:31,84.2
GC-1,5/6/23 13:46,85.1
GC-1,5/6/23 14:01,85.1
GC-1,5/6/23 14:16,86
GC-1,5/6/23 14:31,86
GC-1,5/6/23 14:46,86.9
GC-1,5/6/23 15:01,86.9
GC-1,5/6/23 15:16,87.8
GC-1,5/6/23 15:31,88.7
GC-1,5/6/23 15:46,88.7
GC-1,5/6/23 16:01,88.7
GC-1,5/6/23 16:16,88.7
GC-1,5/6/23 16:31,88.7
GC-1,5/6/23 16:46,89.6
GC-1,5/6/23 17:01,89.6
GC-1,5/6/23 17:16,89.6
GC-1,5/6/23 17:31,89.6
GC-1,5/6/23 17:46,89.6
GC-1,5/6/23 18:01,89.6
GC-1,5/6/23 18:16,88.7
GC-1,5/6/23 18:31,88.7
GC-1,5/6/23 18:46,88.7
GC-1,5/6/23 19:01,86.9
GC-1,5/6/23 19:16,86
GC-1,5/6/23 19:31,85.1
GC-1,5/6/23 19:46,84.2
GC-1,5/6/23 20:01,83.3
GC-1,5/6/23 20:16,82.4
GC-1,5/6/23 20:31,80.6
GC-1,5/6/23 20:46,79.7
GC-1,5/6/23 21:01,78.8
GC-1,5/6/23 21:16,77
GC-1,5/6/23 21:31,76.1
GC-1,5/6/23 21:46,75.2
GC-1,5/6/23 22:01,74.3
GC-1,5/6/23 22:16,72.5
GC-1,5/6/23 22:31,71.6
GC-1,5/6/23 22:46,70.7
GC-1,5/6/23 23:01,69.8
GC-1,5/6/23 23:16,68.9
GC-1,5/6/23 23:31,68
GC-1,5/6/23 23:46,67.1
GC-1,5/7/23 0:01,66.2
GC-1,5/7/23 0:16,66.2
GC-1,5/7/23 0:31,65.3
GC-1,5/7/23 0:46,64.4
GC-1,5/7/23 1:01,63.5
GC-1,5/7/23 1:16,63.5
GC-1,5/7/23 1:31,62.6
GC-1,5/7/23 1:46,61.7
GC-1,5/7/23 2:01,61.7
GC-1,5/7/23 2:16,60.8
GC-1,5/7/23 2:31,59.9
GC-1,5/7/23 2:46,59.9
GC-1,5/7/23 3:01,59
GC-1,5/7/23 3:16,59
GC-1,5/7/23 3:31,58.1
GC-1,5/7/23 3:46,58.1
GC-1,5/7/23 4:01,57.2
GC-1,5/7/23 4:16,57.2
GC-1,5/7/23 4:31,57.2
GC-1,5/7/23 4:46,56.3
GC-1,5/7/23 5:01,56.3
GC-1,5/7/23 5:16,56.3
GC-1,5/7/23 5:31,55.4
GC-1,5/7/23 5:46,55.4
GC-1,5/7/23 6:01,55.4
GC-1,5/7/23 6:16,54.5
GC-1,5/7/23 6:31,54.5
GC-1,5/7/23 6:46,54.5
GC-1,5/7/23 7:01,54.5
GC-1,5/7/23 7:16,54.5
GC-1,5/7/23 7:31,54.5
GC-1,5/7/23 7:46,55.4
GC-1,5/7/23 8:01,56.3
GC-1,5/7/23 8:16,58.1
GC-1,5/7/23 8:31,59
GC-1,5/7/23 8:46,60.8
GC-1,5/7/23 9:01,61.7
GC-1,5/7/23 9:16,63.5
GC-1,5/7/23 9:31,65.3
GC-1,5/7/23 9:46,67.1
GC-1,5/7/23 10:01,68.9
GC-1,5/7/23 10:16,70.7
GC-1,5/7/23 10:31,71.6
GC-1,5/7/23 10:46,73.4
GC-1,5/7/23 11:01,75.2
GC-1,5/7/23 11:16,77
GC-1,5/7/23 11:31,78.8
GC-1,5/7/23 11:46,79.7
GC-1,5/7/23 12:01,80.6
GC-1,5/7/23 12:16,82.4
GC-1,5/7/23 12:31,83.3
GC-1,5/7/23 12:46,84.2
GC-1,5/7/23 13:01,85.1
GC-1,5/7/23 13:16,86
GC-1,5/7/23 13:31,86.9
GC-1,5/7/23 13:46,86.9
GC-1,5/7/23 14:01,87.8
GC-1,5/7/23 14:16,88.7
GC-1,5/7/23 14:31,88.7
GC-1,5/7/23 14:46,89.6
GC-1,5/7/23 15:01,89.6
GC-1,5/7/23 15:16,90.5
GC-1,5/7/23 15:31,90.5
GC-1,5/7/23 15:46,91.4
GC-1,5/7/23 16:01,91.4
GC-1,5/7/23 16:16,91.4
GC-1,5/7/23 16:31,92.3
GC-1,5/7/23 16:46,92.3
GC-1,5/7/23 17:01,92.3
GC-1,5/7/23 17:16,92.3
GC-1,5/7/23 17:31,92.3
GC-1,5/7/23 17:46,92.3
GC-1,5/7/23 18:01,91.4
GC-1,5/7/23 18:16,91.4
GC-1,5/7/23 18:31,91.4
GC-1,5/7/23 18:46,90.5
GC-1,5/7/23 19:01,89.6
GC-1,5/7/23 19:16,88.7
GC-1,5/7/23 19:31,87.8
GC-1,5/7/23 19:46,86.9
GC-1,5/7/23 20:01,85.1
GC-1,5/7/23 20:16,84.2
GC-1,5/7/23 20:31,83.3
GC-1,5/7/23 20:46,81.5
GC-1,5/7/23 21:01,80.6
GC-1,5/7/23 21:16,79.7
GC-1,5/7/23 21:31,77.9
GC-1,5/7/23 21:46,77
GC-1,5/7/23 22:01,76.1
GC-1,5/7/23 22:16,75.2
GC-1,5/7/23 22:31,73.4
GC-1,5/7/23 22:46,72.5
GC-1,5/7/23 23:01,71.6
GC-1,5/7/23 23:16,70.7
GC-1,5/7/23 23:31,70.7
GC-1,5/7/23 23:46,69.8
GC-1,5/8/23 0:01,68.9
GC-1,5/8/23 0:16,68
GC-1,5/8/23 0:31,67.1
GC-1,5/8/23 0:46,66.2
GC-1,5/8/23 1:01,65.3
GC-1,5/8/23 1:16,65.3
GC-1,5/8/23 1:31,64.4
GC-1,5/8/23 1:46,63.5
GC-1,5/8/23 2:01,63.5
GC-1,5/8/23 2:16,62.6
GC-1,5/8/23 2:31,61.7
GC-1,5/8/23 2:46,61.7
GC-1,5/8/23 3:01,60.8
GC-1,5/8/23 3:16,60.8
GC-1,5/8/23 3:31,59.9
GC-1,5/8/23 3:46,59
GC-1,5/8/23 4:01,59
GC-1,5/8/23 4:16,58.1
GC-1,5/8/23 4:31,58.1
GC-1,5/8/23 4:46,57.2
GC-1,5/8/23 5:01,57.2
GC-1,5/8/23 5:16,57.2
GC-1,5/8/23 5:31,56.3
GC-1,5/8/23 5:46,56.3
GC-1,5/8/23 6:01,55.4
GC-1,5/8/23 6:16,55.4
GC-1,5/8/23 6:31,55.4
GC-1,5/8/23 6:46,54.5
GC-1,5/8/23 7:01,55.4
GC-1,5/8/23 7:16,55.4
GC-1,5/8/23 7:31,56.3
GC-1,5/8/23 7:46,57.2
GC-1,5/8/23 8:01,58.1
GC-1,5/8/23 8:16,59
GC-1,5/8/23 8:31,59.9
GC-1,5/8/23 8:46,61.7
GC-1,5/8/23 9:01,63.5
GC-1,5/8/23 9:16,65.3
GC-1,5/8/23 9:31,67.1
GC-1,5/8/23 9:46,68.9
GC-1,5/8/23 10:01,69.8
GC-1,5/8/23 10:16,71.6
GC-1,5/8/23 10:31,73.4
GC-1,5/8/23 10:46,75.2
GC-1,5/8/23 11:01,77
GC-1,5/8/23 11:16,77.9
GC-1,5/8/23 11:31,79.7
GC-1,5/8/23 11:46,81.5
GC-1,5/8/23 12:01,82.4
GC-1,5/8/23 12:16,84.2
GC-1,5/8/23 12:31,85.1
GC-1,5/8/23 12:46,86
GC-1,5/8/23 13:01,86.9
GC-1,5/8/23 13:16,88.7
GC-1,5/8/23 13:31,89.6
GC-1,5/8/23 13:46,89.6
GC-1,5/8/23 14:01,90.5
GC-1,5/8/23 14:16,90.5
GC-1,5/8/23 14:31,91.4
GC-1,5/8/23 14:46,92.3
GC-1,5/8/23 15:01,92.3
GC-1,5/8/23 15:16,93.2
GC-1,5/8/23 15:31,93.2
GC-1,5/8/23 15:46,94.1
GC-1,5/8/23 16:01,94.1
GC-1,5/8/23 16:16,94.1
GC-1,5/8/23 16:31,94.1
GC-1,5/8/23 16:46,94.1
GC-1,5/8/23 17:01,95
GC-1,5/8/23 17:16,95
GC-1,5/8/23 17:31,95
GC-1,5/8/23 17:46,95
GC-1,5/8/23 18:01,94.1
GC-1,5/8/23 18:16,94.1
GC-1,5/8/23 18:31,94.1
GC-1,5/8/23 18:46,93.2
GC-1,5/8/23 19:01,92.3
GC-1,5/8/23 19:16,90.5
GC-1,5/8/23 19:31,89.6
GC-1,5/8/23 19:46,88.7
GC-1,5/8/23 20:01,87.8
GC-1,5/8/23 20:16,86
GC-1,5/8/23 20:31,85.1
GC-1,5/8/23 20:46,83.3
GC-1,5/8/23 21:01,82.4
GC-1,5/8/23 21:16,80.6
GC-1,5/8/23 21:31,79.7
GC-1,5/8/23 21:46,78.8
GC-1,5/8/23 22:01,77.9
GC-1,5/8/23 22:16,77
GC-1,5/8/23 22:31,75.2
GC-1,5/8/23 22:46,74.3
GC-1,5/8/23 23:01,74.3
GC-1,5/8/23 23:16,73.4
GC-1,5/8/23 23:31,72.5
GC-1,5/8/23 23:46,71.6
GC-1,5/9/23 0:01,70.7
GC-1,5/9/23 0:16,69.8
GC-1,5/9/23 0:31,68.9
GC-1,5/9/23 0:46,68
GC-1,5/9/23 1:01,68
GC-1,5/9/23 1:16,67.1
GC-1,5/9/23 1:31,66.2
GC-1,5/9/23 1:46,66.2
GC-1,5/9/23 2:01,65.3
GC-1,5/9/23 2:16,64.4
GC-1,5/9/23 2:31,64.4
GC-1,5/9/23 2:46,63.5
GC-1,5/9/23 3:01,63.5
GC-1,5/9/23 3:16,62.6
GC-1,5/9/23 3:31,61.7
GC-1,5/9/23 3:46,61.7
GC-1,5/9/23 4:01,60.8
GC-1,5/9/23 4:16,60.8
GC-1,5/9/23 4:31,59.9
GC-1,5/9/23 4:46,59.9
GC-1,5/9/23 5:01,59.9
GC-1,5/9/23 5:16,59
GC-1,5/9/23 5:31,59
GC-1,5/9/23 5:46,59
GC-1,5/9/23 6:01,58.1
GC-1,5/9/23 6:16,58.1
GC-1,5/9/23 6:31,58.1
GC-1,5/9/23 6:46,57.2
GC-1,5/9/23 7:01,57.2
GC-1,5/9/23 7:16,58.1
GC-1,5/9/23 7:31,58.1
GC-1,5/9/23 7:46,59
GC-1,5/9/23 8:01,60.8
GC-1,5/9/23 8:16,61.7
GC-1,5/9/23 8:31,62.6
GC-1,5/9/23 8:46,64.4
GC-1,5/9/23 9:01,66.2
GC-1,5/9/23 9:16,67.1
GC-1,5/9/23 9:31,68.9
GC-1,5/9/23 9:46,70.7
GC-1,5/9/23 10:01,72.5
GC-1,5/9/23 10:16,74.3
GC-1,5/9/23 10:31,76.1
GC-1,5/9/23 10:46,77.9
GC-1,5/9/23 11:01,78.8
GC-1,5/9/23 11:16,80.6
GC-1,5/9/23 11:31,82.4
GC-1,5/9/23 11:46,83.3
GC-1,5/9/23 12:01,85.1
GC-1,5/9/23 12:16,86
GC-1,5/9/23 12:31,87.8
GC-1,5/9/23 12:46,88.7
GC-1,5/9/23 13:01,89.6
GC-1,5/9/23 13:16,90.5
GC-1,5/9/23 13:31,91.4
GC-1,5/9/23 13:46,91.4
GC-1,5/9/23 14:01,92.3
GC-1,5/9/23 14:16,93.2
GC-1,5/9/23 14:31,94.1
GC-1,5/9/23 14:46,94.1
GC-1,5/9/23 15:01,95
GC-1,5/9/23 15:16,95
GC-1,5/9/23 15:31,95
GC-1,5/9/23 15:46,95.9
GC-1,5/9/23 16:01,95.9
GC-1,5/9/23 16:16,95.9
GC-1,5/9/23 16:31,95.9
GC-1,5/9/23 16:46,96.8
GC-1,5/9/23 17:01,95.9
GC-1,5/9/23 17:16,95.9
GC-1,5/9/23 17:31,95.9
GC-1,5/9/23 17:46,95.9
GC-1,5/9/23 18:01,95.9
GC-1,5/9/23 18:16,95.9
GC-1,5/9/23 18:31,95.9
GC-1,5/9/23 18:46,95
GC-1,5/9/23 19:01,94.1
GC-1,5/9/23 19:16,92.3
GC-1,5/9/23 19:31,91.4
GC-1,5/9/23 19:46,90.5
GC-1,5/9/23 20:01,89.6
GC-1,5/9/23 20:16,88.7
GC-1,5/9/23 20:31,87.8
GC-1,5/9/23 20:46,86.9
GC-1,5/9/23 21:01,86
GC-1,5/9/23 21:16,85.1
GC-1,5/9/23 21:31,84.2
GC-1,5/9/23 21:46,83.3
GC-1,5/9/23 22:01,82.4
GC-1,5/9/23 22:16,80.6
GC-1,5/9/23 22:31,79.7
GC-1,5/9/23 22:46,78.8
GC-1,5/9/23 23:01,77.9
GC-1,5/9/23 23:16,77
GC-1,5/9/23 23:31,76.1
GC-1,5/9/23 23:46,75.2
GC-1,5/10/23 0:01,74.3
GC-1,5/10/23 0:16,73.4
GC-1,5/10/23 0:31,72.5
GC-1,5/10/23 0:46,72.5
GC-1,5/10/23 1:01,71.6
GC-1,5/10/23 1:16,70.7
GC-1,5/10/23 1:31,70.7
GC-1,5/10/23 1:46,69.8
GC-1,5/10/23 2:01,69.8
GC-1,5/10/23 2:16,68.9
GC-1,5/10/23 2:31,68
GC-1,5/10/23 2:46,68
GC-1,5/10/23 3:01,67.1
GC-1,5/10/23 3:16,66.2
GC-1,5/10/23 3:31,65.3
GC-1,5/10/23 3:46,64.4
GC-1,5/10/23 4:01,63.5
GC-1,5/10/23 4:16,62.6
GC-1,5/10/23 4:31,61.7
GC-1,5/10/23 4:46,60.8
GC-1,5/10/23 5:01,59.9
GC-1,5/10/23 5:16,59.9
GC-1,5/10/23 5:31,59
GC-1,5/10/23 5:46,58.1
GC-1,5/10/23 6:01,58.1
GC-1,5/10/23 6:16,57.2
GC-1,5/10/23 6:31,57.2
GC-1,5/10/23 6:46,56.3
GC-1,5/10/23 7:01,56.3
GC-1,5/10/23 7:16,56.3
GC-1,5/10/23 7:31,57.2
GC-1,5/10/23 7:46,57.2
GC-1,5/10/23 8:01,58.1
GC-1,5/10/23 8:16,59.9
GC-1,5/10/23 8:31,60.8
GC-1,5/10/23 8:46,62.6
GC-1,5/10/23 9:01,64.4
GC-1,5/10/23 9:16,66.2
GC-1,5/10/23 9:31,68
GC-1,5/10/23 9:46,69.8
GC-1,5/10/23 10:01,71.6
GC-1,5/10/23 10:16,72.5
GC-1,5/10/23 10:31,74.3
GC-1,5/10/23 10:46,75.2
GC-1,5/10/23 11:01,76.1
GC-1,5/10/23 11:16,77
GC-1,5/10/23 11:31,77.9
GC-1,5/10/23 11:46,77.9
GC-1,5/10/23 12:01,78.8
GC-1,5/10/23 12:16,78.8
GC-1,5/10/23 12:31,78.8
GC-1,5/10/23 12:46,79.7
GC-1,5/10/23 13:01,79.7
GC-1,5/10/23 13:16,79.7
GC-1,5/10/23 13:31,80.6
GC-1,5/10/23 13:46,80.6
GC-1,5/10/23 14:01,80.6
GC-1,5/10/23 14:16,81.5
GC-1,5/10/23 14:31,81.5
GC-1,5/10/23 14:46,81.5
GC-1,5/10/23 15:01,81.5
GC-1,5/10/23 15:16,82.4
GC-1,5/10/23 15:31,82.4
GC-1,5/10/23 15:46,82.4
GC-1,5/10/23 16:01,82.4
GC-1,5/10/23 16:16,82.4
GC-1,5/10/23 16:31,82.4
GC-1,5/10/23 16:46,83.3
GC-1,5/10/23 17:01,83.3
GC-1,5/10/23 17:16,83.3
GC-1,5/10/23 17:31,82.4
GC-1,5/10/23 17:46,82.4
GC-1,5/10/23 18:01,82.4
GC-1,5/10/23 18:16,82.4
GC-1,5/10/23 18:31,81.5
GC-1,5/10/23 18:46,80.6
GC-1,5/10/23 19:01,80.6
GC-1,5/10/23 19:16,78.8
GC-1,5/10/23 19:31,77.9
GC-1,5/10/23 19:46,77
GC-1,5/10/23 20:01,76.1
GC-1,5/10/23 20:16,75.2
GC-1,5/10/23 20:31,74.3
GC-1,5/10/23 20:46,73.4
GC-1,5/10/23 21:01,72.5
GC-1,5/10/23 21:16,71.6
GC-1,5/10/23 21:31,70.7
GC-1,5/10/23 21:46,69.8
GC-1,5/10/23 22:01,68.9
GC-1,5/10/23 22:16,68.9
GC-1,5/10/23 22:31,68
GC-1,5/10/23 22:46,67.1
GC-1,5/10/23 23:01,67.1
GC-1,5/10/23 23:16,66.2
GC-1,5/10/23 23:31,65.3
GC-1,5/10/23 23:46,64.4
GC-1,5/11/23 0:01,64.4
GC-1,5/11/23 0:16,63.5
GC-1,5/11/23 0:31,62.6
GC-1,5/11/23 0:46,61.7
GC-1,5/11/23 1:01,60.8
GC-1,5/11/23 1:16,60.8
GC-1,5/11/23 1:31,59.9
GC-1,5/11/23 1:46,59
GC-1,5/11/23 2:01,58.1
GC-1,5/11/23 2:16,58.1
GC-1,5/11/23 2:31,57.2
GC-1,5/11/23 2:46,57.2
GC-1,5/11/23 3:01,56.3
GC-1,5/11/23 3:16,56.3
GC-1,5/11/23 3:31,55.4
GC-1,5/11/23 3:46,55.4
GC-1,5/11/23 4:01,54.5
GC-1,5/11/23 4:16,54.5
GC-1,5/11/23 4:31,53.6
GC-1,5/11/23 4:46,53.6
GC-1,5/11/23 5:01,52.7
GC-1,5/11/23 5:16,52.7
GC-1,5/11/23 5:31,52.7
GC-1,5/11/23 5:46,51.8
GC-1,5/11/23 6:01,51.8
GC-1,5/11/23 6:16,51.8
GC-1,5/11/23 6:31,50.9
GC-1,5/11/23 6:46,50.9
GC-1,5/11/23 7:01,50.9
GC-1,5/11/23 7:16,51.8
GC-1,5/11/23 7:31,51.8
GC-1,5/11/23 7:46,52.7
GC-1,5/11/23 8:01,53.6
GC-1,5/11/23 8:16,55.4
GC-1,5/11/23 8:31,56.3
GC-1,5/11/23 8:46,58.1
GC-1,5/11/23 9:01,59
GC-1,5/11/23 9:16,60.8
GC-1,5/11/23 9:31,62.6
GC-1,5/11/23 9:46,64.4
GC-1,5/11/23 10:01,66.2
GC-1,5/11/23 10:16,68
GC-1,5/11/23 10:31,68.9
GC-1,5/11/23 10:46,70.7
GC-1,5/11/23 11:01,72.5
GC-1,5/11/23 11:16,74.3
GC-1,5/11/23 11:31,75.2
GC-1,5/11/23 11:46,77
GC-1,5/11/23 12:01,77.9
GC-1,5/11/23 12:16,79.7
GC-1,5/11/23 12:31,80.6
GC-1,5/11/23 12:46,81.5
GC-1,5/11/23 13:01,82.4
GC-1,5/11/23 13:16,83.3
GC-1,5/11/23 13:31,84.2
GC-1,5/11/23 13:46,84.2
GC-1,5/11/23 14:01,85.1
GC-1,5/11/23 14:16,86
GC-1,5/11/23 14:31,86.9
GC-1,5/11/23 14:46,86.9
GC-1,5/11/23 15:01,86.9
GC-1,5/11/23 15:16,87.8
GC-1,5/11/23 15:31,88.7
GC-1,5/11/23 15:46,88.7
GC-1,5/11/23 16:01,89.6
GC-1,5/11/23 16:16,89.6
GC-1,5/11/23 16:31,89.6
GC-1,5/11/23 16:46,90.5
GC-1,5/11/23 17:01,90.5
GC-1,5/11/23 17:16,90.5
GC-1,5/11/23 17:31,90.5
GC-1,5/11/23 17:46,90.5
GC-1,5/11/23 18:01,90.5
GC-1,5/11/23 18:16,89.6
GC-1,5/11/23 18:31,89.6
GC-1,5/11/23 18:46,88.7
GC-1,5/11/23 19:01,87.8
GC-1,5/11/23 19:16,86.9
GC-1,5/11/23 19:31,86
GC-1,5/11/23 19:46,84.2
GC-1,5/11/23 20:01,83.3
GC-1,5/11/23 20:16,82.4
GC-1,5/11/23 20:31,80.6
GC-1,5/11/23 20:46,79.7
GC-1,5/11/23 21:01,78.8
GC-1,5/11/23 21:16,77.9
GC-1,5/11/23 21:31,77
GC-1,5/11/23 21:46,76.1
GC-1,5/11/23 22:01,75.2
GC-1,5/11/23 22:16,75.2
GC-1,5/11/23 22:31,74.3
GC-1,5/11/23 22:46,73.4
GC-1,5/11/23 23:01,72.5
GC-1,5/11/23 23:16,71.6
GC-1,5/11/23 23:31,70.7
GC-1,5/11/23 23:46,70.7
GC-2,5/6/23 0:01,66.2
GC-2,5/6/23 0:16,65.3
GC-2,5/6/23 0:31,64.4
GC-2,5/6/23 0:46,63.5
GC-2,5/6/23 1:01,62.6
GC-2,5/6/23 1:16,62.6
GC-2,5/6/23 1:31,61.7
GC-2,5/6/23 1:46,60.8
GC-2,5/6/23 2:01,60.8
GC-2,5/6/23 2:16,59.9
GC-2,5/6/23 2:31,59
GC-2,5/6/23 2:46,58.1
GC-2,5/6/23 3:01,58.1
GC-2,5/6/23 3:16,57.2
GC-2,5/6/23 3:31,56.3
GC-2,5/6/23 3:46,56.3
GC-2,5/6/23 4:01,55.4
GC-2,5/6/23 4:16,55.4
GC-2,5/6/23 4:31,55.4
GC-2,5/6/23 4:46,54.5
GC-2,5/6/23 5:01,54.5
GC-2,5/6/23 5:16,53.6
GC-2,5/6/23 5:31,53.6
GC-2,5/6/23 5:46,52.7
GC-2,5/6/23 6:01,52.7
GC-2,5/6/23 6:16,52.7
GC-2,5/6/23 6:31,51.8
GC-2,5/6/23 6:46,51.8
GC-2,5/6/23 7:01,51.8
GC-2,5/6/23 7:16,52.7
GC-2,5/6/23 7:31,52.7
GC-2,5/6/23 7:46,53.6
GC-2,5/6/23 8:01,54.5
GC-2,5/6/23 8:16,56.3
GC-2,5/6/23 8:31,57.2
GC-2,5/6/23 8:46,59
GC-2,5/6/23 9:01,60.8
GC-2,5/6/23 9:16,62.6
GC-2,5/6/23 9:31,63.5
GC-2,5/6/23 9:46,65.3
GC-2,5/6/23 10:01,67.1
GC-2,5/6/23 10:16,68.9
GC-2,5/6/23 10:31,70.7
GC-2,5/6/23 10:46,72.5
GC-2,5/6/23 11:01,73.4
GC-2,5/6/23 11:16,75.2
GC-2,5/6/23 11:31,76.1
GC-2,5/6/23 11:46,77.9
GC-2,5/6/23 12:01,78.8
GC-2,5/6/23 12:16,79.7
GC-2,5/6/23 12:31,80.6
GC-2,5/6/23 12:46,81.5
GC-2,5/6/23 13:01,82.4
GC-2,5/6/23 13:16,83.3
GC-2,5/6/23 13:31,83.3
GC-2,5/6/23 13:46,84.2
GC-2,5/6/23 14:01,84.2
GC-2,5/6/23 14:16,85.1
GC-2,5/6/23 14:31,85.1
GC-2,5/6/23 14:46,86
GC-2,5/6/23 15:01,86
GC-2,5/6/23 15:16,86.9
GC-2,5/6/23 15:31,86.9
GC-2,5/6/23 15:46,87.8
GC-2,5/6/23 16:01,87.8
GC-2,5/6/23 16:16,87.8
GC-2,5/6/23 16:31,87.8
GC-2,5/6/23 16:46,88.7
GC-2,5/6/23 17:01,88.7
GC-2,5/6/23 17:16,88.7
GC-2,5/6/23 17:31,88.7
GC-2,5/6/23 17:46,88.7
GC-2,5/6/23 18:01,88.7
GC-2,5/6/23 18:16,88.7
GC-2,5/6/23 18:31,87.8
GC-2,5/6/23 18:46,87.8
GC-2,5/6/23 19:01,86
GC-2,5/6/23 19:16,85.1
GC-2,5/6/23 19:31,84.2
GC-2,5/6/23 19:46,83.3
GC-2,5/6/23 20:01,82.4
GC-2,5/6/23 20:16,81.5
GC-2,5/6/23 20:31,80.6
GC-2,5/6/23 20:46,79.7
GC-2,5/6/23 21:01,78.8
GC-2,5/6/23 21:16,77
GC-2,5/6/23 21:31,76.1
GC-2,5/6/23 21:46,75.2
GC-2,5/6/23 22:01,73.4
GC-2,5/6/23 22:16,72.5
GC-2,5/6/23 22:31,71.6
GC-2,5/6/23 22:46,70.7
GC-2,5/6/23 23:01,69.8
GC-2,5/6/23 23:16,68.9
GC-2,5/6/23 23:31,68
GC-2,5/6/23 23:46,67.1
GC-2,5/7/23 0:01,66.2
GC-2,5/7/23 0:16,65.3
GC-2,5/7/23 0:31,65.3
GC-2,5/7/23 0:46,64.4
GC-2,5/7/23 1:01,63.5
GC-2,5/7/23 1:16,62.6
GC-2,5/7/23 1:31,62.6
GC-2,5/7/23 1:46,61.7
GC-2,5/7/23 2:01,60.8
GC-2,5/7/23 2:16,60.8
GC-2,5/7/23 2:31,59.9
GC-2,5/7/23 2:46,59.9
GC-2,5/7/23 3:01,59
GC-2,5/7/23 3:16,58.1
GC-2,5/7/23 3:31,58.1
GC-2,5/7/23 3:46,58.1
GC-2,5/7/23 4:01,57.2
GC-2,5/7/23 4:16,57.2
GC-2,5/7/23 4:31,56.3
GC-2,5/7/23 4:46,56.3
GC-2,5/7/23 5:01,56.3
GC-2,5/7/23 5:16,55.4
GC-2,5/7/23 5:31,55.4
GC-2,5/7/23 5:46,55.4
GC-2,5/7/23 6:01,54.5
GC-2,5/7/23 6:16,54.5
GC-2,5/7/23 6:31,54.5
GC-2,5/7/23 6:46,53.6
GC-2,5/7/23 7:01,54.5
GC-2,5/7/23 7:16,54.5
GC-2,5/7/23 7:31,55.4
GC-2,5/7/23 7:46,55.4
GC-2,5/7/23 8:01,57.2
GC-2,5/7/23 8:16,58.1
GC-2,5/7/23 8:31,59.9
GC-2,5/7/23 8:46,60.8
GC-2,5/7/23 9:01,62.6
GC-2,5/7/23 9:16,64.4
GC-2,5/7/23 9:31,66.2
GC-2,5/7/23 9:46,67.1
GC-2,5/7/23 10:01,68.9
GC-2,5/7/23 10:16,70.7
GC-2,5/7/23 10:31,72.5
GC-2,5/7/23 10:46,74.3
GC-2,5/7/23 11:01,76.1
GC-2,5/7/23 11:16,77
GC-2,5/7/23 11:31,78.8
GC-2,5/7/23 11:46,79.7
GC-2,5/7/23 12:01,80.6
GC-2,5/7/23 12:16,82.4
GC-2,5/7/23 12:31,83.3
GC-2,5/7/23 12:46,84.2
GC-2,5/7/23 13:01,85.1
GC-2,5/7/23 13:16,85.1
GC-2,5/7/23 13:31,86
GC-2,5/7/23 13:46,86.9
GC-2,5/7/23 14:01,86.9
GC-2,5/7/23 14:16,87.8
GC-2,5/7/23 14:31,87.8
GC-2,5/7/23 14:46,88.7
GC-2,5/7/23 15:01,88.7
GC-2,5/7/23 15:16,89.6
GC-2,5/7/23 15:31,89.6
GC-2,5/7/23 15:46,90.5
GC-2,5/7/23 16:01,90.5
GC-2,5/7/23 16:16,90.5
GC-2,5/7/23 16:31,90.5
GC-2,5/7/23 16:46,91.4
GC-2,5/7/23 17:01,91.4
GC-2,5/7/23 17:16,91.4
GC-2,5/7/23 17:31,91.4
GC-2,5/7/23 17:46,91.4
GC-2,5/7/23 18:01,90.5
GC-2,5/7/23 18:16,90.5
GC-2,5/7/23 18:31,90.5
GC-2,5/7/23 18:46,89.6
GC-2,5/7/23 19:01,88.7
GC-2,5/7/23 19:16,87.8
GC-2,5/7/23 19:31,86.9
GC-2,5/7/23 19:46,86
GC-2,5/7/23 20:01,85.1
GC-2,5/7/23 20:16,84.2
GC-2,5/7/23 20:31,82.4
GC-2,5/7/23 20:46,81.5
GC-2,5/7/23 21:01,80.6
GC-2,5/7/23 21:16,78.8
GC-2,5/7/23 21:31,77.9
GC-2,5/7/23 21:46,77
GC-2,5/7/23 22:01,75.2
GC-2,5/7/23 22:16,74.3
GC-2,5/7/23 22:31,73.4
GC-2,5/7/23 22:46,72.5
GC-2,5/7/23 23:01,71.6
GC-2,5/7/23 23:16,70.7
GC-2,5/7/23 23:31,69.8
GC-2,5/7/23 23:46,68.9
GC-2,5/8/23 0:01,68
GC-2,5/8/23 0:16,68
GC-2,5/8/23 0:31,67.1
GC-2,5/8/23 0:46,66.2
GC-2,5/8/23 1:01,65.3
GC-2,5/8/23 1:16,64.4
GC-2,5/8/23 1:31,64.4
GC-2,5/8/23 1:46,63.5
GC-2,5/8/23 2:01,62.6
GC-2,5/8/23 2:16,62.6
GC-2,5/8/23 2:31,61.7
GC-2,5/8/23 2:46,60.8
GC-2,5/8/23 3:01,60.8
GC-2,5/8/23 3:16,59.9
GC-2,5/8/23 3:31,59.9
GC-2,5/8/23 3:46,59
GC-2,5/8/23 4:01,59
GC-2,5/8/23 4:16,58.1
GC-2,5/8/23 4:31,58.1
GC-2,5/8/23 4:46,57.2
GC-2,5/8/23 5:01,57.2
GC-2,5/8/23 5:16,56.3
GC-2,5/8/23 5:31,56.3
GC-2,5/8/23 5:46,55.4
GC-2,5/8/23 6:01,55.4
GC-2,5/8/23 6:16,55.4
GC-2,5/8/23 6:31,54.5
GC-2,5/8/23 6:46,54.5
GC-2,5/8/23 7:01,55.4
GC-2,5/8/23 7:16,55.4
GC-2,5/8/23 7:31,56.3
GC-2,5/8/23 7:46,57.2
GC-2,5/8/23 8:01,58.1
GC-2,5/8/23 8:16,59
GC-2,5/8/23 8:31,60.8
GC-2,5/8/23 8:46,62.6
GC-2,5/8/23 9:01,64.4
GC-2,5/8/23 9:16,65.3
GC-2,5/8/23 9:31,67.1
GC-2,5/8/23 9:46,68.9
GC-2,5/8/23 10:01,70.7
GC-2,5/8/23 10:16,72.5
GC-2,5/8/23 10:31,74.3
GC-2,5/8/23 10:46,75.2
GC-2,5/8/23 11:01,77
GC-2,5/8/23 11:16,78.8
GC-2,5/8/23 11:31,80.6
GC-2,5/8/23 11:46,81.5
GC-2,5/8/23 12:01,82.4
GC-2,5/8/23 12:16,84.2
GC-2,5/8/23 12:31,85.1
GC-2,5/8/23 12:46,86
GC-2,5/8/23 13:01,86.9
GC-2,5/8/23 13:16,87.8
GC-2,5/8/23 13:31,88.7
GC-2,5/8/23 13:46,88.7
GC-2,5/8/23 14:01,89.6
GC-2,5/8/23 14:16,89.6
GC-2,5/8/23 14:31,90.5
GC-2,5/8/23 14:46,91.4
GC-2,5/8/23 15:01,91.4
GC-2,5/8/23 15:16,92.3
GC-2,5/8/23 15:31,92.3
GC-2,5/8/23 15:46,92.3
GC-2,5/8/23 16:01,93.2
GC-2,5/8/23 16:16,93.2
GC-2,5/8/23 16:31,93.2
GC-2,5/8/23 16:46,93.2
GC-2,5/8/23 17:01,94.1
GC-2,5/8/23 17:16,94.1
GC-2,5/8/23 17:31,94.1
GC-2,5/8/23 17:46,94.1
GC-2,5/8/23 18:01,93.2
GC-2,5/8/23 18:16,93.2
GC-2,5/8/23 18:31,93.2
GC-2,5/8/23 18:46,92.3
GC-2,5/8/23 19:01,91.4
GC-2,5/8/23 19:16,89.6
GC-2,5/8/23 19:31,89.6
GC-2,5/8/23 19:46,88.7
GC-2,5/8/23 20:01,86.9
GC-2,5/8/23 20:16,86
GC-2,5/8/23 20:31,84.2
GC-2,5/8/23 20:46,83.3
GC-2,5/8/23 21:01,81.5
GC-2,5/8/23 21:16,80.6
GC-2,5/8/23 21:31,79.7
GC-2,5/8/23 21:46,78.8
GC-2,5/8/23 22:01,77.9
GC-2,5/8/23 22:16,76.1
GC-2,5/8/23 22:31,75.2
GC-2,5/8/23 22:46,74.3
GC-2,5/8/23 23:01,73.4
GC-2,5/8/23 23:16,72.5
GC-2,5/8/23 23:31,72.5
GC-2,5/8/23 23:46,71.6
GC-2,5/9/23 0:01,70.7
GC-2,5/9/23 0:16,69.8
GC-2,5/9/23 0:31,68.9
GC-2,5/9/23 0:46,68
GC-2,5/9/23 1:01,67.1
GC-2,5/9/23 1:16,66.2
GC-2,5/9/23 1:31,66.2
GC-2,5/9/23 1:46,65.3
GC-2,5/9/23 2:01,65.3
GC-2,5/9/23 2:16,64.4
GC-2,5/9/23 2:31,63.5
GC-2,5/9/23 2:46,63.5
GC-2,5/9/23 3:01,62.6
GC-2,5/9/23 3:16,62.6
GC-2,5/9/23 3:31,61.7
GC-2,5/9/23 3:46,61.7
GC-2,5/9/23 4:01,60.8
GC-2,5/9/23 4:16,60.8
GC-2,5/9/23 4:31,59.9
GC-2,5/9/23 4:46,59.9
GC-2,5/9/23 5:01,59
GC-2,5/9/23 5:16,59
GC-2,5/9/23 5:31,59
GC-2,5/9/23 5:46,58.1
GC-2,5/9/23 6:01,58.1
GC-2,5/9/23 6:16,58.1
GC-2,5/9/23 6:31,57.2
GC-2,5/9/23 6:46,57.2
GC-2,5/9/23 7:01,57.2
GC-2,5/9/23 7:16,58.1
GC-2,5/9/23 7:31,59
GC-2,5/9/23 7:46,59.9
GC-2,5/9/23 8:01,60.8
GC-2,5/9/23 8:16,61.7
GC-2,5/9/23 8:31,63.5
GC-2,5/9/23 8:46,64.4
GC-2,5/9/23 9:01,66.2
GC-2,5/9/23 9:16,68
GC-2,5/9/23 9:31,69.8
GC-2,5/9/23 9:46,71.6
GC-2,5/9/23 10:01,73.4
GC-2,5/9/23 10:16,74.3
GC-2,5/9/23 10:31,76.1
GC-2,5/9/23 10:46,77.9
GC-2,5/9/23 11:01,79.7
GC-2,5/9/23 11:16,80.6
GC-2,5/9/23 11:31,82.4
GC-2,5/9/23 11:46,84.2
GC-2,5/9/23 12:01,85.1
GC-2,5/9/23 12:16,86
GC-2,5/9/23 12:31,87.8
GC-2,5/9/23 12:46,87.8
GC-2,5/9/23 13:01,88.7
GC-2,5/9/23 13:16,89.6
GC-2,5/9/23 13:31,90.5
GC-2,5/9/23 13:46,91.4
GC-2,5/9/23 14:01,91.4
GC-2,5/9/23 14:16,92.3
GC-2,5/9/23 14:31,93.2
GC-2,5/9/23 14:46,93.2
GC-2,5/9/23 15:01,94.1
GC-2,5/9/23 15:16,94.1
GC-2,5/9/23 15:31,94.1
GC-2,5/9/23 15:46,95
GC-2,5/9/23 16:01,95
GC-2,5/9/23 16:16,95
GC-2,5/9/23 16:31,95
GC-2,5/9/23 16:46,95
GC-2,5/9/23 17:01,95
GC-2,5/9/23 17:16,95
GC-2,5/9/23 17:31,95
GC-2,5/9/23 17:46,95
GC-2,5/9/23 18:01,95
GC-2,5/9/23 18:16,95
GC-2,5/9/23 18:31,95
GC-2,5/9/23 18:46,94.1
GC-2,5/9/23 19:01,93.2
GC-2,5/9/23 19:16,92.3
GC-2,5/9/23 19:31,91.4
GC-2,5/9/23 19:46,89.6
GC-2,5/9/23 20:01,88.7
GC-2,5/9/23 20:16,87.8
GC-2,5/9/23 20:31,86.9
GC-2,5/9/23 20:46,86
GC-2,5/9/23 21:01,85.1
GC-2,5/9/23 21:16,84.2
GC-2,5/9/23 21:31,83.3
GC-2,5/9/23 21:46,82.4
GC-2,5/9/23 22:01,81.5
GC-2,5/9/23 22:16,80.6
GC-2,5/9/23 22:31,79.7
GC-2,5/9/23 22:46,78.8
GC-2,5/9/23 23:01,77
GC-2,5/9/23 23:16,76.1
GC-2,5/9/23 23:31,75.2
GC-2,5/9/23 23:46,74.3
GC-2,5/10/23 0:01,74.3
GC-2,5/10/23 0:16,73.4
GC-2,5/10/23 0:31,72.5
GC-2,5/10/23 0:46,71.6
GC-2,5/10/23 1:01,71.6
GC-2,5/10/23 1:16,70.7
GC-2,5/10/23 1:31,70.7
GC-2,5/10/23 1:46,69.8
GC-2,5/10/23 2:01,68.9
GC-2,5/10/23 2:16,68.9
GC-2,5/10/23 2:31,68
GC-2,5/10/23 2:46,67.1
GC-2,5/10/23 3:01,66.2
GC-2,5/10/23 3:16,65.3
GC-2,5/10/23 3:31,65.3
GC-2,5/10/23 3:46,64.4
GC-2,5/10/23 4:01,63.5
GC-2,5/10/23 4:16,62.6
GC-2,5/10/23 4:31,61.7
GC-2,5/10/23 4:46,60.8
GC-2,5/10/23 5:01,59.9
GC-2,5/10/23 5:16,59
GC-2,5/10/23 5:31,59
GC-2,5/10/23 5:46,58.1
GC-2,5/10/23 6:01,57.2
GC-2,5/10/23 6:16,57.2
GC-2,5/10/23 6:31,56.3
GC-2,5/10/23 6:46,56.3
GC-2,5/10/23 7:01,56.3
GC-2,5/10/23 7:16,56.3
GC-2,5/10/23 7:31,56.3
GC-2,5/10/23 7:46,57.2
GC-2,5/10/23 8:01,59
GC-2,5/10/23 8:16,59.9
GC-2,5/10/23 8:31,61.7
GC-2,5/10/23 8:46,63.5
GC-2,5/10/23 9:01,65.3
GC-2,5/10/23 9:16,66.2
GC-2,5/10/23 9:31,68.9
GC-2,5/10/23 9:46,69.8
GC-2,5/10/23 10:01,71.6
GC-2,5/10/23 10:16,73.4
GC-2,5/10/23 10:31,74.3
GC-2,5/10/23 10:46,75.2
GC-2,5/10/23 11:01,76.1
GC-2,5/10/23 11:16,77
GC-2,5/10/23 11:31,77.9
GC-2,5/10/23 11:46,77.9
GC-2,5/10/23 12:01,78.8
GC-2,5/10/23 12:16,78.8
GC-2,5/10/23 12:31,78.8
GC-2,5/10/23 12:46,79.7
GC-2,5/10/23 13:01,79.7
GC-2,5/10/23 13:16,79.7
GC-2,5/10/23 13:31,79.7
GC-2,5/10/23 13:46,80.6
GC-2,5/10/23 14:01,80.6
GC-2,5/10/23 14:16,80.6
GC-2,5/10/23 14:31,80.6
GC-2,5/10/23 14:46,81.5
GC-2,5/10/23 15:01,81.5
GC-2,5/10/23 15:16,81.5
GC-2,5/10/23 15:31,81.5
GC-2,5/10/23 15:46,81.5
GC-2,5/10/23 16:01,81.5
GC-2,5/10/23 16:16,81.5
GC-2,5/10/23 16:31,82.4
GC-2,5/10/23 16:46,82.4
GC-2,5/10/23 17:01,82.4
GC-2,5/10/23 17:16,82.4
GC-2,5/10/23 17:31,81.5
GC-2,5/10/23 17:46,81.5
GC-2,5/10/23 18:01,81.5
GC-2,5/10/23 18:16,81.5
GC-2,5/10/23 18:31,81.5
GC-2,5/10/23 18:46,80.6
GC-2,5/10/23 19:01,79.7
GC-2,5/10/23 19:16,78.8
GC-2,5/10/23 19:31,77.9
GC-2,5/10/23 19:46,77
GC-2,5/10/23 20:01,76.1
GC-2,5/10/23 20:16,75.2
GC-2,5/10/23 20:31,74.3
GC-2,5/10/23 20:46,73.4
GC-2,5/10/23 21:01,72.5
GC-2,5/10/23 21:16,71.6
GC-2,5/10/23 21:31,70.7
GC-2,5/10/23 21:46,69.8
GC-2,5/10/23 22:01,68.9
GC-2,5/10/23 22:16,68
GC-2,5/10/23 22:31,68
GC-2,5/10/23 22:46,67.1
GC-2,5/10/23 23:01,66.2
GC-2,5/10/23 23:16,65.3
GC-2,5/10/23 23:31,65.3
GC-2,5/10/23 23:46,64.4
GC-2,5/11/23 0:01,63.5
GC-2,5/11/23 0:16,62.6
GC-2,5/11/23 0:31,62.6
GC-2,5/11/23 0:46,61.7
GC-2,5/11/23 1:01,60.8
GC-2,5/11/23 1:16,59.9
GC-2,5/11/23 1:31,59
GC-2,5/11/23 1:46,59
GC-2,5/11/23 2:01,58.1
GC-2,5/11/23 2:16,57.2
GC-2,5/11/23 2:31,57.2
GC-2,5/11/23 2:46,56.3
GC-2,5/11/23 3:01,56.3
GC-2,5/11/23 3:16,55.4
GC-2,5/11/23 3:31,55.4
GC-2,5/11/23 3:46,54.5
GC-2,5/11/23 4:01,54.5
GC-2,5/11/23 4:16,53.6
GC-2,5/11/23 4:31,53.6
GC-2,5/11/23 4:46,52.7
GC-2,5/11/23 5:01,52.7
GC-2,5/11/23 5:16,52.7
GC-2,5/11/23 5:31,51.8
GC-2,5/11/23 5:46,51.8
GC-2,5/11/23 6:01,51.8
GC-2,5/11/23 6:16,50.9
GC-2,5/11/23 6:31,50.9
GC-2,5/11/23 6:46,50.9
GC-2,5/11/23 7:01,50.9
GC-2,5/11/23 7:16,51.8
GC-2,5/11/23 7:31,51.8
GC-2,5/11/23 7:46,52.7
GC-2,5/11/23 8:01,54.5
GC-2,5/11/23 8:16,55.4
GC-2,5/11/23 8:31,56.3
GC-2,5/11/23 8:46,58.1
GC-2,5/11/23 9:01,59.9
GC-2,5/11/23 9:16,61.7
GC-2,5/11/23 9:31,63.5
GC-2,5/11/23 9:46,64.4
GC-2,5/11/23 10:01,66.2
GC-2,5/11/23 10:16,68
GC-2,5/11/23 10:31,69.8
GC-2,5/11/23 10:46,71.6
GC-2,5/11/23 11:01,72.5
GC-2,5/11/23 11:16,74.3
GC-2,5/11/23 11:31,76.1
GC-2,5/11/23 11:46,77
GC-2,5/11/23 12:01,77.9
GC-2,5/11/23 12:16,79.7
GC-2,5/11/23 12:31,80.6
GC-2,5/11/23 12:46,81.5
GC-2,5/11/23 13:01,82.4
GC-2,5/11/23 13:16,82.4
GC-2,5/11/23 13:31,83.3
GC-2,5/11/23 13:46,84.2
GC-2,5/11/23 14:01,85.1
GC-2,5/11/23 14:16,85.1
GC-2,5/11/23 14:31,86
GC-2,5/11/23 14:46,86
GC-2,5/11/23 15:01,86.9
GC-2,5/11/23 15:16,86.9
GC-2,5/11/23 15:31,87.8
GC-2,5/11/23 15:46,87.8
GC-2,5/11/23 16:01,88.7
GC-2,5/11/23 16:16,88.7
GC-2,5/11/23 16:31,88.7
GC-2,5/11/23 16:46,88.7
GC-2,5/11/23 17:01,89.6
GC-2,5/11/23 17:16,89.6
GC-2,5/11/23 17:31,89.6
GC-2,5/11/23 17:46,89.6
GC-2,5/11/23 18:01,89.6
GC-2,5/11/23 18:16,88.7
GC-2,5/11/23 18:31,88.7
GC-2,5/11/23 18:46,87.8
GC-2,5/11/23 19:01,86.9
GC-2,5/11/23 19:16,86
GC-2,5/11/23 19:31,85.1
GC-2,5/11/23 19:46,84.2
GC-2,5/11/23 20:01,83.3
GC-2,5/11/23 20:16,81.5
GC-2,5/11/23 20:31,80.6
GC-2,5/11/23 20:46,79.7
GC-2,5/11/23 21:01,78.8
GC-2,5/11/23 21:16,77.9
GC-2,5/11/23 21:31,77
GC-2,5/11/23 21:46,76.1
GC-2,5/11/23 22:01,75.2
GC-2,5/11/23 22:16,74.3
GC-2,5/11/23 22:31,73.4
GC-2,5/11/23 22:46,72.5
GC-2,5/11/23 23:01,72.5
GC-2,5/11/23 23:16,71.6
GC-2,5/11/23 23:31,70.7
GC-2,5/11/23 23:46,69.8
GK-1,4/19/23 0:08,73.4
GK-1,4/19/23 0:23,73.4
GK-1,4/19/23 0:38,72.5
GK-1,4/19/23 0:53,72.5
GK-1,4/19/23 1:08,72.5
GK-1,4/19/23 1:23,71.6
GK-1,4/19/23 1:38,71.6
GK-1,4/19/23 1:53,71.6
GK-1,4/19/23 2:08,71.6
GK-1,4/19/23 2:23,70.7
GK-1,4/19/23 2:38,70.7
GK-1,4/19/23 2:53,70.7
GK-1,4/19/23 3:08,70.7
GK-1,4/19/23 3:23,70.7
GK-1,4/19/23 3:38,69.8
GK-1,4/19/23 3:53,69.8
GK-1,4/19/23 4:08,69.8
GK-1,4/19/23 4:23,69.8
GK-1,4/19/23 4:38,69.8
GK-1,4/19/23 4:53,69.8
GK-1,4/19/23 5:08,68.9
GK-1,4/19/23 5:23,68.9
GK-1,4/19/23 5:38,68.9
GK-1,4/19/23 5:53,68.9
GK-1,4/19/23 6:08,68.9
GK-1,4/19/23 6:23,68.9
GK-1,4/19/23 6:38,68.9
GK-1,4/19/23 6:53,68.9
GK-1,4/19/23 7:08,68.9
GK-1,4/19/23 7:23,68.9
GK-1,4/19/23 7:38,68
GK-1,4/19/23 7:53,68
GK-1,4/19/23 8:08,68
GK-1,4/19/23 8:23,67.1
GK-1,4/19/23 8:38,67.1
GK-1,4/19/23 8:53,67.1
GK-1,4/19/23 9:08,67.1
GK-1,4/19/23 9:23,67.1
GK-1,4/19/23 9:38,67.1
GK-1,4/19/23 9:53,68
GK-1,4/19/23 10:08,68
GK-1,4/19/23 10:23,68.9
GK-1,4/19/23 10:38,70.7
GK-1,4/19/23 10:53,73.4
GK-1,4/19/23 11:08,76.1
GK-1,4/19/23 11:23,77.9
GK-1,4/19/23 11:38,77.9
GK-1,4/19/23 11:53,75.2
GK-1,4/19/23 12:08,74.3
GK-1,4/19/23 12:23,73.4
GK-1,4/19/23 12:38,74.3
GK-1,4/19/23 12:53,74.3
GK-1,4/19/23 13:08,74.3
GK-1,4/19/23 13:23,74.3
GK-1,4/19/23 13:38,75.2
GK-1,4/19/23 13:53,75.2
GK-1,4/19/23 14:08,75.2
GK-1,4/19/23 14:23,75.2
GK-1,4/19/23 14:38,70.7
GK-1,4/19/23 14:53,69.8
GK-1,4/19/23 15:08,73.4
GK-1,4/19/23 15:23,74.3
GK-1,4/19/23 15:38,74.3
GK-1,4/19/23 15:53,75.2
GK-1,4/19/23 16:08,75.2
GK-1,4/19/23 16:23,75.2
GK-1,4/19/23 16:38,75.2
GK-1,4/19/23 16:53,82.4
GK-1,4/19/23 17:08,80.6
GK-1,4/19/23 17:23,78.8
GK-1,4/19/23 17:38,77.9
GK-1,4/19/23 17:53,76.1
GK-1,4/19/23 18:08,75.2
GK-1,4/19/23 18:23,74.3
GK-1,4/19/23 18:38,73.4
GK-1,4/19/23 18:53,72.5
GK-1,4/19/23 19:08,71.6
GK-1,4/19/23 19:23,70.7
GK-1,4/19/23 19:38,69.8
GK-1,4/19/23 19:53,68.9
GK-1,4/19/23 20:08,68
GK-1,4/19/23 20:23,68
GK-1,4/19/23 20:38,67.1
GK-1,4/19/23 20:53,66.2
GK-1,4/19/23 21:08,66.2
GK-1,4/19/23 21:23,65.3
GK-1,4/19/23 21:38,64.4
GK-1,4/19/23 21:53,64.4
GK-1,4/19/23 22:08,63.5
GK-1,4/19/23 22:23,62.6
GK-1,4/19/23 22:38,61.7
GK-1,4/19/23 22:53,61.7
GK-1,4/19/23 23:08,60.8
GK-1,4/19/23 23:23,59.9
GK-1,4/19/23 23:38,59
GK-1,4/19/23 23:53,58.1
GK-1,4/20/23 0:08,57.2
GK-1,4/20/23 0:23,56.3
GK-1,4/20/23 0:38,55.4
GK-1,4/20/23 0:53,54.5
GK-1,4/20/23 1:08,52.7
GK-1,4/20/23 1:23,51.8
GK-1,4/20/23 1:38,50.9
GK-1,4/20/23 1:53,50
GK-1,4/20/23 2:08,49.1
GK-1,4/20/23 2:23,48.2
GK-1,4/20/23 2:38,47.3
GK-1,4/20/23 2:53,47.3
GK-1,4/20/23 3:08,46.4
GK-1,4/20/23 3:23,45.5
GK-1,4/20/23 3:38,45.5
GK-1,4/20/23 3:53,45.5
GK-1,4/20/23 4:08,44.6
GK-1,4/20/23 4:23,44.6
GK-1,4/20/23 4:38,44.6
GK-1,4/20/23 4:53,43.7
GK-1,4/20/23 5:08,43.7
GK-1,4/20/23 5:23,44.6
GK-1,4/20/23 5:38,44.6
GK-1,4/20/23 5:53,44.6
GK-1,4/20/23 6:08,44.6
GK-1,4/20/23 6:23,44.6
GK-1,4/20/23 6:38,44.6
GK-1,4/20/23 6:53,45.5
GK-1,4/20/23 7:08,46.4
GK-1,4/20/23 7:23,48.2
GK-1,4/20/23 7:38,50.9
GK-1,4/20/23 7:53,53.6
GK-1,4/20/23 8:08,56.3
GK-1,4/20/23 8:23,59.9
GK-1,4/20/23 8:38,62.6
GK-1,4/20/23 8:53,65.3
GK-1,4/20/23 9:08,67.1
GK-1,4/20/23 9:23,69.8
GK-1,4/20/23 9:38,71.6
GK-1,4/20/23 9:53,73.4
GK-1,4/20/23 10:08,74.3
GK-1,4/20/23 10:23,75.2
GK-1,4/20/23 10:38,76.1
GK-1,4/20/23 10:53,77
GK-1,4/20/23 11:08,77.9
GK-1,4/20/23 11:23,78.8
GK-1,4/20/23 11:38,78.8
GK-1,4/20/23 11:53,79.7
GK-1,4/20/23 12:08,79.7
GK-1,4/20/23 12:23,79.7
GK-1,4/20/23 12:38,80.6
GK-1,4/20/23 12:53,80.6
GK-1,4/20/23 13:08,80.6
GK-1,4/20/23 13:23,80.6
GK-1,4/20/23 13:38,81.5
GK-1,4/20/23 13:53,80.6
GK-1,4/20/23 14:08,82.4
GK-1,4/20/23 14:23,82.4
GK-1,4/20/23 14:38,83.3
GK-1,4/20/23 14:53,83.3
GK-1,4/20/23 15:08,83.3
GK-1,4/20/23 15:23,84.2
GK-1,4/20/23 15:38,85.1
GK-1,4/20/23 15:53,86.9
GK-1,4/20/23 16:08,87.8
GK-1,4/20/23 16:23,86.9
GK-1,4/20/23 16:38,87.8
GK-1,4/20/23 16:53,86.9
GK-1,4/20/23 17:08,86.9
GK-1,4/20/23 17:23,86.9
GK-1,4/20/23 17:38,86
GK-1,4/20/23 17:53,86
GK-1,4/20/23 18:08,84.2
GK-1,4/20/23 18:23,83.3
GK-1,4/20/23 18:38,80.6
GK-1,4/20/23 18:53,77
GK-1,4/20/23 19:08,75.2
GK-1,4/20/23 19:23,72.5
GK-1,4/20/23 19:38,70.7
GK-1,4/20/23 19:53,69.8
GK-1,4/20/23 20:08,68
GK-1,4/20/23 20:23,66.2
GK-1,4/20/23 20:38,65.3
GK-1,4/20/23 20:53,64.4
GK-1,4/20/23 21:08,63.5
GK-1,4/20/23 21:23,62.6
GK-1,4/20/23 21:38,61.7
GK-1,4/20/23 21:53,60.8
GK-1,4/20/23 22:08,59
GK-1,4/20/23 22:23,58.1
GK-1,4/20/23 22:38,57.2
GK-1,4/20/23 22:53,56.3
GK-1,4/20/23 23:08,55.4
GK-1,4/20/23 23:23,55.4
GK-1,4/20/23 23:38,54.5
GK-1,4/20/23 23:53,54.5
GK-1,4/21/23 0:08,54.5
GK-1,4/21/23 0:23,54.5
GK-1,4/21/23 0:38,54.5
GK-1,4/21/23 0:53,53.6
GK-1,4/21/23 1:08,52.7
GK-1,4/21/23 1:23,51.8
GK-1,4/21/23 1:38,51.8
GK-1,4/21/23 1:53,51.8
GK-1,4/21/23 2:08,51.8
GK-1,4/21/23 2:23,51.8
GK-1,4/21/23 2:38,51.8
GK-1,4/21/23 2:53,51.8
GK-1,4/21/23 3:08,50.9
GK-1,4/21/23 3:23,50.9
GK-1,4/21/23 3:38,50
GK-1,4/21/23 3:53,50
GK-1,4/21/23 4:08,49.1
GK-1,4/21/23 4:23,49.1
GK-1,4/21/23 4:38,49.1
GK-1,4/21/23 4:53,49.1
GK-1,4/21/23 5:08,48.2
GK-1,4/21/23 5:23,47.3
GK-1,4/21/23 5:38,47.3
GK-1,4/21/23 5:53,46.4
GK-1,4/21/23 6:08,46.4
GK-1,4/21/23 6:23,46.4
GK-1,4/21/23 6:38,46.4
GK-1,4/21/23 6:53,46.4
GK-1,4/21/23 7:08,48.2
GK-1,4/21/23 7:23,50
GK-1,4/21/23 7:38,53.6
GK-1,4/21/23 7:53,56.3
GK-1,4/21/23 8:08,59.9
GK-1,4/21/23 8:23,62.6
GK-1,4/21/23 8:38,65.3
GK-1,4/21/23 8:53,68
GK-1,4/21/23 9:08,69.8
GK-1,4/21/23 9:23,72.5
GK-1,4/21/23 9:38,75.2
GK-1,4/21/23 9:53,77.9
GK-1,4/21/23 10:08,79.7
GK-1,4/21/23 10:23,81.5
GK-1,4/21/23 10:38,83.3
GK-1,4/21/23 10:53,84.2
GK-1,4/21/23 11:08,85.1
GK-1,4/21/23 11:23,86
GK-1,4/21/23 11:38,86
GK-1,4/21/23 11:53,86.9
GK-1,4/21/23 12:08,88.7
GK-1,4/21/23 12:23,88.7
GK-1,4/21/23 12:38,87.8
GK-1,4/21/23 12:53,88.7
GK-1,4/21/23 13:08,88.7
GK-1,4/21/23 13:23,87.8
GK-1,4/21/23 13:38,88.7
GK-1,4/21/23 13:53,88.7
GK-1,4/21/23 14:08,89.6
GK-1,4/21/23 14:23,89.6
GK-1,4/21/23 14:38,89.6
GK-1,4/21/23 14:53,90.5
GK-1,4/21/23 15:08,91.4
GK-1,4/21/23 15:23,92.3
GK-1,4/21/23 15:38,92.3
GK-1,4/21/23 15:53,93.2
GK-1,4/21/23 16:08,94.1
GK-1,4/21/23 16:23,94.1
GK-1,4/21/23 16:38,94.1
GK-1,4/21/23 16:53,95
GK-1,4/21/23 17:08,94.1
GK-1,4/21/23 17:23,94.1
GK-1,4/21/23 17:38,93.2
GK-1,4/21/23 17:53,91.4
GK-1,4/21/23 18:08,89.6
GK-1,4/21/23 18:23,88.7
GK-1,4/21/23 18:38,86
GK-1,4/21/23 18:53,83.3
GK-1,4/21/23 19:08,80.6
GK-1,4/21/23 19:23,77.9
GK-1,4/21/23 19:38,77
GK-1,4/21/23 19:53,75.2
GK-1,4/21/23 20:08,73.4
GK-1,4/21/23 20:23,72.5
GK-1,4/21/23 20:38,71.6
GK-1,4/21/23 20:53,69.8
GK-1,4/21/23 21:08,68.9
GK-1,4/21/23 21:23,67.1
GK-1,4/21/23 21:38,66.2
GK-1,4/21/23 21:53,65.3
GK-1,4/21/23 22:08,65.3
GK-1,4/21/23 22:23,64.4
GK-1,4/21/23 22:38,63.5
GK-1,4/21/23 22:53,62.6
GK-1,4/21/23 23:08,62.6
GK-1,4/21/23 23:23,61.7
GK-1,4/21/23 23:38,60.8
GK-1,4/21/23 23:53,59.9
GK-1,4/22/23 0:08,59
GK-1,4/22/23 0:23,59
GK-1,4/22/23 0:38,58.1
GK-1,4/22/23 0:53,57.2
GK-1,4/22/23 1:08,57.2
GK-1,4/22/23 1:23,57.2
GK-1,4/22/23 1:38,56.3
GK-1,4/22/23 1:53,56.3
GK-1,4/22/23 2:08,56.3
GK-1,4/22/23 2:23,55.4
GK-1,4/22/23 2:38,55.4
GK-1,4/22/23 2:53,55.4
GK-1,4/22/23 3:08,54.5
GK-1,4/22/23 3:23,54.5
GK-1,4/22/23 3:38,53.6
GK-1,4/22/23 3:53,53.6
GK-1,4/22/23 4:08,53.6
GK-1,4/22/23 4:23,52.7
GK-1,4/22/23 4:38,52.7
GK-1,4/22/23 4:53,52.7
GK-1,4/22/23 5:08,51.8
GK-1,4/22/23 5:23,51.8
GK-1,4/22/23 5:38,51.8
GK-1,4/22/23 5:53,50.9
GK-1,4/22/23 6:08,50.9
GK-1,4/22/23 6:23,50.9
GK-1,4/22/23 6:38,50.9
GK-1,4/22/23 6:53,50.9
GK-1,4/22/23 7:08,52.7
GK-1,4/22/23 7:23,55.4
GK-1,4/22/23 7:38,58.1
GK-1,4/22/23 7:53,60.8
GK-1,4/22/23 8:08,63.5
GK-1,4/22/23 8:23,66.2
GK-1,4/22/23 8:38,68.9
GK-1,4/22/23 8:53,71.6
GK-1,4/22/23 9:08,74.3
GK-1,4/22/23 9:23,76.1
GK-1,4/22/23 9:38,78.8
GK-1,4/22/23 9:53,80.6
GK-1,4/22/23 10:08,81.5
GK-1,4/22/23 10:23,83.3
GK-1,4/22/23 10:38,84.2
GK-1,4/22/23 10:53,84.2
GK-1,4/22/23 11:08,85.1
GK-1,4/22/23 11:23,86
GK-1,4/22/23 11:38,86.9
GK-1,4/22/23 11:53,86.9
GK-1,4/22/23 12:08,87.8
GK-1,4/22/23 12:23,88.7
GK-1,4/22/23 12:38,88.7
GK-1,4/22/23 12:53,89.6
GK-1,4/22/23 13:08,88.7
GK-1,4/22/23 13:23,89.6
GK-1,4/22/23 13:38,89.6
GK-1,4/22/23 13:53,89.6
GK-1,4/22/23 14:08,89.6
GK-1,4/22/23 14:23,90.5
GK-1,4/22/23 14:38,90.5
GK-1,4/22/23 14:53,91.4
GK-1,4/22/23 15:08,92.3
GK-1,4/22/23 15:23,92.3
GK-1,4/22/23 15:38,93.2
GK-1,4/22/23 15:53,94.1
GK-1,4/22/23 16:08,95
GK-1,4/22/23 16:23,95
GK-1,4/22/23 16:38,95
GK-1,4/22/23 16:53,95
GK-1,4/22/23 17:08,94.1
GK-1,4/22/23 17:23,95
GK-1,4/22/23 17:38,93.2
GK-1,4/22/23 17:53,92.3
GK-1,4/22/23 18:08,91.4
GK-1,4/22/23 18:23,89.6
GK-1,4/22/23 18:38,87.8
GK-1,4/22/23 18:53,85.1
GK-1,4/22/23 19:08,82.4
GK-1,4/22/23 19:23,80.6
GK-1,4/22/23 19:38,78.8
GK-1,4/22/23 19:53,77
GK-1,4/22/23 20:08,75.2
GK-1,4/22/23 20:23,73.4
GK-1,4/22/23 20:38,72.5
GK-1,4/22/23 20:53,70.7
GK-1,4/22/23 21:08,69.8
GK-1,4/22/23 21:23,68.9
GK-1,4/22/23 21:38,68
GK-1,4/22/23 21:53,68
GK-1,4/22/23 22:08,67.1
GK-1,4/22/23 22:23,66.2
GK-1,4/22/23 22:38,65.3
GK-1,4/22/23 22:53,64.4
GK-1,4/22/23 23:08,64.4
GK-1,4/22/23 23:23,63.5
GK-1,4/22/23 23:38,62.6
GK-1,4/22/23 23:53,62.6
GK-1,4/23/23 0:08,62.6
GK-1,4/23/23 0:23,61.7
GK-1,4/23/23 0:38,61.7
GK-1,4/23/23 0:53,60.8
GK-1,4/23/23 1:08,60.8
GK-1,4/23/23 1:23,60.8
GK-1,4/23/23 1:38,60.8
GK-1,4/23/23 1:53,60.8
GK-1,4/23/23 2:08,60.8
GK-1,4/23/23 2:23,60.8
GK-1,4/23/23 2:38,59.9
GK-1,4/23/23 2:53,59.9
GK-1,4/23/23 3:08,59
GK-1,4/23/23 3:23,59
GK-1,4/23/23 3:38,58.1
GK-1,4/23/23 3:53,57.2
GK-1,4/23/23 4:08,57.2
GK-1,4/23/23 4:23,56.3
GK-1,4/23/23 4:38,56.3
GK-1,4/23/23 4:53,55.4
GK-1,4/23/23 5:08,55.4
GK-1,4/23/23 5:23,56.3
GK-1,4/23/23 5:38,56.3
GK-1,4/23/23 5:53,56.3
GK-1,4/23/23 6:08,55.4
GK-1,4/23/23 6:23,55.4
GK-1,4/23/23 6:38,54.5
GK-1,4/23/23 6:53,54.5
GK-1,4/23/23 7:08,55.4
GK-1,4/23/23 7:23,58.1
GK-1,4/23/23 7:38,60.8
GK-1,4/23/23 7:53,63.5
GK-1,4/23/23 8:08,66.2
GK-1,4/23/23 8:23,68
GK-1,4/23/23 8:38,70.7
GK-1,4/23/23 8:53,73.4
GK-1,4/23/23 9:08,76.1
GK-1,4/23/23 9:23,78.8
GK-1,4/23/23 9:38,80.6
GK-1,4/23/23 9:53,83.3
GK-1,4/23/23 10:08,85.1
GK-1,4/23/23 10:23,86.9
GK-1,4/23/23 10:38,88.7
GK-1,4/23/23 10:53,90.5
GK-1,4/23/23 11:08,91.4
GK-1,4/23/23 11:23,91.4
GK-1,4/23/23 11:38,92.3
GK-1,4/23/23 11:53,92.3
GK-1,4/23/23 12:08,94.1
GK-1,4/23/23 12:23,95
GK-1,4/23/23 12:38,95
GK-1,4/23/23 12:53,94.1
GK-1,4/23/23 13:08,93.2
GK-1,4/23/23 13:23,92.3
GK-1,4/23/23 13:38,92.3
GK-1,4/23/23 13:53,93.2
GK-1,4/23/23 14:08,94.1
GK-1,4/23/23 14:23,94.1
GK-1,4/23/23 14:38,94.1
GK-1,4/23/23 14:53,95.9
GK-1,4/23/23 15:08,95.9
GK-1,4/23/23 15:23,95.9
GK-1,4/23/23 15:38,96.8
GK-1,4/23/23 15:53,98.6
GK-1,4/23/23 16:08,98.6
GK-1,4/23/23 16:23,98.6
GK-1,4/23/23 16:38,99.5
GK-1,4/23/23 16:53,100.4
GK-1,4/23/23 17:08,99.5
GK-1,4/23/23 17:23,98.6
GK-1,4/23/23 17:38,97.7
GK-1,4/23/23 17:53,96.8
GK-1,4/23/23 18:08,95
GK-1,4/23/23 18:23,93.2
GK-1,4/23/23 18:38,90.5
GK-1,4/23/23 18:53,87.8
GK-1,4/23/23 19:08,86
GK-1,4/23/23 19:23,84.2
GK-1,4/23/23 19:38,82.4
GK-1,4/23/23 19:53,79.7
GK-1,4/23/23 20:08,77.9
GK-1,4/23/23 20:23,76.1
GK-1,4/23/23 20:38,75.2
GK-1,4/23/23 20:53,75.2
GK-1,4/23/23 21:08,75.2
GK-1,4/23/23 21:23,74.3
GK-1,4/23/23 21:38,74.3
GK-1,4/23/23 21:53,73.4
GK-1,4/23/23 22:08,72.5
GK-1,4/23/23 22:23,71.6
GK-1,4/23/23 22:38,69.8
GK-1,4/23/23 22:53,68.9
GK-1,4/23/23 23:08,68
GK-1,4/23/23 23:23,67.1
GK-1,4/23/23 23:38,66.2
GK-1,4/23/23 23:53,64.4
GK-1,4/24/23 0:08,64.4
GK-1,4/24/23 0:23,63.5
GK-1,4/24/23 0:38,62.6
GK-1,4/24/23 0:53,62.6
GK-1,4/24/23 1:08,61.7
GK-1,4/24/23 1:23,61.7
GK-1,4/24/23 1:38,61.7
GK-1,4/24/23 1:53,60.8
GK-1,4/24/23 2:08,60.8
GK-1,4/24/23 2:23,60.8
GK-1,4/24/23 2:38,60.8
GK-1,4/24/23 2:53,59.9
GK-1,4/24/23 3:08,59.9
GK-1,4/24/23 3:23,59.9
GK-1,4/24/23 3:38,59.9
GK-1,4/24/23 3:53,59.9
GK-1,4/24/23 4:08,59
GK-1,4/24/23 4:23,58.1
GK-1,4/24/23 4:38,57.2
GK-1,4/24/23 4:53,57.2
GK-1,4/24/23 5:08,56.3
GK-1,4/24/23 5:23,55.4
GK-1,4/24/23 5:38,54.5
GK-1,4/24/23 5:53,53.6
GK-1,4/24/23 6:08,52.7
GK-1,4/24/23 6:23,52.7
GK-1,4/24/23 6:38,53.6
GK-1,4/24/23 6:53,54.5
GK-1,4/24/23 7:08,56.3
GK-1,4/24/23 7:23,59.9
GK-1,4/24/23 7:38,62.6
GK-1,4/24/23 7:53,65.3
GK-1,4/24/23 8:08,68
GK-1,4/24/23 8:23,71.6
GK-1,4/24/23 8:38,73.4
GK-1,4/24/23 8:53,76.1
GK-1,4/24/23 9:08,77.9
GK-1,4/24/23 9:23,79.7
GK-1,4/24/23 9:38,81.5
GK-1,4/24/23 9:53,83.3
GK-1,4/24/23 10:08,85.1
GK-1,4/24/23 10:23,86.9
GK-1,4/24/23 10:38,87.8
GK-1,4/24/23 10:53,89.6
GK-1,4/24/23 11:08,90.5
GK-1,4/24/23 11:23,91.4
GK-1,4/24/23 11:38,91.4
GK-1,4/24/23 11:53,91.4
GK-1,4/24/23 12:08,91.4
GK-1,4/24/23 12:23,92.3
GK-1,4/24/23 12:38,92.3
GK-1,4/24/23 12:53,92.3
GK-1,4/24/23 13:08,93.2
GK-1,4/24/23 13:23,92.3
GK-1,4/24/23 13:38,92.3
GK-1,4/24/23 13:53,92.3
GK-1,4/24/23 14:08,91.4
GK-1,4/24/23 14:23,91.4
GK-1,4/24/23 14:38,92.3
GK-1,4/24/23 14:53,93.2
GK-1,4/24/23 15:08,93.2
GK-1,4/24/23 15:23,95
GK-1,4/24/23 15:38,95
GK-1,4/24/23 15:53,96.8
GK-1,4/24/23 16:08,96.8
GK-1,4/24/23 16:23,97.7
GK-1,4/24/23 16:38,98.6
GK-1,4/24/23 16:53,98.6
GK-1,4/24/23 17:08,97.7
GK-1,4/24/23 17:23,96.8
GK-1,4/24/23 17:38,95.9
GK-1,4/24/23 17:53,94.1
GK-1,4/24/23 18:08,92.3
GK-1,4/24/23 18:23,90.5
GK-1,4/24/23 18:38,88.7
GK-1,4/24/23 18:53,86
GK-1,4/24/23 19:08,84.2
GK-1,4/24/23 19:23,82.4
GK-1,4/24/23 19:38,81.5
GK-1,4/24/23 19:53,80.6
GK-1,4/24/23 20:08,78.8
GK-1,4/24/23 20:23,77.9
GK-1,4/24/23 20:38,77.9
GK-1,4/24/23 20:53,77
GK-1,4/24/23 21:08,76.1
GK-1,4/24/23 21:23,75.2
GK-1,4/24/23 21:38,74.3
GK-1,4/24/23 21:53,72.5
GK-1,4/24/23 22:08,72.5
GK-1,4/24/23 22:23,71.6
GK-1,4/24/23 22:38,70.7
GK-1,4/24/23 22:53,68.9
GK-1,4/24/23 23:08,68
GK-1,4/24/23 23:23,67.1
GK-1,4/24/23 23:38,65.3
GK-1,4/24/23 23:53,64.4
GK-1,4/25/23 0:08,64.4
GK-1,4/25/23 0:23,63.5
GK-1,4/25/23 0:38,62.6
GK-1,4/25/23 0:53,61.7
GK-1,4/25/23 1:08,61.7
GK-1,4/25/23 1:23,60.8
GK-1,4/25/23 1:38,59.9
GK-1,4/25/23 1:53,59.9
GK-1,4/25/23 2:08,59.9
GK-1,4/25/23 2:23,59.9
GK-1,4/25/23 2:38,60.8
GK-1,4/25/23 2:53,62.6
GK-1,4/25/23 3:08,63.5
GK-1,4/25/23 3:23,64.4
GK-1,4/25/23 3:38,64.4
GK-1,4/25/23 3:53,64.4
GK-1,4/25/23 4:08,64.4
GK-1,4/25/23 4:23,64.4
GK-1,4/25/23 4:38,64.4
GK-1,4/25/23 4:53,64.4
GK-1,4/25/23 5:08,64.4
GK-1,4/25/23 5:23,63.5
GK-1,4/25/23 5:38,63.5
GK-1,4/25/23 5:53,62.6
GK-1,4/25/23 6:08,61.7
GK-1,4/25/23 6:23,60.8
GK-1,4/25/23 6:38,60.8
GK-1,4/25/23 6:53,60.8
GK-1,4/25/23 7:08,61.7
GK-1,4/25/23 7:23,63.5
GK-1,4/25/23 7:38,66.2
GK-1,4/25/23 7:53,68
GK-1,4/25/23 8:08,70.7
GK-1,4/25/23 8:23,73.4
GK-1,4/25/23 8:38,75.2
GK-1,4/25/23 8:53,77
GK-1,4/25/23 9:08,78.8
GK-1,4/25/23 9:23,79.7
GK-1,4/25/23 9:38,81.5
GK-1,4/25/23 9:53,82.4
GK-1,4/25/23 10:08,84.2
GK-1,4/25/23 10:23,85.1
GK-1,4/25/23 10:38,86.9
GK-1,4/25/23 10:53,87.8
GK-1,4/25/23 11:08,88.7
GK-1,4/25/23 11:23,89.6
GK-1,4/25/23 11:38,91.4
GK-1,4/25/23 11:53,91.4
GK-1,4/25/23 12:08,91.4
GK-1,4/25/23 12:23,91.4
GK-1,4/25/23 12:38,92.3
GK-1,4/25/23 12:53,90.5
GK-1,4/25/23 13:08,90.5
GK-1,4/25/23 13:23,90.5
GK-1,4/25/23 13:38,90.5
GK-1,4/25/23 13:53,90.5
GK-1,4/25/23 14:08,90.5
GK-1,4/25/23 14:23,90.5
GK-1,4/25/23 14:38,90.5
GK-1,4/25/23 14:53,91.4
GK-1,4/25/23 15:08,91.4
GK-1,4/25/23 15:23,92.3
GK-1,4/25/23 15:38,94.1
GK-1,4/25/23 15:53,94.1
GK-1,4/25/23 16:08,94.1
GK-1,4/25/23 16:23,94.1
GK-1,4/25/23 16:38,94.1
GK-1,4/25/23 16:53,95
GK-1,4/25/23 17:08,94.1
GK-1,4/25/23 17:23,94.1
GK-1,4/25/23 17:38,92.3
GK-1,4/25/23 17:53,92.3
GK-1,4/25/23 18:08,90.5
GK-1,4/25/23 18:23,89.6
GK-1,4/25/23 18:38,87.8
GK-1,4/25/23 18:53,85.1
GK-1,4/25/23 19:08,82.4
GK-1,4/25/23 19:23,81.5
GK-1,4/25/23 19:38,79.7
GK-1,4/25/23 19:53,78.8
GK-1,4/25/23 20:08,77.9
GK-1,4/25/23 20:23,77
GK-1,4/25/23 20:38,77
GK-1,4/25/23 20:53,76.1
GK-1,4/25/23 21:08,76.1
GK-1,4/25/23 21:23,75.2
GK-1,4/25/23 21:38,74.3
GK-1,4/25/23 21:53,74.3
GK-1,4/25/23 22:08,73.4
GK-1,4/25/23 22:23,72.5
GK-1,4/25/23 22:38,71.6
GK-1,4/25/23 22:53,70.7
GK-1,4/25/23 23:08,68.9
GK-1,4/25/23 23:23,67.1
GK-1,4/25/23 23:38,66.2
GK-1,4/25/23 23:53,65.3
GK-1,4/26/23 0:08,64.4
GK-1,4/26/23 0:23,64.4
GK-1,4/26/23 0:38,64.4
GK-1,4/26/23 0:53,64.4
GK-1,4/26/23 1:08,63.5
GK-1,4/26/23 1:23,62.6
GK-1,4/26/23 1:38,61.7
GK-1,4/26/23 1:53,60.8
GK-1,4/26/23 2:08,59.9
GK-1,4/26/23 2:23,59
GK-1,4/26/23 2:38,58.1
GK-1,4/26/23 2:53,58.1
GK-1,4/26/23 3:08,57.2
GK-1,4/26/23 3:23,56.3
GK-1,4/26/23 3:38,56.3
GK-1,4/26/23 3:53,55.4
GK-1,4/26/23 4:08,54.5
GK-1,4/26/23 4:23,54.5
GK-1,4/26/23 4:38,53.6
GK-1,4/26/23 4:53,53.6
GK-1,4/26/23 5:08,53.6
GK-1,4/26/23 5:23,53.6
GK-1,4/26/23 5:38,53.6
GK-1,4/26/23 5:53,52.7
GK-1,4/26/23 6:08,52.7
GK-1,4/26/23 6:23,52.7
GK-1,4/26/23 6:38,53.6
GK-1,4/26/23 6:53,54.5
GK-1,4/26/23 7:08,55.4
GK-1,4/26/23 7:23,57.2
GK-1,4/26/23 7:38,59.9
GK-1,4/26/23 7:53,62.6
GK-1,4/26/23 8:08,65.3
GK-1,4/26/23 8:23,68
GK-1,4/26/23 8:38,70.7
GK-1,4/26/23 8:53,73.4
GK-1,4/26/23 9:08,75.2
GK-1,4/26/23 9:23,77.9
GK-1,4/26/23 9:38,78.8
GK-1,4/26/23 9:53,79.7
GK-1,4/26/23 10:08,80.6
GK-1,4/26/23 10:23,81.5
GK-1,4/26/23 10:38,83.3
GK-1,4/26/23 10:53,83.3
GK-1,4/26/23 11:08,85.1
GK-1,4/26/23 11:23,85.1
GK-1,4/26/23 11:38,85.1
GK-1,4/26/23 11:53,85.1
GK-1,4/26/23 12:08,85.1
GK-1,4/26/23 12:23,85.1
GK-1,4/26/23 12:38,85.1
GK-1,4/26/23 12:53,85.1
GK-1,4/26/23 13:08,86
GK-1,4/26/23 13:23,86
GK-1,4/26/23 13:38,86.9
GK-1,4/26/23 13:53,86
GK-1,4/26/23 14:08,86.9
GK-1,4/26/23 14:23,86.9
GK-1,4/26/23 14:38,87.8
GK-1,4/26/23 14:53,87.8
GK-1,4/26/23 15:08,88.7
GK-1,4/26/23 15:23,89.6
GK-1,4/26/23 15:38,90.5
GK-1,4/26/23 15:53,91.4
GK-1,4/26/23 16:08,92.3
GK-1,4/26/23 16:23,92.3
GK-1,4/26/23 16:38,93.2
GK-1,4/26/23 16:53,92.3
GK-1,4/26/23 17:08,92.3
GK-1,4/26/23 17:23,92.3
GK-1,4/26/23 17:38,91.4
GK-1,4/26/23 17:53,90.5
GK-1,4/26/23 18:08,88.7
GK-1,4/26/23 18:23,87.8
GK-1,4/26/23 18:38,86
GK-1,4/26/23 18:53,82.4
GK-1,4/26/23 19:08,79.7
GK-1,4/26/23 19:23,77.9
GK-1,4/26/23 19:38,76.1
GK-1,4/26/23 19:53,74.3
GK-1,4/26/23 20:08,72.5
GK-1,4/26/23 20:23,70.7
GK-1,4/26/23 20:38,68.9
GK-1,4/26/23 20:53,68
GK-1,4/26/23 21:08,67.1
GK-1,4/26/23 21:23,65.3
GK-1,4/26/23 21:38,64.4
GK-1,4/26/23 21:53,63.5
GK-1,4/26/23 22:08,63.5
GK-1,4/26/23 22:23,62.6
GK-1,4/26/23 22:38,61.7
GK-1,4/26/23 22:53,61.7
GK-1,4/26/23 23:08,60.8
GK-1,4/26/23 23:23,60.8
GK-1,4/26/23 23:38,59.9
GK-1,4/26/23 23:53,59.9
GK-1,4/27/23 0:08,59
GK-1,4/27/23 0:23,59
GK-1,4/27/23 0:38,58.1
GK-1,4/27/23 0:53,58.1
GK-1,4/27/23 1:08,57.2
GK-1,4/27/23 1:23,57.2
GK-1,4/27/23 1:38,57.2
GK-1,4/27/23 1:53,57.2
GK-1,4/27/23 2:08,57.2
GK-1,4/27/23 2:23,57.2
GK-1,4/27/23 2:38,57.2
GK-1,4/27/23 2:53,56.3
GK-1,4/27/23 3:08,56.3
GK-1,4/27/23 3:23,55.4
GK-1,4/27/23 3:38,55.4
GK-1,4/27/23 3:53,54.5
GK-1,4/27/23 4:08,54.5
GK-1,4/27/23 4:23,54.5
GK-1,4/27/23 4:38,53.6
GK-1,4/27/23 4:53,53.6
GK-1,4/27/23 5:08,52.7
GK-1,4/27/23 5:23,52.7
GK-1,4/27/23 5:38,51.8
GK-1,4/27/23 5:53,51.8
GK-1,4/27/23 6:08,50.9
GK-1,4/27/23 6:23,50.9
GK-1,4/27/23 6:38,51.8
GK-1,4/27/23 6:53,51.8
GK-1,4/27/23 7:08,53.6
GK-1,4/27/23 7:23,55.4
GK-1,4/27/23 7:38,58.1
GK-1,4/27/23 7:53,61.7
GK-1,4/27/23 8:08,64.4
GK-1,4/27/23 8:23,66.2
GK-1,4/27/23 8:38,68.9
GK-1,4/27/23 8:53,71.6
GK-1,4/27/23 9:08,74.3
GK-1,4/27/23 9:23,76.1
GK-1,4/27/23 9:38,78.8
GK-1,4/27/23 9:53,81.5
GK-1,4/27/23 10:08,83.3
GK-1,4/27/23 10:23,85.1
GK-1,4/27/23 10:38,86.9
GK-1,4/27/23 10:53,88.7
GK-1,4/27/23 11:08,89.6
GK-1,4/27/23 11:23,90.5
GK-1,4/27/23 11:38,91.4
GK-1,4/27/23 11:53,91.4
GK-1,4/27/23 12:08,92.3
GK-1,4/27/23 12:23,91.4
GK-1,4/27/23 12:38,91.4
GK-1,4/27/23 12:53,91.4
GK-1,4/27/23 13:08,91.4
GK-1,4/27/23 13:23,91.4
GK-1,4/27/23 13:38,92.3
GK-1,4/27/23 13:53,92.3
GK-1,4/27/23 14:08,92.3
GK-1,4/27/23 14:23,92.3
GK-1,4/27/23 14:38,93.2
GK-1,4/27/23 14:53,93.2
GK-1,4/27/23 15:08,93.2
GK-1,4/27/23 15:23,94.1
GK-1,4/27/23 15:38,95
GK-1,4/27/23 15:53,95
GK-1,4/27/23 16:08,95.9
GK-1,4/27/23 16:23,96.8
GK-1,4/27/23 16:38,96.8
GK-1,4/27/23 16:53,97.7
GK-1,4/27/23 17:08,96.8
GK-1,4/27/23 17:23,96.8
GK-1,4/27/23 17:38,95.9
GK-1,4/27/23 17:53,95.9
GK-1,4/27/23 18:08,94.1
GK-1,4/27/23 18:23,92.3
GK-1,4/27/23 18:38,90.5
GK-1,4/27/23 18:53,87.8
GK-1,4/27/23 19:08,85.1
GK-1,4/27/23 19:23,83.3
GK-1,4/27/23 19:38,80.6
GK-1,4/27/23 19:53,78.8
GK-1,4/27/23 20:08,77
GK-1,4/27/23 20:23,75.2
GK-1,4/27/23 20:38,73.4
GK-1,4/27/23 20:53,72.5
GK-1,4/27/23 21:08,70.7
GK-1,4/27/23 21:23,69.8
GK-1,4/27/23 21:38,68.9
GK-1,4/27/23 21:53,68
GK-1,4/27/23 22:08,67.1
GK-1,4/27/23 22:23,67.1
GK-1,4/27/23 22:38,66.2
GK-1,4/27/23 22:53,65.3
GK-1,4/27/23 23:08,64.4
GK-1,4/27/23 23:23,63.5
GK-1,4/27/23 23:38,62.6
GK-1,4/27/23 23:53,61.7
GK-1,4/28/23 0:08,60.8
GK-1,4/28/23 0:23,59.9
GK-1,4/28/23 0:38,59
GK-1,4/28/23 0:53,59
GK-1,4/28/23 1:08,58.1
GK-1,4/28/23 1:23,58.1
GK-1,4/28/23 1:38,58.1
GK-1,4/28/23 1:53,57.2
GK-1,4/28/23 2:08,57.2
GK-1,4/28/23 2:23,57.2
GK-1,4/28/23 2:38,57.2
GK-1,4/28/23 2:53,56.3
GK-1,4/28/23 3:08,56.3
GK-1,4/28/23 3:23,56.3
GK-1,4/28/23 3:38,55.4
GK-1,4/28/23 3:53,55.4
GK-1,4/28/23 4:08,55.4
GK-1,4/28/23 4:23,55.4
GK-1,4/28/23 4:38,54.5
GK-1,4/28/23 4:53,54.5
GK-1,4/28/23 5:08,54.5
GK-1,4/28/23 5:23,53.6
GK-1,4/28/23 5:38,53.6
GK-1,4/28/23 5:53,53.6
GK-1,4/28/23 6:08,52.7
GK-1,4/28/23 6:23,52.7
GK-1,4/28/23 6:38,53.6
GK-1,4/28/23 6:53,54.5
GK-1,4/28/23 7:08,56.3
GK-1,4/28/23 7:23,58.1
GK-1,4/28/23 7:38,60.8
GK-1,4/28/23 7:53,63.5
GK-1,4/28/23 8:08,66.2
GK-1,4/28/23 8:23,69.8
GK-1,4/28/23 8:38,72.5
GK-1,4/28/23 8:53,75.2
GK-1,4/28/23 9:08,77.9
GK-1,4/28/23 9:23,79.7
GK-1,4/28/23 9:38,82.4
GK-1,4/28/23 9:53,84.2
GK-1,4/28/23 10:08,86
GK-1,4/28/23 10:23,86.9
GK-1,4/28/23 10:38,88.7
GK-1,4/28/23 10:53,89.6
GK-1,4/28/23 11:08,90.5
GK-1,4/28/23 11:23,90.5
GK-1,4/28/23 11:38,90.5
GK-1,4/28/23 11:53,91.4
GK-1,4/28/23 12:08,91.4
GK-1,4/28/23 12:23,93.2
GK-1,4/28/23 12:38,94.1
GK-1,4/28/23 12:53,95
GK-1,4/28/23 13:08,95.9
GK-1,4/28/23 13:23,95.9
GK-1,4/28/23 13:38,95.9
GK-1,4/28/23 13:53,95.9
GK-1,4/28/23 14:08,95.9
GK-1,4/28/23 14:23,95.9
GK-1,4/28/23 14:38,95.9
GK-1,4/28/23 14:53,96.8
GK-1,4/28/23 15:08,97.7
GK-1,4/28/23 15:23,97.7
GK-1,4/28/23 15:38,97.7
GK-1,4/28/23 15:53,100.4
GK-1,4/28/23 16:08,101.3
GK-1,4/28/23 16:23,101.3
GK-1,4/28/23 16:38,101.3
GK-1,4/28/23 16:53,99.5
GK-1,4/28/23 17:08,98.6
GK-1,4/28/23 17:23,98.6
GK-1,4/28/23 17:38,97.7
GK-1,4/28/23 17:53,96.8
GK-1,4/28/23 18:08,95.9
GK-1,4/28/23 18:23,94.1
GK-1,4/28/23 18:38,92.3
GK-1,4/28/23 18:53,89.6
GK-1,4/28/23 19:08,86.9
GK-1,4/28/23 19:23,85.1
GK-1,4/28/23 19:38,83.3
GK-1,4/28/23 19:53,81.5
GK-1,4/28/23 20:08,79.7
GK-1,4/28/23 20:23,78.8
GK-1,4/28/23 20:38,77
GK-1,4/28/23 20:53,75.2
GK-1,4/28/23 21:08,73.4
GK-1,4/28/23 21:23,72.5
GK-1,4/28/23 21:38,71.6
GK-1,4/28/23 21:53,70.7
GK-1,4/28/23 22:08,70.7
GK-1,4/28/23 22:23,69.8
GK-1,4/28/23 22:38,68.9
GK-1,4/28/23 22:53,68.9
GK-1,4/28/23 23:08,68
GK-1,4/28/23 23:23,68
GK-1,4/28/23 23:38,68
GK-1,4/28/23 23:53,68
GK-1,4/29/23 0:08,68.9
GK-1,4/29/23 0:23,68.9
GK-1,4/29/23 0:38,69.8
GK-1,4/29/23 0:53,69.8
GK-1,4/29/23 1:08,69.8
GK-1,4/29/23 1:23,70.7
GK-1,4/29/23 1:38,69.8
GK-1,4/29/23 1:53,69.8
GK-1,4/29/23 2:08,68.9
GK-1,4/29/23 2:23,68
GK-1,4/29/23 2:38,67.1
GK-1,4/29/23 2:53,66.2
GK-1,4/29/23 3:08,65.3
GK-1,4/29/23 3:23,65.3
GK-1,4/29/23 3:38,65.3
GK-1,4/29/23 3:53,65.3
GK-1,4/29/23 4:08,65.3
GK-1,4/29/23 4:23,65.3
GK-1,4/29/23 4:38,65.3
GK-1,4/29/23 4:53,64.4
GK-1,4/29/23 5:08,63.5
GK-1,4/29/23 5:23,62.6
GK-1,4/29/23 5:38,61.7
GK-1,4/29/23 5:53,60.8
GK-1,4/29/23 6:08,59.9
GK-1,4/29/23 6:23,59
GK-1,4/29/23 6:38,58.1
GK-1,4/29/23 6:53,59
GK-1,4/29/23 7:08,59.9
GK-1,4/29/23 7:23,61.7
GK-1,4/29/23 7:38,64.4
GK-1,4/29/23 7:53,67.1
GK-1,4/29/23 8:08,69.8
GK-1,4/29/23 8:23,72.5
GK-1,4/29/23 8:38,74.3
GK-1,4/29/23 8:53,77
GK-1,4/29/23 9:08,79.7
GK-1,4/29/23 9:23,82.4
GK-1,4/29/23 9:38,84.2
GK-1,4/29/23 9:53,86.9
GK-1,4/29/23 10:08,88.7
GK-1,4/29/23 10:23,90.5
GK-1,4/29/23 10:38,92.3
GK-1,4/29/23 10:53,94.1
GK-1,4/29/23 11:08,95.9
GK-1,4/29/23 11:23,95.9
GK-1,4/29/23 11:38,97.7
GK-1,4/29/23 11:53,98.6
GK-1,4/29/23 12:08,98.6
GK-1,4/29/23 12:23,99.5
GK-1,4/29/23 12:38,100.4
GK-1,4/29/23 12:53,100.4
GK-1,4/29/23 13:08,101.3
GK-1,4/29/23 13:23,101.3
GK-1,4/29/23 13:38,101.3
GK-1,4/29/23 13:53,102.2
GK-1,4/29/23 14:08,102.2
GK-1,4/29/23 14:23,102.2
GK-1,4/29/23 14:38,101.3
GK-1,4/29/23 14:53,101.3
GK-1,4/29/23 15:08,102.2
GK-1,4/29/23 15:23,103.1
GK-1,4/29/23 15:38,104
GK-1,4/29/23 15:53,105.8
GK-1,4/29/23 16:08,107.6
GK-1,4/29/23 16:23,109.4
GK-1,4/29/23 16:38,109.4
GK-1,4/29/23 16:53,109.4
GK-1,4/29/23 17:08,109.4
GK-1,4/29/23 17:23,110.3
GK-1,4/29/23 17:38,107.6
GK-1,4/29/23 17:53,105.8
GK-1,4/29/23 18:08,104.9
GK-1,4/29/23 18:23,103.1
GK-1,4/29/23 18:38,100.4
GK-1,4/29/23 18:53,95.9
GK-1,4/29/23 19:08,92.3
GK-1,4/29/23 19:23,89.6
GK-1,4/29/23 19:38,86.9
GK-1,4/29/23 19:53,85.1
GK-1,4/29/23 20:08,83.3
GK-1,4/29/23 20:23,81.5
GK-1,4/29/23 20:38,79.7
GK-1,4/29/23 20:53,78.8
GK-1,4/29/23 21:08,77
GK-1,4/29/23 21:23,76.1
GK-1,4/29/23 21:38,75.2
GK-1,4/29/23 21:53,74.3
GK-1,4/29/23 22:08,74.3
GK-1,4/29/23 22:23,73.4
GK-1,4/29/23 22:38,72.5
GK-1,4/29/23 22:53,71.6
GK-1,4/29/23 23:08,70.7
GK-1,4/29/23 23:23,70.7
GK-1,4/29/23 23:38,69.8
GK-1,4/29/23 23:53,68.9
GK-1,4/30/23 0:08,68
GK-1,4/30/23 0:23,67.1
GK-1,4/30/23 0:38,66.2
GK-1,4/30/23 0:53,66.2
GK-1,4/30/23 1:08,65.3
GK-1,4/30/23 1:23,65.3
GK-1,4/30/23 1:38,64.4
GK-1,4/30/23 1:53,64.4
GK-1,4/30/23 2:08,63.5
GK-1,4/30/23 2:23,63.5
GK-1,4/30/23 2:38,62.6
GK-1,4/30/23 2:53,62.6
GK-1,4/30/23 3:08,61.7
GK-1,4/30/23 3:23,61.7
GK-1,4/30/23 3:38,61.7
GK-1,4/30/23 3:53,61.7
GK-1,4/30/23 4:08,60.8
GK-1,4/30/23 4:23,60.8
GK-1,4/30/23 4:38,60.8
GK-1,4/30/23 4:53,59.9
GK-1,4/30/23 5:08,59
GK-1,4/30/23 5:23,59
GK-1,4/30/23 5:38,58.1
GK-1,4/30/23 5:53,58.1
GK-1,4/30/23 6:08,58.1
GK-1,4/30/23 6:23,58.1
GK-1,4/30/23 6:38,59
GK-1,4/30/23 6:53,59.9
GK-1,4/30/23 7:08,60.8
GK-1,4/30/23 7:23,62.6
GK-1,4/30/23 7:38,65.3
GK-1,4/30/23 7:53,68
GK-1,4/30/23 8:08,69.8
GK-1,4/30/23 8:23,72.5
GK-1,4/30/23 8:38,74.3
GK-1,4/30/23 8:53,77
GK-1,4/30/23 9:08,79.7
GK-1,4/30/23 9:23,82.4
GK-1,4/30/23 9:38,85.1
GK-1,4/30/23 9:53,86.9
GK-1,4/30/23 10:08,88.7
GK-1,4/30/23 10:23,91.4
GK-1,4/30/23 10:38,93.2
GK-1,4/30/23 10:53,95
GK-1,4/30/23 11:08,96.8
GK-1,4/30/23 11:23,98.6
GK-1,4/30/23 11:38,100.4
GK-1,4/30/23 11:53,102.2
GK-1,4/30/23 12:08,102.2
GK-1,4/30/23 12:23,103.1
GK-1,4/30/23 12:38,103.1
GK-1,4/30/23 12:53,104
GK-1,4/30/23 13:08,104
GK-1,4/30/23 13:23,104.9
GK-1,4/30/23 13:38,104
GK-1,4/30/23 13:53,103.1
GK-1,4/30/23 14:08,104
GK-1,4/30/23 14:23,105.8
GK-1,4/30/23 14:38,106.7
GK-1,4/30/23 14:53,107.6
GK-1,4/30/23 15:08,106.7
GK-1,4/30/23 15:23,108.5
GK-1,4/30/23 15:38,106.7
GK-1,4/30/23 15:53,106.7
GK-1,4/30/23 16:08,106.7
GK-1,4/30/23 16:23,104.9
GK-1,4/30/23 16:38,104.9
GK-1,4/30/23 16:53,103.1
GK-1,4/30/23 17:08,100.4
GK-1,4/30/23 17:23,98.6
GK-1,4/30/23 17:38,100.4
GK-1,4/30/23 17:53,101.3
GK-1,4/30/23 18:08,99.5
GK-1,4/30/23 18:23,98.6
GK-1,4/30/23 18:38,98.6
GK-1,4/30/23 18:53,95.9
GK-1,4/30/23 19:08,93.2
GK-1,4/30/23 19:23,90.5
GK-1,4/30/23 19:38,88.7
GK-1,4/30/23 19:53,87.8
GK-1,4/30/23 20:08,86.9
GK-1,4/30/23 20:23,86.9
GK-1,4/30/23 20:38,86.9
GK-1,4/30/23 20:53,86
GK-1,4/30/23 21:08,84.2
GK-1,4/30/23 21:23,83.3
GK-1,4/30/23 21:38,82.4
GK-1,4/30/23 21:53,80.6
GK-1,4/30/23 22:08,79.7
GK-1,4/30/23 22:23,78.8
GK-1,4/30/23 22:38,77.9
GK-1,4/30/23 22:53,76.1
GK-1,4/30/23 23:08,75.2
GK-1,4/30/23 23:23,73.4
GK-1,4/30/23 23:38,71.6
GK-1,4/30/23 23:53,70.7
GK-2,4/19/23 0:08,73.4
GK-2,4/19/23 0:23,72.5
GK-2,4/19/23 0:38,72.5
GK-2,4/19/23 0:53,72.5
GK-2,4/19/23 1:08,71.6
GK-2,4/19/23 1:23,71.6
GK-2,4/19/23 1:38,71.6
GK-2,4/19/23 1:53,70.7
GK-2,4/19/23 2:08,70.7
GK-2,4/19/23 2:23,70.7
GK-2,4/19/23 2:38,70.7
GK-2,4/19/23 2:53,70.7
GK-2,4/19/23 3:08,69.8
GK-2,4/19/23 3:23,69.8
GK-2,4/19/23 3:38,69.8
GK-2,4/19/23 3:53,69.8
GK-2,4/19/23 4:08,69.8
GK-2,4/19/23 4:23,69.8
GK-2,4/19/23 4:38,68.9
GK-2,4/19/23 4:53,68.9
GK-2,4/19/23 5:08,68.9
GK-2,4/19/23 5:23,68.9
GK-2,4/19/23 5:38,68.9
GK-2,4/19/23 5:53,68.9
GK-2,4/19/23 6:08,68.9
GK-2,4/19/23 6:23,68.9
GK-2,4/19/23 6:38,68.9
GK-2,4/19/23 6:53,68.9
GK-2,4/19/23 7:08,68
GK-2,4/19/23 7:23,68
GK-2,4/19/23 7:38,68
GK-2,4/19/23 7:53,68
GK-2,4/19/23 8:08,68
GK-2,4/19/23 8:23,68
GK-2,4/19/23 8:38,67.1
GK-2,4/19/23 8:53,67.1
GK-2,4/19/23 9:08,68
GK-2,4/19/23 9:23,68
GK-2,4/19/23 9:38,68
GK-2,4/19/23 9:53,68.9
GK-2,4/19/23 10:08,68.9
GK-2,4/19/23 10:23,69.8
GK-2,4/19/23 10:38,69.8
GK-2,4/19/23 10:53,72.5
GK-2,4/19/23 11:08,75.2
GK-2,4/19/23 11:23,77
GK-2,4/19/23 11:38,77.9
GK-2,4/19/23 11:53,75.2
GK-2,4/19/23 12:08,74.3
GK-2,4/19/23 12:23,73.4
GK-2,4/19/23 12:38,73.4
GK-2,4/19/23 12:53,74.3
GK-2,4/19/23 13:08,74.3
GK-2,4/19/23 13:23,74.3
GK-2,4/19/23 13:38,75.2
GK-2,4/19/23 13:53,75.2
GK-2,4/19/23 14:08,75.2
GK-2,4/19/23 14:23,75.2
GK-2,4/19/23 14:38,71.6
GK-2,4/19/23 14:53,70.7
GK-2,4/19/23 15:08,73.4
GK-2,4/19/23 15:23,74.3
GK-2,4/19/23 15:38,74.3
GK-2,4/19/23 15:53,75.2
GK-2,4/19/23 16:08,75.2
GK-2,4/19/23 16:23,75.2
GK-2,4/19/23 16:38,75.2
GK-2,4/19/23 16:53,84.2
GK-2,4/19/23 17:08,81.5
GK-2,4/19/23 17:23,78.8
GK-2,4/19/23 17:38,77.9
GK-2,4/19/23 17:53,76.1
GK-2,4/19/23 18:08,75.2
GK-2,4/19/23 18:23,74.3
GK-2,4/19/23 18:38,73.4
GK-2,4/19/23 18:53,72.5
GK-2,4/19/23 19:08,71.6
GK-2,4/19/23 19:23,70.7
GK-2,4/19/23 19:38,69.8
GK-2,4/19/23 19:53,68.9
GK-2,4/19/23 20:08,68
GK-2,4/19/23 20:23,68
GK-2,4/19/23 20:38,67.1
GK-2,4/19/23 20:53,66.2
GK-2,4/19/23 21:08,66.2
GK-2,4/19/23 21:23,65.3
GK-2,4/19/23 21:38,64.4
GK-2,4/19/23 21:53,64.4
GK-2,4/19/23 22:08,63.5
GK-2,4/19/23 22:23,62.6
GK-2,4/19/23 22:38,61.7
GK-2,4/19/23 22:53,60.8
GK-2,4/19/23 23:08,60.8
GK-2,4/19/23 23:23,59.9
GK-2,4/19/23 23:38,59
GK-2,4/19/23 23:53,58.1
GK-2,4/20/23 0:08,57.2
GK-2,4/20/23 0:23,56.3
GK-2,4/20/23 0:38,55.4
GK-2,4/20/23 0:53,53.6
GK-2,4/20/23 1:08,52.7
GK-2,4/20/23 1:23,51.8
GK-2,4/20/23 1:38,50.9
GK-2,4/20/23 1:53,50
GK-2,4/20/23 2:08,49.1
GK-2,4/20/23 2:23,48.2
GK-2,4/20/23 2:38,47.3
GK-2,4/20/23 2:53,46.4
GK-2,4/20/23 3:08,46.4
GK-2,4/20/23 3:23,45.5
GK-2,4/20/23 3:38,45.5
GK-2,4/20/23 3:53,44.6
GK-2,4/20/23 4:08,44.6
GK-2,4/20/23 4:23,43.7
GK-2,4/20/23 4:38,43.7
GK-2,4/20/23 4:53,43.7
GK-2,4/20/23 5:08,43.7
GK-2,4/20/23 5:23,43.7
GK-2,4/20/23 5:38,43.7
GK-2,4/20/23 5:53,44.6
GK-2,4/20/23 6:08,44.6
GK-2,4/20/23 6:23,44.6
GK-2,4/20/23 6:38,44.6
GK-2,4/20/23 6:53,44.6
GK-2,4/20/23 7:08,46.4
GK-2,4/20/23 7:23,48.2
GK-2,4/20/23 7:38,50.9
GK-2,4/20/23 7:53,54.5
GK-2,4/20/23 8:08,57.2
GK-2,4/20/23 8:23,59.9
GK-2,4/20/23 8:38,62.6
GK-2,4/20/23 8:53,66.2
GK-2,4/20/23 9:08,68
GK-2,4/20/23 9:23,70.7
GK-2,4/20/23 9:38,71.6
GK-2,4/20/23 9:53,73.4
GK-2,4/20/23 10:08,75.2
GK-2,4/20/23 10:23,75.2
GK-2,4/20/23 10:38,76.1
GK-2,4/20/23 10:53,77
GK-2,4/20/23 11:08,77.9
GK-2,4/20/23 11:23,78.8
GK-2,4/20/23 11:38,78.8
GK-2,4/20/23 11:53,78.8
GK-2,4/20/23 12:08,79.7
GK-2,4/20/23 12:23,79.7
GK-2,4/20/23 12:38,80.6
GK-2,4/20/23 12:53,80.6
GK-2,4/20/23 13:08,80.6
GK-2,4/20/23 13:23,80.6
GK-2,4/20/23 13:38,81.5
GK-2,4/20/23 13:53,81.5
GK-2,4/20/23 14:08,82.4
GK-2,4/20/23 14:23,82.4
GK-2,4/20/23 14:38,83.3
GK-2,4/20/23 14:53,83.3
GK-2,4/20/23 15:08,84.2
GK-2,4/20/23 15:23,85.1
GK-2,4/20/23 15:38,86
GK-2,4/20/23 15:53,86.9
GK-2,4/20/23 16:08,87.8
GK-2,4/20/23 16:23,86.9
GK-2,4/20/23 16:38,87.8
GK-2,4/20/23 16:53,86.9
GK-2,4/20/23 17:08,86.9
GK-2,4/20/23 17:23,86.9
GK-2,4/20/23 17:38,86
GK-2,4/20/23 17:53,86
GK-2,4/20/23 18:08,84.2
GK-2,4/20/23 18:23,83.3
GK-2,4/20/23 18:38,80.6
GK-2,4/20/23 18:53,77
GK-2,4/20/23 19:08,75.2
GK-2,4/20/23 19:23,72.5
GK-2,4/20/23 19:38,70.7
GK-2,4/20/23 19:53,69.8
GK-2,4/20/23 20:08,68
GK-2,4/20/23 20:23,66.2
GK-2,4/20/23 20:38,65.3
GK-2,4/20/23 20:53,64.4
GK-2,4/20/23 21:08,63.5
GK-2,4/20/23 21:23,62.6
GK-2,4/20/23 21:38,61.7
GK-2,4/20/23 21:53,60.8
GK-2,4/20/23 22:08,59
GK-2,4/20/23 22:23,58.1
GK-2,4/20/23 22:38,57.2
GK-2,4/20/23 22:53,56.3
GK-2,4/20/23 23:08,55.4
GK-2,4/20/23 23:23,55.4
GK-2,4/20/23 23:38,54.5
GK-2,4/20/23 23:53,54.5
GK-2,4/21/23 0:08,54.5
GK-2,4/21/23 0:23,54.5
GK-2,4/21/23 0:38,53.6
GK-2,4/21/23 0:53,53.6
GK-2,4/21/23 1:08,52.7
GK-2,4/21/23 1:23,51.8
GK-2,4/21/23 1:38,50.9
GK-2,4/21/23 1:53,50.9
GK-2,4/21/23 2:08,51.8
GK-2,4/21/23 2:23,51.8
GK-2,4/21/23 2:38,51.8
GK-2,4/21/23 2:53,50.9
GK-2,4/21/23 3:08,50.9
GK-2,4/21/23 3:23,50
GK-2,4/21/23 3:38,50
GK-2,4/21/23 3:53,49.1
GK-2,4/21/23 4:08,49.1
GK-2,4/21/23 4:23,49.1
GK-2,4/21/23 4:38,49.1
GK-2,4/21/23 4:53,48.2
GK-2,4/21/23 5:08,48.2
GK-2,4/21/23 5:23,47.3
GK-2,4/21/23 5:38,46.4
GK-2,4/21/23 5:53,46.4
GK-2,4/21/23 6:08,45.5
GK-2,4/21/23 6:23,45.5
GK-2,4/21/23 6:38,45.5
GK-2,4/21/23 6:53,46.4
GK-2,4/21/23 7:08,48.2
GK-2,4/21/23 7:23,50.9
GK-2,4/21/23 7:38,53.6
GK-2,4/21/23 7:53,57.2
GK-2,4/21/23 8:08,60.8
GK-2,4/21/23 8:23,63.5
GK-2,4/21/23 8:38,66.2
GK-2,4/21/23 8:53,68.9
GK-2,4/21/23 9:08,70.7
GK-2,4/21/23 9:23,73.4
GK-2,4/21/23 9:38,76.1
GK-2,4/21/23 9:53,77.9
GK-2,4/21/23 10:08,80.6
GK-2,4/21/23 10:23,82.4
GK-2,4/21/23 10:38,84.2
GK-2,4/21/23 10:53,84.2
GK-2,4/21/23 11:08,85.1
GK-2,4/21/23 11:23,86
GK-2,4/21/23 11:38,86
GK-2,4/21/23 11:53,87.8
GK-2,4/21/23 12:08,88.7
GK-2,4/21/23 12:23,87.8
GK-2,4/21/23 12:38,87.8
GK-2,4/21/23 12:53,88.7
GK-2,4/21/23 13:08,88.7
GK-2,4/21/23 13:23,88.7
GK-2,4/21/23 13:38,88.7
GK-2,4/21/23 13:53,88.7
GK-2,4/21/23 14:08,89.6
GK-2,4/21/23 14:23,89.6
GK-2,4/21/23 14:38,89.6
GK-2,4/21/23 14:53,90.5
GK-2,4/21/23 15:08,91.4
GK-2,4/21/23 15:23,92.3
GK-2,4/21/23 15:38,93.2
GK-2,4/21/23 15:53,94.1
GK-2,4/21/23 16:08,94.1
GK-2,4/21/23 16:23,94.1
GK-2,4/21/23 16:38,94.1
GK-2,4/21/23 16:53,94.1
GK-2,4/21/23 17:08,94.1
GK-2,4/21/23 17:23,94.1
GK-2,4/21/23 17:38,93.2
GK-2,4/21/23 17:53,91.4
GK-2,4/21/23 18:08,90.5
GK-2,4/21/23 18:23,88.7
GK-2,4/21/23 18:38,86
GK-2,4/21/23 18:53,82.4
GK-2,4/21/23 19:08,80.6
GK-2,4/21/23 19:23,77.9
GK-2,4/21/23 19:38,77
GK-2,4/21/23 19:53,75.2
GK-2,4/21/23 20:08,73.4
GK-2,4/21/23 20:23,72.5
GK-2,4/21/23 20:38,71.6
GK-2,4/21/23 20:53,69.8
GK-2,4/21/23 21:08,68.9
GK-2,4/21/23 21:23,67.1
GK-2,4/21/23 21:38,66.2
GK-2,4/21/23 21:53,65.3
GK-2,4/21/23 22:08,64.4
GK-2,4/21/23 22:23,64.4
GK-2,4/21/23 22:38,63.5
GK-2,4/21/23 22:53,62.6
GK-2,4/21/23 23:08,61.7
GK-2,4/21/23 23:23,61.7
GK-2,4/21/23 23:38,60.8
GK-2,4/21/23 23:53,59.9
GK-2,4/22/23 0:08,59
GK-2,4/22/23 0:23,58.1
GK-2,4/22/23 0:38,58.1
GK-2,4/22/23 0:53,57.2
GK-2,4/22/23 1:08,57.2
GK-2,4/22/23 1:23,56.3
GK-2,4/22/23 1:38,56.3
GK-2,4/22/23 1:53,56.3
GK-2,4/22/23 2:08,56.3
GK-2,4/22/23 2:23,55.4
GK-2,4/22/23 2:38,55.4
GK-2,4/22/23 2:53,54.5
GK-2,4/22/23 3:08,54.5
GK-2,4/22/23 3:23,53.6
GK-2,4/22/23 3:38,53.6
GK-2,4/22/23 3:53,53.6
GK-2,4/22/23 4:08,52.7
GK-2,4/22/23 4:23,52.7
GK-2,4/22/23 4:38,52.7
GK-2,4/22/23 4:53,51.8
GK-2,4/22/23 5:08,51.8
GK-2,4/22/23 5:23,51.8
GK-2,4/22/23 5:38,50.9
GK-2,4/22/23 5:53,50.9
GK-2,4/22/23 6:08,50
GK-2,4/22/23 6:23,50
GK-2,4/22/23 6:38,50
GK-2,4/22/23 6:53,50.9
GK-2,4/22/23 7:08,52.7
GK-2,4/22/23 7:23,55.4
GK-2,4/22/23 7:38,58.1
GK-2,4/22/23 7:53,61.7
GK-2,4/22/23 8:08,64.4
GK-2,4/22/23 8:23,67.1
GK-2,4/22/23 8:38,69.8
GK-2,4/22/23 8:53,72.5
GK-2,4/22/23 9:08,74.3
GK-2,4/22/23 9:23,77
GK-2,4/22/23 9:38,78.8
GK-2,4/22/23 9:53,80.6
GK-2,4/22/23 10:08,82.4
GK-2,4/22/23 10:23,83.3
GK-2,4/22/23 10:38,84.2
GK-2,4/22/23 10:53,85.1
GK-2,4/22/23 11:08,86
GK-2,4/22/23 11:23,86
GK-2,4/22/23 11:38,86.9
GK-2,4/22/23 11:53,86.9
GK-2,4/22/23 12:08,87.8
GK-2,4/22/23 12:23,88.7
GK-2,4/22/23 12:38,88.7
GK-2,4/22/23 12:53,89.6
GK-2,4/22/23 13:08,88.7
GK-2,4/22/23 13:23,89.6
GK-2,4/22/23 13:38,89.6
GK-2,4/22/23 13:53,89.6
GK-2,4/22/23 14:08,90.5
GK-2,4/22/23 14:23,90.5
GK-2,4/22/23 14:38,91.4
GK-2,4/22/23 14:53,91.4
GK-2,4/22/23 15:08,92.3
GK-2,4/22/23 15:23,92.3
GK-2,4/22/23 15:38,94.1
GK-2,4/22/23 15:53,95
GK-2,4/22/23 16:08,95
GK-2,4/22/23 16:23,95
GK-2,4/22/23 16:38,95.9
GK-2,4/22/23 16:53,95
GK-2,4/22/23 17:08,94.1
GK-2,4/22/23 17:23,94.1
GK-2,4/22/23 17:38,93.2
GK-2,4/22/23 17:53,92.3
GK-2,4/22/23 18:08,90.5
GK-2,4/22/23 18:23,89.6
GK-2,4/22/23 18:38,87.8
GK-2,4/22/23 18:53,85.1
GK-2,4/22/23 19:08,82.4
GK-2,4/22/23 19:23,81.5
GK-2,4/22/23 19:38,78.8
GK-2,4/22/23 19:53,77
GK-2,4/22/23 20:08,75.2
GK-2,4/22/23 20:23,73.4
GK-2,4/22/23 20:38,71.6
GK-2,4/22/23 20:53,70.7
GK-2,4/22/23 21:08,69.8
GK-2,4/22/23 21:23,68.9
GK-2,4/22/23 21:38,68
GK-2,4/22/23 21:53,68
GK-2,4/22/23 22:08,67.1
GK-2,4/22/23 22:23,66.2
GK-2,4/22/23 22:38,65.3
GK-2,4/22/23 22:53,64.4
GK-2,4/22/23 23:08,63.5
GK-2,4/22/23 23:23,63.5
GK-2,4/22/23 23:38,62.6
GK-2,4/22/23 23:53,62.6
GK-2,4/23/23 0:08,62.6
GK-2,4/23/23 0:23,61.7
GK-2,4/23/23 0:38,61.7
GK-2,4/23/23 0:53,60.8
GK-2,4/23/23 1:08,60.8
GK-2,4/23/23 1:23,59.9
GK-2,4/23/23 1:38,59.9
GK-2,4/23/23 1:53,59.9
GK-2,4/23/23 2:08,59.9
GK-2,4/23/23 2:23,59.9
GK-2,4/23/23 2:38,59.9
GK-2,4/23/23 2:53,59
GK-2,4/23/23 3:08,59
GK-2,4/23/23 3:23,58.1
GK-2,4/23/23 3:38,58.1
GK-2,4/23/23 3:53,57.2
GK-2,4/23/23 4:08,56.3
GK-2,4/23/23 4:23,56.3
GK-2,4/23/23 4:38,55.4
GK-2,4/23/23 4:53,55.4
GK-2,4/23/23 5:08,55.4
GK-2,4/23/23 5:23,55.4
GK-2,4/23/23 5:38,56.3
GK-2,4/23/23 5:53,55.4
GK-2,4/23/23 6:08,55.4
GK-2,4/23/23 6:23,54.5
GK-2,4/23/23 6:38,54.5
GK-2,4/23/23 6:53,54.5
GK-2,4/23/23 7:08,55.4
GK-2,4/23/23 7:23,58.1
GK-2,4/23/23 7:38,61.7
GK-2,4/23/23 7:53,64.4
GK-2,4/23/23 8:08,66.2
GK-2,4/23/23 8:23,68.9
GK-2,4/23/23 8:38,71.6
GK-2,4/23/23 8:53,74.3
GK-2,4/23/23 9:08,77
GK-2,4/23/23 9:23,79.7
GK-2,4/23/23 9:38,81.5
GK-2,4/23/23 9:53,84.2
GK-2,4/23/23 10:08,86
GK-2,4/23/23 10:23,87.8
GK-2,4/23/23 10:38,89.6
GK-2,4/23/23 10:53,90.5
GK-2,4/23/23 11:08,91.4
GK-2,4/23/23 11:23,92.3
GK-2,4/23/23 11:38,92.3
GK-2,4/23/23 11:53,93.2
GK-2,4/23/23 12:08,94.1
GK-2,4/23/23 12:23,95
GK-2,4/23/23 12:38,95
GK-2,4/23/23 12:53,94.1
GK-2,4/23/23 13:08,93.2
GK-2,4/23/23 13:23,92.3
GK-2,4/23/23 13:38,93.2
GK-2,4/23/23 13:53,93.2
GK-2,4/23/23 14:08,94.1
GK-2,4/23/23 14:23,94.1
GK-2,4/23/23 14:38,95
GK-2,4/23/23 14:53,95.9
GK-2,4/23/23 15:08,95.9
GK-2,4/23/23 15:23,96.8
GK-2,4/23/23 15:38,97.7
GK-2,4/23/23 15:53,99.5
GK-2,4/23/23 16:08,98.6
GK-2,4/23/23 16:23,99.5
GK-2,4/23/23 16:38,99.5
GK-2,4/23/23 16:53,100.4
GK-2,4/23/23 17:08,99.5
GK-2,4/23/23 17:23,98.6
GK-2,4/23/23 17:38,97.7
GK-2,4/23/23 17:53,96.8
GK-2,4/23/23 18:08,95
GK-2,4/23/23 18:23,93.2
GK-2,4/23/23 18:38,90.5
GK-2,4/23/23 18:53,87.8
GK-2,4/23/23 19:08,86
GK-2,4/23/23 19:23,84.2
GK-2,4/23/23 19:38,82.4
GK-2,4/23/23 19:53,79.7
GK-2,4/23/23 20:08,77.9
GK-2,4/23/23 20:23,76.1
GK-2,4/23/23 20:38,75.2
GK-2,4/23/23 20:53,75.2
GK-2,4/23/23 21:08,75.2
GK-2,4/23/23 21:23,74.3
GK-2,4/23/23 21:38,74.3
GK-2,4/23/23 21:53,73.4
GK-2,4/23/23 22:08,72.5
GK-2,4/23/23 22:23,70.7
GK-2,4/23/23 22:38,69.8
GK-2,4/23/23 22:53,68.9
GK-2,4/23/23 23:08,68
GK-2,4/23/23 23:23,67.1
GK-2,4/23/23 23:38,65.3
GK-2,4/23/23 23:53,64.4
GK-2,4/24/23 0:08,64.4
GK-2,4/24/23 0:23,63.5
GK-2,4/24/23 0:38,62.6
GK-2,4/24/23 0:53,62.6
GK-2,4/24/23 1:08,61.7
GK-2,4/24/23 1:23,60.8
GK-2,4/24/23 1:38,60.8
GK-2,4/24/23 1:53,60.8
GK-2,4/24/23 2:08,60.8
GK-2,4/24/23 2:23,59.9
GK-2,4/24/23 2:38,59.9
GK-2,4/24/23 2:53,59.9
GK-2,4/24/23 3:08,59.9
GK-2,4/24/23 3:23,59.9
GK-2,4/24/23 3:38,59.9
GK-2,4/24/23 3:53,59
GK-2,4/24/23 4:08,59
GK-2,4/24/23 4:23,58.1
GK-2,4/24/23 4:38,57.2
GK-2,4/24/23 4:53,56.3
GK-2,4/24/23 5:08,55.4
GK-2,4/24/23 5:23,54.5
GK-2,4/24/23 5:38,53.6
GK-2,4/24/23 5:53,52.7
GK-2,4/24/23 6:08,52.7
GK-2,4/24/23 6:23,52.7
GK-2,4/24/23 6:38,52.7
GK-2,4/24/23 6:53,54.5
GK-2,4/24/23 7:08,56.3
GK-2,4/24/23 7:23,59.9
GK-2,4/24/23 7:38,63.5
GK-2,4/24/23 7:53,66.2
GK-2,4/24/23 8:08,68.9
GK-2,4/24/23 8:23,71.6
GK-2,4/24/23 8:38,74.3
GK-2,4/24/23 8:53,76.1
GK-2,4/24/23 9:08,78.8
GK-2,4/24/23 9:23,80.6
GK-2,4/24/23 9:38,82.4
GK-2,4/24/23 9:53,84.2
GK-2,4/24/23 10:08,85.1
GK-2,4/24/23 10:23,86.9
GK-2,4/24/23 10:38,88.7
GK-2,4/24/23 10:53,89.6
GK-2,4/24/23 11:08,90.5
GK-2,4/24/23 11:23,91.4
GK-2,4/24/23 11:38,91.4
GK-2,4/24/23 11:53,91.4
GK-2,4/24/23 12:08,92.3
GK-2,4/24/23 12:23,92.3
GK-2,4/24/23 12:38,92.3
GK-2,4/24/23 12:53,92.3
GK-2,4/24/23 13:08,92.3
GK-2,4/24/23 13:23,92.3
GK-2,4/24/23 13:38,92.3
GK-2,4/24/23 13:53,92.3
GK-2,4/24/23 14:08,92.3
GK-2,4/24/23 14:23,92.3
GK-2,4/24/23 14:38,92.3
GK-2,4/24/23 14:53,93.2
GK-2,4/24/23 15:08,94.1
GK-2,4/24/23 15:23,95
GK-2,4/24/23 15:38,95.9
GK-2,4/24/23 15:53,97.7
GK-2,4/24/23 16:08,97.7
GK-2,4/24/23 16:23,97.7
GK-2,4/24/23 16:38,98.6
GK-2,4/24/23 16:53,98.6
GK-2,4/24/23 17:08,97.7
GK-2,4/24/23 17:23,96.8
GK-2,4/24/23 17:38,95.9
GK-2,4/24/23 17:53,94.1
GK-2,4/24/23 18:08,92.3
GK-2,4/24/23 18:23,90.5
GK-2,4/24/23 18:38,88.7
GK-2,4/24/23 18:53,86
GK-2,4/24/23 19:08,84.2
GK-2,4/24/23 19:23,82.4
GK-2,4/24/23 19:38,81.5
GK-2,4/24/23 19:53,80.6
GK-2,4/24/23 20:08,78.8
GK-2,4/24/23 20:23,77.9
GK-2,4/24/23 20:38,77.9
GK-2,4/24/23 20:53,77
GK-2,4/24/23 21:08,76.1
GK-2,4/24/23 21:23,75.2
GK-2,4/24/23 21:38,74.3
GK-2,4/24/23 21:53,72.5
GK-2,4/24/23 22:08,71.6
GK-2,4/24/23 22:23,70.7
GK-2,4/24/23 22:38,70.7
GK-2,4/24/23 22:53,68.9
GK-2,4/24/23 23:08,68
GK-2,4/24/23 23:23,67.1
GK-2,4/24/23 23:38,65.3
GK-2,4/24/23 23:53,64.4
GK-2,4/25/23 0:08,63.5
GK-2,4/25/23 0:23,63.5
GK-2,4/25/23 0:38,62.6
GK-2,4/25/23 0:53,61.7
GK-2,4/25/23 1:08,60.8
GK-2,4/25/23 1:23,60.8
GK-2,4/25/23 1:38,59.9
GK-2,4/25/23 1:53,59.9
GK-2,4/25/23 2:08,59.9
GK-2,4/25/23 2:23,59.9
GK-2,4/25/23 2:38,60.8
GK-2,4/25/23 2:53,61.7
GK-2,4/25/23 3:08,63.5
GK-2,4/25/23 3:23,63.5
GK-2,4/25/23 3:38,64.4
GK-2,4/25/23 3:53,64.4
GK-2,4/25/23 4:08,64.4
GK-2,4/25/23 4:23,64.4
GK-2,4/25/23 4:38,64.4
GK-2,4/25/23 4:53,64.4
GK-2,4/25/23 5:08,63.5
GK-2,4/25/23 5:23,63.5
GK-2,4/25/23 5:38,62.6
GK-2,4/25/23 5:53,62.6
GK-2,4/25/23 6:08,61.7
GK-2,4/25/23 6:23,60.8
GK-2,4/25/23 6:38,59.9
GK-2,4/25/23 6:53,60.8
GK-2,4/25/23 7:08,61.7
GK-2,4/25/23 7:23,63.5
GK-2,4/25/23 7:38,66.2
GK-2,4/25/23 7:53,68.9
GK-2,4/25/23 8:08,71.6
GK-2,4/25/23 8:23,73.4
GK-2,4/25/23 8:38,75.2
GK-2,4/25/23 8:53,77
GK-2,4/25/23 9:08,78.8
GK-2,4/25/23 9:23,80.6
GK-2,4/25/23 9:38,81.5
GK-2,4/25/23 9:53,82.4
GK-2,4/25/23 10:08,85.1
GK-2,4/25/23 10:23,86
GK-2,4/25/23 10:38,86.9
GK-2,4/25/23 10:53,88.7
GK-2,4/25/23 11:08,88.7
GK-2,4/25/23 11:23,90.5
GK-2,4/25/23 11:38,91.4
GK-2,4/25/23 11:53,92.3
GK-2,4/25/23 12:08,92.3
GK-2,4/25/23 12:23,91.4
GK-2,4/25/23 12:38,92.3
GK-2,4/25/23 12:53,90.5
GK-2,4/25/23 13:08,90.5
GK-2,4/25/23 13:23,90.5
GK-2,4/25/23 13:38,90.5
GK-2,4/25/23 13:53,90.5
GK-2,4/25/23 14:08,90.5
GK-2,4/25/23 14:23,91.4
GK-2,4/25/23 14:38,91.4
GK-2,4/25/23 14:53,91.4
GK-2,4/25/23 15:08,92.3
GK-2,4/25/23 15:23,93.2
GK-2,4/25/23 15:38,94.1
GK-2,4/25/23 15:53,94.1
GK-2,4/25/23 16:08,95
GK-2,4/25/23 16:23,95
GK-2,4/25/23 16:38,95
GK-2,4/25/23 16:53,95
GK-2,4/25/23 17:08,94.1
GK-2,4/25/23 17:23,94.1
GK-2,4/25/23 17:38,92.3
GK-2,4/25/23 17:53,92.3
GK-2,4/25/23 18:08,91.4
GK-2,4/25/23 18:23,89.6
GK-2,4/25/23 18:38,87.8
GK-2,4/25/23 18:53,85.1
GK-2,4/25/23 19:08,83.3
GK-2,4/25/23 19:23,81.5
GK-2,4/25/23 19:38,79.7
GK-2,4/25/23 19:53,78.8
GK-2,4/25/23 20:08,77.9
GK-2,4/25/23 20:23,77
GK-2,4/25/23 20:38,77
GK-2,4/25/23 20:53,76.1
GK-2,4/25/23 21:08,76.1
GK-2,4/25/23 21:23,75.2
GK-2,4/25/23 21:38,74.3
GK-2,4/25/23 21:53,74.3
GK-2,4/25/23 22:08,73.4
GK-2,4/25/23 22:23,72.5
GK-2,4/25/23 22:38,71.6
GK-2,4/25/23 22:53,70.7
GK-2,4/25/23 23:08,68.9
GK-2,4/25/23 23:23,67.1
GK-2,4/25/23 23:38,66.2
GK-2,4/25/23 23:53,64.4
GK-2,4/26/23 0:08,64.4
GK-2,4/26/23 0:23,64.4
GK-2,4/26/23 0:38,64.4
GK-2,4/26/23 0:53,63.5
GK-2,4/26/23 1:08,63.5
GK-2,4/26/23 1:23,62.6
GK-2,4/26/23 1:38,61.7
GK-2,4/26/23 1:53,60.8
GK-2,4/26/23 2:08,59.9
GK-2,4/26/23 2:23,59
GK-2,4/26/23 2:38,58.1
GK-2,4/26/23 2:53,57.2
GK-2,4/26/23 3:08,57.2
GK-2,4/26/23 3:23,56.3
GK-2,4/26/23 3:38,55.4
GK-2,4/26/23 3:53,55.4
GK-2,4/26/23 4:08,54.5
GK-2,4/26/23 4:23,53.6
GK-2,4/26/23 4:38,53.6
GK-2,4/26/23 4:53,53.6
GK-2,4/26/23 5:08,53.6
GK-2,4/26/23 5:23,52.7
GK-2,4/26/23 5:38,52.7
GK-2,4/26/23 5:53,52.7
GK-2,4/26/23 6:08,52.7
GK-2,4/26/23 6:23,52.7
GK-2,4/26/23 6:38,52.7
GK-2,4/26/23 6:53,53.6
GK-2,4/26/23 7:08,55.4
GK-2,4/26/23 7:23,57.2
GK-2,4/26/23 7:38,60.8
GK-2,4/26/23 7:53,63.5
GK-2,4/26/23 8:08,66.2
GK-2,4/26/23 8:23,68.9
GK-2,4/26/23 8:38,71.6
GK-2,4/26/23 8:53,74.3
GK-2,4/26/23 9:08,76.1
GK-2,4/26/23 9:23,77.9
GK-2,4/26/23 9:38,78.8
GK-2,4/26/23 9:53,79.7
GK-2,4/26/23 10:08,80.6
GK-2,4/26/23 10:23,82.4
GK-2,4/26/23 10:38,83.3
GK-2,4/26/23 10:53,84.2
GK-2,4/26/23 11:08,85.1
GK-2,4/26/23 11:23,85.1
GK-2,4/26/23 11:38,86
GK-2,4/26/23 11:53,85.1
GK-2,4/26/23 12:08,85.1
GK-2,4/26/23 12:23,85.1
GK-2,4/26/23 12:38,85.1
GK-2,4/26/23 12:53,85.1
GK-2,4/26/23 13:08,86
GK-2,4/26/23 13:23,86
GK-2,4/26/23 13:38,86.9
GK-2,4/26/23 13:53,86.9
GK-2,4/26/23 14:08,86.9
GK-2,4/26/23 14:23,86.9
GK-2,4/26/23 14:38,87.8
GK-2,4/26/23 14:53,88.7
GK-2,4/26/23 15:08,89.6
GK-2,4/26/23 15:23,90.5
GK-2,4/26/23 15:38,91.4
GK-2,4/26/23 15:53,92.3
GK-2,4/26/23 16:08,92.3
GK-2,4/26/23 16:23,93.2
GK-2,4/26/23 16:38,93.2
GK-2,4/26/23 16:53,92.3
GK-2,4/26/23 17:08,92.3
GK-2,4/26/23 17:23,92.3
GK-2,4/26/23 17:38,91.4
GK-2,4/26/23 17:53,89.6
GK-2,4/26/23 18:08,88.7
GK-2,4/26/23 18:23,87.8
GK-2,4/26/23 18:38,86
GK-2,4/26/23 18:53,82.4
GK-2,4/26/23 19:08,79.7
GK-2,4/26/23 19:23,77.9
GK-2,4/26/23 19:38,76.1
GK-2,4/26/23 19:53,74.3
GK-2,4/26/23 20:08,72.5
GK-2,4/26/23 20:23,70.7
GK-2,4/26/23 20:38,68.9
GK-2,4/26/23 20:53,68
GK-2,4/26/23 21:08,67.1
GK-2,4/26/23 21:23,65.3
GK-2,4/26/23 21:38,64.4
GK-2,4/26/23 21:53,63.5
GK-2,4/26/23 22:08,62.6
GK-2,4/26/23 22:23,62.6
GK-2,4/26/23 22:38,61.7
GK-2,4/26/23 22:53,61.7
GK-2,4/26/23 23:08,60.8
GK-2,4/26/23 23:23,60.8
GK-2,4/26/23 23:38,59.9
GK-2,4/26/23 23:53,59.9
GK-2,4/27/23 0:08,59
GK-2,4/27/23 0:23,58.1
GK-2,4/27/23 0:38,58.1
GK-2,4/27/23 0:53,57.2
GK-2,4/27/23 1:08,57.2
GK-2,4/27/23 1:23,57.2
GK-2,4/27/23 1:38,57.2
GK-2,4/27/23 1:53,57.2
GK-2,4/27/23 2:08,56.3
GK-2,4/27/23 2:23,57.2
GK-2,4/27/23 2:38,56.3
GK-2,4/27/23 2:53,56.3
GK-2,4/27/23 3:08,56.3
GK-2,4/27/23 3:23,55.4
GK-2,4/27/23 3:38,54.5
GK-2,4/27/23 3:53,54.5
GK-2,4/27/23 4:08,53.6
GK-2,4/27/23 4:23,53.6
GK-2,4/27/23 4:38,53.6
GK-2,4/27/23 4:53,53.6
GK-2,4/27/23 5:08,52.7
GK-2,4/27/23 5:23,52.7
GK-2,4/27/23 5:38,51.8
GK-2,4/27/23 5:53,50.9
GK-2,4/27/23 6:08,50.9
GK-2,4/27/23 6:23,50.9
GK-2,4/27/23 6:38,50.9
GK-2,4/27/23 6:53,51.8
GK-2,4/27/23 7:08,53.6
GK-2,4/27/23 7:23,56.3
GK-2,4/27/23 7:38,59
GK-2,4/27/23 7:53,61.7
GK-2,4/27/23 8:08,64.4
GK-2,4/27/23 8:23,67.1
GK-2,4/27/23 8:38,69.8
GK-2,4/27/23 8:53,72.5
GK-2,4/27/23 9:08,75.2
GK-2,4/27/23 9:23,77
GK-2,4/27/23 9:38,79.7
GK-2,4/27/23 9:53,81.5
GK-2,4/27/23 10:08,84.2
GK-2,4/27/23 10:23,86
GK-2,4/27/23 10:38,87.8
GK-2,4/27/23 10:53,89.6
GK-2,4/27/23 11:08,90.5
GK-2,4/27/23 11:23,91.4
GK-2,4/27/23 11:38,91.4
GK-2,4/27/23 11:53,91.4
GK-2,4/27/23 12:08,92.3
GK-2,4/27/23 12:23,91.4
GK-2,4/27/23 12:38,91.4
GK-2,4/27/23 12:53,91.4
GK-2,4/27/23 13:08,91.4
GK-2,4/27/23 13:23,91.4
GK-2,4/27/23 13:38,92.3
GK-2,4/27/23 13:53,92.3
GK-2,4/27/23 14:08,92.3
GK-2,4/27/23 14:23,93.2
GK-2,4/27/23 14:38,93.2
GK-2,4/27/23 14:53,93.2
GK-2,4/27/23 15:08,94.1
GK-2,4/27/23 15:23,95
GK-2,4/27/23 15:38,95.9
GK-2,4/27/23 15:53,95
GK-2,4/27/23 16:08,95.9
GK-2,4/27/23 16:23,96.8
GK-2,4/27/23 16:38,97.7
GK-2,4/27/23 16:53,97.7
GK-2,4/27/23 17:08,96.8
GK-2,4/27/23 17:23,96.8
GK-2,4/27/23 17:38,95.9
GK-2,4/27/23 17:53,95
GK-2,4/27/23 18:08,93.2
GK-2,4/27/23 18:23,92.3
GK-2,4/27/23 18:38,90.5
GK-2,4/27/23 18:53,86.9
GK-2,4/27/23 19:08,85.1
GK-2,4/27/23 19:23,83.3
GK-2,4/27/23 19:38,81.5
GK-2,4/27/23 19:53,78.8
GK-2,4/27/23 20:08,77
GK-2,4/27/23 20:23,75.2
GK-2,4/27/23 20:38,73.4
GK-2,4/27/23 20:53,71.6
GK-2,4/27/23 21:08,70.7
GK-2,4/27/23 21:23,69.8
GK-2,4/27/23 21:38,68.9
GK-2,4/27/23 21:53,68
GK-2,4/27/23 22:08,67.1
GK-2,4/27/23 22:23,67.1
GK-2,4/27/23 22:38,66.2
GK-2,4/27/23 22:53,65.3
GK-2,4/27/23 23:08,64.4
GK-2,4/27/23 23:23,63.5
GK-2,4/27/23 23:38,62.6
GK-2,4/27/23 23:53,61.7
GK-2,4/28/23 0:08,60.8
GK-2,4/28/23 0:23,59.9
GK-2,4/28/23 0:38,59
GK-2,4/28/23 0:53,58.1
GK-2,4/28/23 1:08,58.1
GK-2,4/28/23 1:23,58.1
GK-2,4/28/23 1:38,57.2
GK-2,4/28/23 1:53,57.2
GK-2,4/28/23 2:08,57.2
GK-2,4/28/23 2:23,57.2
GK-2,4/28/23 2:38,56.3
GK-2,4/28/23 2:53,56.3
GK-2,4/28/23 3:08,56.3
GK-2,4/28/23 3:23,56.3
GK-2,4/28/23 3:38,55.4
GK-2,4/28/23 3:53,55.4
GK-2,4/28/23 4:08,55.4
GK-2,4/28/23 4:23,54.5
GK-2,4/28/23 4:38,54.5
GK-2,4/28/23 4:53,54.5
GK-2,4/28/23 5:08,53.6
GK-2,4/28/23 5:23,53.6
GK-2,4/28/23 5:38,53.6
GK-2,4/28/23 5:53,52.7
GK-2,4/28/23 6:08,52.7
GK-2,4/28/23 6:23,52.7
GK-2,4/28/23 6:38,53.6
GK-2,4/28/23 6:53,54.5
GK-2,4/28/23 7:08,56.3
GK-2,4/28/23 7:23,58.1
GK-2,4/28/23 7:38,60.8
GK-2,4/28/23 7:53,64.4
GK-2,4/28/23 8:08,67.1
GK-2,4/28/23 8:23,69.8
GK-2,4/28/23 8:38,72.5
GK-2,4/28/23 8:53,75.2
GK-2,4/28/23 9:08,77.9
GK-2,4/28/23 9:23,80.6
GK-2,4/28/23 9:38,82.4
GK-2,4/28/23 9:53,85.1
GK-2,4/28/23 10:08,86
GK-2,4/28/23 10:23,87.8
GK-2,4/28/23 10:38,88.7
GK-2,4/28/23 10:53,89.6
GK-2,4/28/23 11:08,90.5
GK-2,4/28/23 11:23,91.4
GK-2,4/28/23 11:38,90.5
GK-2,4/28/23 11:53,91.4
GK-2,4/28/23 12:08,91.4
GK-2,4/28/23 12:23,93.2
GK-2,4/28/23 12:38,94.1
GK-2,4/28/23 12:53,95
GK-2,4/28/23 13:08,95.9
GK-2,4/28/23 13:23,95.9
GK-2,4/28/23 13:38,95.9
GK-2,4/28/23 13:53,95.9
GK-2,4/28/23 14:08,95.9
GK-2,4/28/23 14:23,95.9
GK-2,4/28/23 14:38,96.8
GK-2,4/28/23 14:53,97.7
GK-2,4/28/23 15:08,97.7
GK-2,4/28/23 15:23,97.7
GK-2,4/28/23 15:38,98.6
GK-2,4/28/23 15:53,100.4
GK-2,4/28/23 16:08,102.2
GK-2,4/28/23 16:23,101.3
GK-2,4/28/23 16:38,101.3
GK-2,4/28/23 16:53,99.5
GK-2,4/28/23 17:08,98.6
GK-2,4/28/23 17:23,99.5
GK-2,4/28/23 17:38,97.7
GK-2,4/28/23 17:53,97.7
GK-2,4/28/23 18:08,95.9
GK-2,4/28/23 18:23,94.1
GK-2,4/28/23 18:38,92.3
GK-2,4/28/23 18:53,89.6
GK-2,4/28/23 19:08,86.9
GK-2,4/28/23 19:23,85.1
GK-2,4/28/23 19:38,83.3
GK-2,4/28/23 19:53,81.5
GK-2,4/28/23 20:08,79.7
GK-2,4/28/23 20:23,78.8
GK-2,4/28/23 20:38,76.1
GK-2,4/28/23 20:53,75.2
GK-2,4/28/23 21:08,73.4
GK-2,4/28/23 21:23,72.5
GK-2,4/28/23 21:38,71.6
GK-2,4/28/23 21:53,70.7
GK-2,4/28/23 22:08,70.7
GK-2,4/28/23 22:23,69.8
GK-2,4/28/23 22:38,68.9
GK-2,4/28/23 22:53,68.9
GK-2,4/28/23 23:08,68
GK-2,4/28/23 23:23,68
GK-2,4/28/23 23:38,68
GK-2,4/28/23 23:53,68
GK-2,4/29/23 0:08,68.9
GK-2,4/29/23 0:23,68.9
GK-2,4/29/23 0:38,69.8
GK-2,4/29/23 0:53,69.8
GK-2,4/29/23 1:08,70.7
GK-2,4/29/23 1:23,70.7
GK-2,4/29/23 1:38,69.8
GK-2,4/29/23 1:53,69.8
GK-2,4/29/23 2:08,68.9
GK-2,4/29/23 2:23,68
GK-2,4/29/23 2:38,67.1
GK-2,4/29/23 2:53,66.2
GK-2,4/29/23 3:08,65.3
GK-2,4/29/23 3:23,65.3
GK-2,4/29/23 3:38,65.3
GK-2,4/29/23 3:53,65.3
GK-2,4/29/23 4:08,65.3
GK-2,4/29/23 4:23,65.3
GK-2,4/29/23 4:38,64.4
GK-2,4/29/23 4:53,64.4
GK-2,4/29/23 5:08,62.6
GK-2,4/29/23 5:23,61.7
GK-2,4/29/23 5:38,60.8
GK-2,4/29/23 5:53,59.9
GK-2,4/29/23 6:08,59
GK-2,4/29/23 6:23,58.1
GK-2,4/29/23 6:38,58.1
GK-2,4/29/23 6:53,58.1
GK-2,4/29/23 7:08,59.9
GK-2,4/29/23 7:23,61.7
GK-2,4/29/23 7:38,64.4
GK-2,4/29/23 7:53,67.1
GK-2,4/29/23 8:08,70.7
GK-2,4/29/23 8:23,72.5
GK-2,4/29/23 8:38,75.2
GK-2,4/29/23 8:53,77.9
GK-2,4/29/23 9:08,80.6
GK-2,4/29/23 9:23,83.3
GK-2,4/29/23 9:38,85.1
GK-2,4/29/23 9:53,87.8
GK-2,4/29/23 10:08,89.6
GK-2,4/29/23 10:23,91.4
GK-2,4/29/23 10:38,92.3
GK-2,4/29/23 10:53,95
GK-2,4/29/23 11:08,95.9
GK-2,4/29/23 11:23,96.8
GK-2,4/29/23 11:38,97.7
GK-2,4/29/23 11:53,99.5
GK-2,4/29/23 12:08,99.5
GK-2,4/29/23 12:23,100.4
GK-2,4/29/23 12:38,100.4
GK-2,4/29/23 12:53,100.4
GK-2,4/29/23 13:08,100.4
GK-2,4/29/23 13:23,100.4
GK-2,4/29/23 13:38,101.3
GK-2,4/29/23 13:53,102.2
GK-2,4/29/23 14:08,102.2
GK-2,4/29/23 14:23,102.2
GK-2,4/29/23 14:38,101.3
GK-2,4/29/23 14:53,102.2
GK-2,4/29/23 15:08,102.2
GK-2,4/29/23 15:23,103.1
GK-2,4/29/23 15:38,104.9
GK-2,4/29/23 15:53,106.7
GK-2,4/29/23 16:08,107.6
GK-2,4/29/23 16:23,109.4
GK-2,4/29/23 16:38,109.4
GK-2,4/29/23 16:53,109.4
GK-2,4/29/23 17:08,109.4
GK-2,4/29/23 17:23,110.3
GK-2,4/29/23 17:38,108.5
GK-2,4/29/23 17:53,105.8
GK-2,4/29/23 18:08,104.9
GK-2,4/29/23 18:23,103.1
GK-2,4/29/23 18:38,100.4
GK-2,4/29/23 18:53,95.9
GK-2,4/29/23 19:08,92.3
GK-2,4/29/23 19:23,89.6
GK-2,4/29/23 19:38,86.9
GK-2,4/29/23 19:53,85.1
GK-2,4/29/23 20:08,83.3
GK-2,4/29/23 20:23,81.5
GK-2,4/29/23 20:38,79.7
GK-2,4/29/23 20:53,78.8
GK-2,4/29/23 21:08,77
GK-2,4/29/23 21:23,76.1
GK-2,4/29/23 21:38,75.2
GK-2,4/29/23 21:53,74.3
GK-2,4/29/23 22:08,74.3
GK-2,4/29/23 22:23,73.4
GK-2,4/29/23 22:38,72.5
GK-2,4/29/23 22:53,71.6
GK-2,4/29/23 23:08,70.7
GK-2,4/29/23 23:23,70.7
GK-2,4/29/23 23:38,69.8
GK-2,4/29/23 23:53,68.9
GK-2,4/30/23 0:08,68
GK-2,4/30/23 0:23,67.1
GK-2,4/30/23 0:38,66.2
GK-2,4/30/23 0:53,65.3
GK-2,4/30/23 1:08,65.3
GK-2,4/30/23 1:23,64.4
GK-2,4/30/23 1:38,64.4
GK-2,4/30/23 1:53,63.5
GK-2,4/30/23 2:08,63.5
GK-2,4/30/23 2:23,63.5
GK-2,4/30/23 2:38,62.6
GK-2,4/30/23 2:53,61.7
GK-2,4/30/23 3:08,61.7
GK-2,4/30/23 3:23,61.7
GK-2,4/30/23 3:38,61.7
GK-2,4/30/23 3:53,60.8
GK-2,4/30/23 4:08,60.8
GK-2,4/30/23 4:23,60.8
GK-2,4/30/23 4:38,59.9
GK-2,4/30/23 4:53,59.9
GK-2,4/30/23 5:08,59
GK-2,4/30/23 5:23,58.1
GK-2,4/30/23 5:38,58.1
GK-2,4/30/23 5:53,57.2
GK-2,4/30/23 6:08,58.1
GK-2,4/30/23 6:23,58.1
GK-2,4/30/23 6:38,59
GK-2,4/30/23 6:53,59.9
GK-2,4/30/23 7:08,60.8
GK-2,4/30/23 7:23,62.6
GK-2,4/30/23 7:38,65.3
GK-2,4/30/23 7:53,68
GK-2,4/30/23 8:08,70.7
GK-2,4/30/23 8:23,72.5
GK-2,4/30/23 8:38,75.2
GK-2,4/30/23 8:53,77.9
GK-2,4/30/23 9:08,79.7
GK-2,4/30/23 9:23,82.4
GK-2,4/30/23 9:38,85.1
GK-2,4/30/23 9:53,87.8
GK-2,4/30/23 10:08,89.6
GK-2,4/30/23 10:23,91.4
GK-2,4/30/23 10:38,94.1
GK-2,4/30/23 10:53,95.9
GK-2,4/30/23 11:08,97.7
GK-2,4/30/23 11:23,98.6
GK-2,4/30/23 11:38,100.4
GK-2,4/30/23 11:53,102.2
GK-2,4/30/23 12:08,102.2
GK-2,4/30/23 12:23,103.1
GK-2,4/30/23 12:38,103.1
GK-2,4/30/23 12:53,104
GK-2,4/30/23 13:08,104
GK-2,4/30/23 13:23,104
GK-2,4/30/23 13:38,103.1
GK-2,4/30/23 13:53,103.1
GK-2,4/30/23 14:08,104
GK-2,4/30/23 14:23,105.8
GK-2,4/30/23 14:38,106.7
GK-2,4/30/23 14:53,107.6
GK-2,4/30/23 15:08,106.7
GK-2,4/30/23 15:23,108.5
GK-2,4/30/23 15:38,107.6
GK-2,4/30/23 15:53,107.6
GK-2,4/30/23 16:08,106.7
GK-2,4/30/23 16:23,104.9
GK-2,4/30/23 16:38,104.9
GK-2,4/30/23 16:53,103.1
GK-2,4/30/23 17:08,100.4
GK-2,4/30/23 17:23,98.6
GK-2,4/30/23 17:38,100.4
GK-2,4/30/23 17:53,101.3
GK-2,4/30/23 18:08,99.5
GK-2,4/30/23 18:23,98.6
GK-2,4/30/23 18:38,98.6
GK-2,4/30/23 18:53,95.9
GK-2,4/30/23 19:08,94.1
GK-2,4/30/23 19:23,91.4
GK-2,4/30/23 19:38,88.7
GK-2,4/30/23 19:53,87.8
GK-2,4/30/23 20:08,86.9
GK-2,4/30/23 20:23,86.9
GK-2,4/30/23 20:38,86
GK-2,4/30/23 20:53,85.1
GK-2,4/30/23 21:08,84.2
GK-2,4/30/23 21:23,83.3
GK-2,4/30/23 21:38,82.4
GK-2,4/30/23 21:53,80.6
GK-2,4/30/23 22:08,79.7
GK-2,4/30/23 22:23,78.8
GK-2,4/30/23 22:38,77.9
GK-2,4/30/23 22:53,76.1
GK-2,4/30/23 23:08,74.3
GK-2,4/30/23 23:23,73.4
GK-2,4/30/23 23:38,71.6
GK-2,4/30/23 23:53,70.7
GK-1,5/6/23 0:01,58.1
GK-1,5/6/23 0:16,57.2
GK-1,5/6/23 0:31,56.3
GK-1,5/6/23 0:46,56.3
GK-1,5/6/23 1:01,55.4
GK-1,5/6/23 1:16,54.5
GK-1,5/6/23 1:31,53.6
GK-1,5/6/23 1:46,52.7
GK-1,5/6/23 2:01,52.7
GK-1,5/6/23 2:16,51.8
GK-1,5/6/23 2:31,51.8
GK-1,5/6/23 2:46,51.8
GK-1,5/6/23 3:01,50.9
GK-1,5/6/23 3:16,50.9
GK-1,5/6/23 3:31,50.9
GK-1,5/6/23 3:46,50
GK-1,5/6/23 4:01,50
GK-1,5/6/23 4:16,50
GK-1,5/6/23 4:31,50
GK-1,5/6/23 4:46,49.1
GK-1,5/6/23 5:01,49.1
GK-1,5/6/23 5:16,49.1
GK-1,5/6/23 5:31,49.1
GK-1,5/6/23 5:46,48.2
GK-1,5/6/23 6:01,48.2
GK-1,5/6/23 6:16,48.2
GK-1,5/6/23 6:31,49.1
GK-1,5/6/23 6:46,50
GK-1,5/6/23 7:01,51.8
GK-1,5/6/23 7:16,55.4
GK-1,5/6/23 7:31,58.1
GK-1,5/6/23 7:46,60.8
GK-1,5/6/23 8:01,63.5
GK-1,5/6/23 8:16,66.2
GK-1,5/6/23 8:31,68.9
GK-1,5/6/23 8:46,70.7
GK-1,5/6/23 9:01,72.5
GK-1,5/6/23 9:16,74.3
GK-1,5/6/23 9:31,76.1
GK-1,5/6/23 9:46,77.9
GK-1,5/6/23 10:01,79.7
GK-1,5/6/23 10:16,81.5
GK-1,5/6/23 10:31,82.4
GK-1,5/6/23 10:46,83.3
GK-1,5/6/23 11:01,83.3
GK-1,5/6/23 11:16,84.2
GK-1,5/6/23 11:31,85.1
GK-1,5/6/23 11:46,86
GK-1,5/6/23 12:01,86.9
GK-1,5/6/23 12:16,86.9
GK-1,5/6/23 12:31,87.8
GK-1,5/6/23 12:46,88.7
GK-1,5/6/23 13:01,86.9
GK-1,5/6/23 13:16,87.8
GK-1,5/6/23 13:31,87.8
GK-1,5/6/23 13:46,86.9
GK-1,5/6/23 14:01,86.9
GK-1,5/6/23 14:16,86.9
GK-1,5/6/23 14:31,86.9
GK-1,5/6/23 14:46,86.9
GK-1,5/6/23 15:01,87.8
GK-1,5/6/23 15:16,88.7
GK-1,5/6/23 15:31,89.6
GK-1,5/6/23 15:46,88.7
GK-1,5/6/23 16:01,88.7
GK-1,5/6/23 16:16,88.7
GK-1,5/6/23 16:31,89.6
GK-1,5/6/23 16:46,89.6
GK-1,5/6/23 17:01,88.7
GK-1,5/6/23 17:16,88.7
GK-1,5/6/23 17:31,88.7
GK-1,5/6/23 17:46,88.7
GK-1,5/6/23 18:01,87.8
GK-1,5/6/23 18:16,86.9
GK-1,5/6/23 18:31,86
GK-1,5/6/23 18:46,83.3
GK-1,5/6/23 19:01,80.6
GK-1,5/6/23 19:16,77.9
GK-1,5/6/23 19:31,77
GK-1,5/6/23 19:46,76.1
GK-1,5/6/23 20:01,74.3
GK-1,5/6/23 20:16,73.4
GK-1,5/6/23 20:31,71.6
GK-1,5/6/23 20:46,69.8
GK-1,5/6/23 21:01,68
GK-1,5/6/23 21:16,67.1
GK-1,5/6/23 21:31,65.3
GK-1,5/6/23 21:46,64.4
GK-1,5/6/23 22:01,63.5
GK-1,5/6/23 22:16,61.7
GK-1,5/6/23 22:31,60.8
GK-1,5/6/23 22:46,59
GK-1,5/6/23 23:01,59
GK-1,5/6/23 23:16,59
GK-1,5/6/23 23:31,59
GK-1,5/6/23 23:46,58.1
GK-1,5/7/23 0:01,58.1
GK-1,5/7/23 0:16,57.2
GK-1,5/7/23 0:31,57.2
GK-1,5/7/23 0:46,56.3
GK-1,5/7/23 1:01,56.3
GK-1,5/7/23 1:16,55.4
GK-1,5/7/23 1:31,54.5
GK-1,5/7/23 1:46,54.5
GK-1,5/7/23 2:01,53.6
GK-1,5/7/23 2:16,53.6
GK-1,5/7/23 2:31,53.6
GK-1,5/7/23 2:46,52.7
GK-1,5/7/23 3:01,52.7
GK-1,5/7/23 3:16,52.7
GK-1,5/7/23 3:31,52.7
GK-1,5/7/23 3:46,52.7
GK-1,5/7/23 4:01,52.7
GK-1,5/7/23 4:16,52.7
GK-1,5/7/23 4:31,52.7
GK-1,5/7/23 4:46,52.7
GK-1,5/7/23 5:01,52.7
GK-1,5/7/23 5:16,51.8
GK-1,5/7/23 5:31,50.9
GK-1,5/7/23 5:46,50.9
GK-1,5/7/23 6:01,50
GK-1,5/7/23 6:16,50.9
GK-1,5/7/23 6:31,51.8
GK-1,5/7/23 6:46,52.7
GK-1,5/7/23 7:01,54.5
GK-1,5/7/23 7:16,57.2
GK-1,5/7/23 7:31,59.9
GK-1,5/7/23 7:46,63.5
GK-1,5/7/23 8:01,65.3
GK-1,5/7/23 8:16,68
GK-1,5/7/23 8:31,70.7
GK-1,5/7/23 8:46,72.5
GK-1,5/7/23 9:01,74.3
GK-1,5/7/23 9:16,77
GK-1,5/7/23 9:31,78.8
GK-1,5/7/23 9:46,80.6
GK-1,5/7/23 10:01,81.5
GK-1,5/7/23 10:16,83.3
GK-1,5/7/23 10:31,84.2
GK-1,5/7/23 10:46,86
GK-1,5/7/23 11:01,86.9
GK-1,5/7/23 11:16,87.8
GK-1,5/7/23 11:31,86.9
GK-1,5/7/23 11:46,87.8
GK-1,5/7/23 12:01,87.8
GK-1,5/7/23 12:16,87.8
GK-1,5/7/23 12:31,87.8
GK-1,5/7/23 12:46,88.7
GK-1,5/7/23 13:01,88.7
GK-1,5/7/23 13:16,87.8
GK-1,5/7/23 13:31,88.7
GK-1,5/7/23 13:46,88.7
GK-1,5/7/23 14:01,88.7
GK-1,5/7/23 14:16,89.6
GK-1,5/7/23 14:31,88.7
GK-1,5/7/23 14:46,89.6
GK-1,5/7/23 15:01,90.5
GK-1,5/7/23 15:16,90.5
GK-1,5/7/23 15:31,91.4
GK-1,5/7/23 15:46,90.5
GK-1,5/7/23 16:01,90.5
GK-1,5/7/23 16:16,91.4
GK-1,5/7/23 16:31,91.4
GK-1,5/7/23 16:46,91.4
GK-1,5/7/23 17:01,91.4
GK-1,5/7/23 17:16,90.5
GK-1,5/7/23 17:31,90.5
GK-1,5/7/23 17:46,89.6
GK-1,5/7/23 18:01,88.7
GK-1,5/7/23 18:16,87.8
GK-1,5/7/23 18:31,86.9
GK-1,5/7/23 18:46,84.2
GK-1,5/7/23 19:01,82.4
GK-1,5/7/23 19:16,80.6
GK-1,5/7/23 19:31,78.8
GK-1,5/7/23 19:46,77
GK-1,5/7/23 20:01,75.2
GK-1,5/7/23 20:16,74.3
GK-1,5/7/23 20:31,72.5
GK-1,5/7/23 20:46,70.7
GK-1,5/7/23 21:01,69.8
GK-1,5/7/23 21:16,68
GK-1,5/7/23 21:31,66.2
GK-1,5/7/23 21:46,65.3
GK-1,5/7/23 22:01,64.4
GK-1,5/7/23 22:16,63.5
GK-1,5/7/23 22:31,62.6
GK-1,5/7/23 22:46,62.6
GK-1,5/7/23 23:01,61.7
GK-1,5/7/23 23:16,61.7
GK-1,5/7/23 23:31,60.8
GK-1,5/7/23 23:46,59.9
GK-1,5/8/23 0:01,59
GK-1,5/8/23 0:16,58.1
GK-1,5/8/23 0:31,58.1
GK-1,5/8/23 0:46,57.2
GK-1,5/8/23 1:01,57.2
GK-1,5/8/23 1:16,56.3
GK-1,5/8/23 1:31,56.3
GK-1,5/8/23 1:46,56.3
GK-1,5/8/23 2:01,55.4
GK-1,5/8/23 2:16,55.4
GK-1,5/8/23 2:31,55.4
GK-1,5/8/23 2:46,55.4
GK-1,5/8/23 3:01,54.5
GK-1,5/8/23 3:16,54.5
GK-1,5/8/23 3:31,54.5
GK-1,5/8/23 3:46,53.6
GK-1,5/8/23 4:01,53.6
GK-1,5/8/23 4:16,52.7
GK-1,5/8/23 4:31,52.7
GK-1,5/8/23 4:46,51.8
GK-1,5/8/23 5:01,51.8
GK-1,5/8/23 5:16,51.8
GK-1,5/8/23 5:31,51.8
GK-1,5/8/23 5:46,50.9
GK-1,5/8/23 6:01,50.9
GK-1,5/8/23 6:16,51.8
GK-1,5/8/23 6:31,52.7
GK-1,5/8/23 6:46,53.6
GK-1,5/8/23 7:01,55.4
GK-1,5/8/23 7:16,59
GK-1,5/8/23 7:31,61.7
GK-1,5/8/23 7:46,64.4
GK-1,5/8/23 8:01,67.1
GK-1,5/8/23 8:16,69.8
GK-1,5/8/23 8:31,72.5
GK-1,5/8/23 8:46,74.3
GK-1,5/8/23 9:01,77
GK-1,5/8/23 9:16,78.8
GK-1,5/8/23 9:31,80.6
GK-1,5/8/23 9:46,81.5
GK-1,5/8/23 10:01,82.4
GK-1,5/8/23 10:16,84.2
GK-1,5/8/23 10:31,86
GK-1,5/8/23 10:46,87.8
GK-1,5/8/23 11:01,89.6
GK-1,5/8/23 11:16,90.5
GK-1,5/8/23 11:31,90.5
GK-1,5/8/23 11:46,89.6
GK-1,5/8/23 12:01,90.5
GK-1,5/8/23 12:16,91.4
GK-1,5/8/23 12:31,93.2
GK-1,5/8/23 12:46,92.3
GK-1,5/8/23 13:01,93.2
GK-1,5/8/23 13:16,93.2
GK-1,5/8/23 13:31,93.2
GK-1,5/8/23 13:46,92.3
GK-1,5/8/23 14:01,92.3
GK-1,5/8/23 14:16,93.2
GK-1,5/8/23 14:31,92.3
GK-1,5/8/23 14:46,94.1
GK-1,5/8/23 15:01,94.1
GK-1,5/8/23 15:16,95
GK-1,5/8/23 15:31,94.1
GK-1,5/8/23 15:46,94.1
GK-1,5/8/23 16:01,95
GK-1,5/8/23 16:16,94.1
GK-1,5/8/23 16:31,95
GK-1,5/8/23 16:46,95
GK-1,5/8/23 17:01,95
GK-1,5/8/23 17:16,94.1
GK-1,5/8/23 17:31,94.1
GK-1,5/8/23 17:46,93.2
GK-1,5/8/23 18:01,92.3
GK-1,5/8/23 18:16,91.4
GK-1,5/8/23 18:31,90.5
GK-1,5/8/23 18:46,87.8
GK-1,5/8/23 19:01,85.1
GK-1,5/8/23 19:16,83.3
GK-1,5/8/23 19:31,81.5
GK-1,5/8/23 19:46,79.7
GK-1,5/8/23 20:01,77
GK-1,5/8/23 20:16,75.2
GK-1,5/8/23 20:31,73.4
GK-1,5/8/23 20:46,72.5
GK-1,5/8/23 21:01,70.7
GK-1,5/8/23 21:16,68.9
GK-1,5/8/23 21:31,68
GK-1,5/8/23 21:46,67.1
GK-1,5/8/23 22:01,67.1
GK-1,5/8/23 22:16,66.2
GK-1,5/8/23 22:31,65.3
GK-1,5/8/23 22:46,64.4
GK-1,5/8/23 23:01,63.5
GK-1,5/8/23 23:16,63.5
GK-1,5/8/23 23:31,64.4
GK-1,5/8/23 23:46,63.5
GK-1,5/9/23 0:01,62.6
GK-1,5/9/23 0:16,60.8
GK-1,5/9/23 0:31,59.9
GK-1,5/9/23 0:46,59
GK-1,5/9/23 1:01,59
GK-1,5/9/23 1:16,58.1
GK-1,5/9/23 1:31,58.1
GK-1,5/9/23 1:46,58.1
GK-1,5/9/23 2:01,58.1
GK-1,5/9/23 2:16,58.1
GK-1,5/9/23 2:31,58.1
GK-1,5/9/23 2:46,57.2
GK-1,5/9/23 3:01,56.3
GK-1,5/9/23 3:16,56.3
GK-1,5/9/23 3:31,55.4
GK-1,5/9/23 3:46,54.5
GK-1,5/9/23 4:01,54.5
GK-1,5/9/23 4:16,55.4
GK-1,5/9/23 4:31,55.4
GK-1,5/9/23 4:46,55.4
GK-1,5/9/23 5:01,55.4
GK-1,5/9/23 5:16,55.4
GK-1,5/9/23 5:31,54.5
GK-1,5/9/23 5:46,54.5
GK-1,5/9/23 6:01,54.5
GK-1,5/9/23 6:16,54.5
GK-1,5/9/23 6:31,54.5
GK-1,5/9/23 6:46,55.4
GK-1,5/9/23 7:01,57.2
GK-1,5/9/23 7:16,60.8
GK-1,5/9/23 7:31,63.5
GK-1,5/9/23 7:46,66.2
GK-1,5/9/23 8:01,68.9
GK-1,5/9/23 8:16,71.6
GK-1,5/9/23 8:31,73.4
GK-1,5/9/23 8:46,76.1
GK-1,5/9/23 9:01,77.9
GK-1,5/9/23 9:16,80.6
GK-1,5/9/23 9:31,82.4
GK-1,5/9/23 9:46,84.2
GK-1,5/9/23 10:01,86
GK-1,5/9/23 10:16,86.9
GK-1,5/9/23 10:31,87.8
GK-1,5/9/23 10:46,89.6
GK-1,5/9/23 11:01,91.4
GK-1,5/9/23 11:16,92.3
GK-1,5/9/23 11:31,93.2
GK-1,5/9/23 11:46,94.1
GK-1,5/9/23 12:01,94.1
GK-1,5/9/23 12:16,95
GK-1,5/9/23 12:31,94.1
GK-1,5/9/23 12:46,95
GK-1,5/9/23 13:01,93.2
GK-1,5/9/23 13:16,94.1
GK-1,5/9/23 13:31,95
GK-1,5/9/23 13:46,95.9
GK-1,5/9/23 14:01,95.9
GK-1,5/9/23 14:16,96.8
GK-1,5/9/23 14:31,95.9
GK-1,5/9/23 14:46,95
GK-1,5/9/23 15:01,95
GK-1,5/9/23 15:16,95
GK-1,5/9/23 15:31,95
GK-1,5/9/23 15:46,95.9
GK-1,5/9/23 16:01,95
GK-1,5/9/23 16:16,95.9
GK-1,5/9/23 16:31,97.7
GK-1,5/9/23 16:46,97.7
GK-1,5/9/23 17:01,95.9
GK-1,5/9/23 17:16,96.8
GK-1,5/9/23 17:31,96.8
GK-1,5/9/23 17:46,97.7
GK-1,5/9/23 18:01,97.7
GK-1,5/9/23 18:16,96.8
GK-1,5/9/23 18:31,94.1
GK-1,5/9/23 18:46,89.6
GK-1,5/9/23 19:01,86.9
GK-1,5/9/23 19:16,84.2
GK-1,5/9/23 19:31,83.3
GK-1,5/9/23 19:46,82.4
GK-1,5/9/23 20:01,81.5
GK-1,5/9/23 20:16,80.6
GK-1,5/9/23 20:31,79.7
GK-1,5/9/23 20:46,78.8
GK-1,5/9/23 21:01,77.9
GK-1,5/9/23 21:16,76.1
GK-1,5/9/23 21:31,75.2
GK-1,5/9/23 21:46,73.4
GK-1,5/9/23 22:01,72.5
GK-1,5/9/23 22:16,70.7
GK-1,5/9/23 22:31,68.9
GK-1,5/9/23 22:46,68
GK-1,5/9/23 23:01,66.2
GK-1,5/9/23 23:16,66.2
GK-1,5/9/23 23:31,65.3
GK-1,5/9/23 23:46,67.1
GK-1,5/10/23 0:01,68
GK-1,5/10/23 0:16,67.1
GK-1,5/10/23 0:31,67.1
GK-1,5/10/23 0:46,66.2
GK-1,5/10/23 1:01,66.2
GK-1,5/10/23 1:16,66.2
GK-1,5/10/23 1:31,66.2
GK-1,5/10/23 1:46,66.2
GK-1,5/10/23 2:01,65.3
GK-1,5/10/23 2:16,63.5
GK-1,5/10/23 2:31,62.6
GK-1,5/10/23 2:46,60.8
GK-1,5/10/23 3:01,59.9
GK-1,5/10/23 3:16,58.1
GK-1,5/10/23 3:31,57.2
GK-1,5/10/23 3:46,55.4
GK-1,5/10/23 4:01,54.5
GK-1,5/10/23 4:16,53.6
GK-1,5/10/23 4:31,52.7
GK-1,5/10/23 4:46,52.7
GK-1,5/10/23 5:01,51.8
GK-1,5/10/23 5:16,50.9
GK-1,5/10/23 5:31,50.9
GK-1,5/10/23 5:46,50
GK-1,5/10/23 6:01,50
GK-1,5/10/23 6:16,50.9
GK-1,5/10/23 6:31,51.8
GK-1,5/10/23 6:46,53.6
GK-1,5/10/23 7:01,54.5
GK-1,5/10/23 7:16,57.2
GK-1,5/10/23 7:31,60.8
GK-1,5/10/23 7:46,65.3
GK-1,5/10/23 8:01,68.9
GK-1,5/10/23 8:16,70.7
GK-1,5/10/23 8:31,72.5
GK-1,5/10/23 8:46,74.3
GK-1,5/10/23 9:01,75.2
GK-1,5/10/23 9:16,76.1
GK-1,5/10/23 9:31,77
GK-1,5/10/23 9:46,77
GK-1,5/10/23 10:01,76.1
GK-1,5/10/23 10:16,76.1
GK-1,5/10/23 10:31,77
GK-1,5/10/23 10:46,77
GK-1,5/10/23 11:01,77.9
GK-1,5/10/23 11:16,77
GK-1,5/10/23 11:31,77.9
GK-1,5/10/23 11:46,77
GK-1,5/10/23 12:01,77
GK-1,5/10/23 12:16,78.8
GK-1,5/10/23 12:31,77
GK-1,5/10/23 12:46,77.9
GK-1,5/10/23 13:01,77.9
GK-1,5/10/23 13:16,78.8
GK-1,5/10/23 13:31,79.7
GK-1,5/10/23 13:46,79.7
GK-1,5/10/23 14:01,79.7
GK-1,5/10/23 14:16,79.7
GK-1,5/10/23 14:31,80.6
GK-1,5/10/23 14:46,79.7
GK-1,5/10/23 15:01,80.6
GK-1,5/10/23 15:16,80.6
GK-1,5/10/23 15:31,81.5
GK-1,5/10/23 15:46,81.5
GK-1,5/10/23 16:01,81.5
GK-1,5/10/23 16:16,81.5
GK-1,5/10/23 16:31,82.4
GK-1,5/10/23 16:46,81.5
GK-1,5/10/23 17:01,80.6
GK-1,5/10/23 17:16,80.6
GK-1,5/10/23 17:31,79.7
GK-1,5/10/23 17:46,79.7
GK-1,5/10/23 18:01,78.8
GK-1,5/10/23 18:16,77
GK-1,5/10/23 18:31,76.1
GK-1,5/10/23 18:46,73.4
GK-1,5/10/23 19:01,72.5
GK-1,5/10/23 19:16,70.7
GK-1,5/10/23 19:31,69.8
GK-1,5/10/23 19:46,68
GK-1,5/10/23 20:01,67.1
GK-1,5/10/23 20:16,66.2
GK-1,5/10/23 20:31,65.3
GK-1,5/10/23 20:46,64.4
GK-1,5/10/23 21:01,63.5
GK-1,5/10/23 21:16,62.6
GK-1,5/10/23 21:31,61.7
GK-1,5/10/23 21:46,61.7
GK-1,5/10/23 22:01,61.7
GK-1,5/10/23 22:16,61.7
GK-1,5/10/23 22:31,61.7
GK-1,5/10/23 22:46,60.8
GK-1,5/10/23 23:01,60.8
GK-1,5/10/23 23:16,59.9
GK-1,5/10/23 23:31,59.9
GK-1,5/10/23 23:46,58.1
GK-1,5/11/23 0:01,57.2
GK-1,5/11/23 0:16,56.3
GK-1,5/11/23 0:31,54.5
GK-1,5/11/23 0:46,53.6
GK-1,5/11/23 1:01,52.7
GK-1,5/11/23 1:16,52.7
GK-1,5/11/23 1:31,51.8
GK-1,5/11/23 1:46,50.9
GK-1,5/11/23 2:01,50.9
GK-1,5/11/23 2:16,50.9
GK-1,5/11/23 2:31,50.9
GK-1,5/11/23 2:46,50.9
GK-1,5/11/23 3:01,50.9
GK-1,5/11/23 3:16,50.9
GK-1,5/11/23 3:31,50.9
GK-1,5/11/23 3:46,50
GK-1,5/11/23 4:01,50
GK-1,5/11/23 4:16,49.1
GK-1,5/11/23 4:31,48.2
GK-1,5/11/23 4:46,48.2
GK-1,5/11/23 5:01,48.2
GK-1,5/11/23 5:16,48.2
GK-1,5/11/23 5:31,48.2
GK-1,5/11/23 5:46,48.2
GK-1,5/11/23 6:01,48.2
GK-1,5/11/23 6:16,48.2
GK-1,5/11/23 6:31,49.1
GK-1,5/11/23 6:46,50
GK-1,5/11/23 7:01,51.8
GK-1,5/11/23 7:16,54.5
GK-1,5/11/23 7:31,57.2
GK-1,5/11/23 7:46,59.9
GK-1,5/11/23 8:01,62.6
GK-1,5/11/23 8:16,64.4
GK-1,5/11/23 8:31,67.1
GK-1,5/11/23 8:46,69.8
GK-1,5/11/23 9:01,72.5
GK-1,5/11/23 9:16,74.3
GK-1,5/11/23 9:31,76.1
GK-1,5/11/23 9:46,77
GK-1,5/11/23 10:01,78.8
GK-1,5/11/23 10:16,79.7
GK-1,5/11/23 10:31,79.7
GK-1,5/11/23 10:46,80.6
GK-1,5/11/23 11:01,81.5
GK-1,5/11/23 11:16,82.4
GK-1,5/11/23 11:31,83.3
GK-1,5/11/23 11:46,83.3
GK-1,5/11/23 12:01,84.2
GK-1,5/11/23 12:16,84.2
GK-1,5/11/23 12:31,84.2
GK-1,5/11/23 12:46,85.1
GK-1,5/11/23 13:01,86
GK-1,5/11/23 13:16,86
GK-1,5/11/23 13:31,86
GK-1,5/11/23 13:46,86
GK-1,5/11/23 14:01,86.9
GK-1,5/11/23 14:16,86.9
GK-1,5/11/23 14:31,86.9
GK-1,5/11/23 14:46,86.9
GK-1,5/11/23 15:01,86.9
GK-1,5/11/23 15:16,87.8
GK-1,5/11/23 15:31,89.6
GK-1,5/11/23 15:46,88.7
GK-1,5/11/23 16:01,89.6
GK-1,5/11/23 16:16,90.5
GK-1,5/11/23 16:31,91.4
GK-1,5/11/23 16:46,90.5
GK-1,5/11/23 17:01,91.4
GK-1,5/11/23 17:16,91.4
GK-1,5/11/23 17:31,90.5
GK-1,5/11/23 17:46,89.6
GK-1,5/11/23 18:01,87.8
GK-1,5/11/23 18:16,86
GK-1,5/11/23 18:31,84.2
GK-1,5/11/23 18:46,81.5
GK-1,5/11/23 19:01,79.7
GK-1,5/11/23 19:16,77.9
GK-1,5/11/23 19:31,76.1
GK-1,5/11/23 19:46,74.3
GK-1,5/11/23 20:01,73.4
GK-1,5/11/23 20:16,71.6
GK-1,5/11/23 20:31,71.6
GK-1,5/11/23 20:46,71.6
GK-1,5/11/23 21:01,70.7
GK-1,5/11/23 21:16,69.8
GK-1,5/11/23 21:31,68
GK-1,5/11/23 21:46,67.1
GK-1,5/11/23 22:01,67.1
GK-1,5/11/23 22:16,67.1
GK-1,5/11/23 22:31,66.2
GK-1,5/11/23 22:46,65.3
GK-1,5/11/23 23:01,64.4
GK-1,5/11/23 23:16,63.5
GK-1,5/11/23 23:31,62.6
GK-1,5/11/23 23:46,62.6
GK-2,5/6/23 0:01,58.1
GK-2,5/6/23 0:16,57.2
GK-2,5/6/23 0:31,56.3
GK-2,5/6/23 0:46,55.4
GK-2,5/6/23 1:01,54.5
GK-2,5/6/23 1:16,54.5
GK-2,5/6/23 1:31,53.6
GK-2,5/6/23 1:46,52.7
GK-2,5/6/23 2:01,52.7
GK-2,5/6/23 2:16,51.8
GK-2,5/6/23 2:31,51.8
GK-2,5/6/23 2:46,50.9
GK-2,5/6/23 3:01,50.9
GK-2,5/6/23 3:16,50.9
GK-2,5/6/23 3:31,50
GK-2,5/6/23 3:46,50
GK-2,5/6/23 4:01,50
GK-2,5/6/23 4:16,50
GK-2,5/6/23 4:31,50
GK-2,5/6/23 4:46,49.1
GK-2,5/6/23 5:01,49.1
GK-2,5/6/23 5:16,48.2
GK-2,5/6/23 5:31,48.2
GK-2,5/6/23 5:46,48.2
GK-2,5/6/23 6:01,47.3
GK-2,5/6/23 6:16,48.2
GK-2,5/6/23 6:31,49.1
GK-2,5/6/23 6:46,50
GK-2,5/6/23 7:01,51.8
GK-2,5/6/23 7:16,54.5
GK-2,5/6/23 7:31,58.1
GK-2,5/6/23 7:46,59.9
GK-2,5/6/23 8:01,62.6
GK-2,5/6/23 8:16,65.3
GK-2,5/6/23 8:31,67.1
GK-2,5/6/23 8:46,69.8
GK-2,5/6/23 9:01,71.6
GK-2,5/6/23 9:16,73.4
GK-2,5/6/23 9:31,75.2
GK-2,5/6/23 9:46,77
GK-2,5/6/23 10:01,78.8
GK-2,5/6/23 10:16,79.7
GK-2,5/6/23 10:31,80.6
GK-2,5/6/23 10:46,81.5
GK-2,5/6/23 11:01,82.4
GK-2,5/6/23 11:16,83.3
GK-2,5/6/23 11:31,84.2
GK-2,5/6/23 11:46,85.1
GK-2,5/6/23 12:01,86
GK-2,5/6/23 12:16,86.9
GK-2,5/6/23 12:31,86.9
GK-2,5/6/23 12:46,87.8
GK-2,5/6/23 13:01,86.9
GK-2,5/6/23 13:16,87.8
GK-2,5/6/23 13:31,86.9
GK-2,5/6/23 13:46,86
GK-2,5/6/23 14:01,86.9
GK-2,5/6/23 14:16,86
GK-2,5/6/23 14:31,86.9
GK-2,5/6/23 14:46,86.9
GK-2,5/6/23 15:01,87.8
GK-2,5/6/23 15:16,88.7
GK-2,5/6/23 15:31,89.6
GK-2,5/6/23 15:46,88.7
GK-2,5/6/23 16:01,88.7
GK-2,5/6/23 16:16,87.8
GK-2,5/6/23 16:31,89.6
GK-2,5/6/23 16:46,88.7
GK-2,5/6/23 17:01,87.8
GK-2,5/6/23 17:16,88.7
GK-2,5/6/23 17:31,88.7
GK-2,5/6/23 17:46,87.8
GK-2,5/6/23 18:01,86.9
GK-2,5/6/23 18:16,86
GK-2,5/6/23 18:31,86
GK-2,5/6/23 18:46,82.4
GK-2,5/6/23 19:01,79.7
GK-2,5/6/23 19:16,77.9
GK-2,5/6/23 19:31,77
GK-2,5/6/23 19:46,75.2
GK-2,5/6/23 20:01,74.3
GK-2,5/6/23 20:16,73.4
GK-2,5/6/23 20:31,71.6
GK-2,5/6/23 20:46,69.8
GK-2,5/6/23 21:01,68
GK-2,5/6/23 21:16,66.2
GK-2,5/6/23 21:31,65.3
GK-2,5/6/23 21:46,64.4
GK-2,5/6/23 22:01,62.6
GK-2,5/6/23 22:16,61.7
GK-2,5/6/23 22:31,60.8
GK-2,5/6/23 22:46,59
GK-2,5/6/23 23:01,59
GK-2,5/6/23 23:16,58.1
GK-2,5/6/23 23:31,58.1
GK-2,5/6/23 23:46,58.1
GK-2,5/7/23 0:01,57.2
GK-2,5/7/23 0:16,57.2
GK-2,5/7/23 0:31,56.3
GK-2,5/7/23 0:46,56.3
GK-2,5/7/23 1:01,55.4
GK-2,5/7/23 1:16,55.4
GK-2,5/7/23 1:31,54.5
GK-2,5/7/23 1:46,53.6
GK-2,5/7/23 2:01,53.6
GK-2,5/7/23 2:16,53.6
GK-2,5/7/23 2:31,52.7
GK-2,5/7/23 2:46,52.7
GK-2,5/7/23 3:01,52.7
GK-2,5/7/23 3:16,52.7
GK-2,5/7/23 3:31,52.7
GK-2,5/7/23 3:46,52.7
GK-2,5/7/23 4:01,52.7
GK-2,5/7/23 4:16,52.7
GK-2,5/7/23 4:31,52.7
GK-2,5/7/23 4:46,51.8
GK-2,5/7/23 5:01,51.8
GK-2,5/7/23 5:16,51.8
GK-2,5/7/23 5:31,50.9
GK-2,5/7/23 5:46,50
GK-2,5/7/23 6:01,50
GK-2,5/7/23 6:16,50
GK-2,5/7/23 6:31,50.9
GK-2,5/7/23 6:46,52.7
GK-2,5/7/23 7:01,53.6
GK-2,5/7/23 7:16,56.3
GK-2,5/7/23 7:31,59.9
GK-2,5/7/23 7:46,62.6
GK-2,5/7/23 8:01,64.4
GK-2,5/7/23 8:16,67.1
GK-2,5/7/23 8:31,68.9
GK-2,5/7/23 8:46,71.6
GK-2,5/7/23 9:01,73.4
GK-2,5/7/23 9:16,75.2
GK-2,5/7/23 9:31,77
GK-2,5/7/23 9:46,78.8
GK-2,5/7/23 10:01,80.6
GK-2,5/7/23 10:16,81.5
GK-2,5/7/23 10:31,83.3
GK-2,5/7/23 10:46,85.1
GK-2,5/7/23 11:01,86
GK-2,5/7/23 11:16,86.9
GK-2,5/7/23 11:31,86
GK-2,5/7/23 11:46,86.9
GK-2,5/7/23 12:01,86.9
GK-2,5/7/23 12:16,86.9
GK-2,5/7/23 12:31,87.8
GK-2,5/7/23 12:46,88.7
GK-2,5/7/23 13:01,88.7
GK-2,5/7/23 13:16,87.8
GK-2,5/7/23 13:31,87.8
GK-2,5/7/23 13:46,88.7
GK-2,5/7/23 14:01,87.8
GK-2,5/7/23 14:16,88.7
GK-2,5/7/23 14:31,88.7
GK-2,5/7/23 14:46,89.6
GK-2,5/7/23 15:01,90.5
GK-2,5/7/23 15:16,90.5
GK-2,5/7/23 15:31,91.4
GK-2,5/7/23 15:46,89.6
GK-2,5/7/23 16:01,90.5
GK-2,5/7/23 16:16,91.4
GK-2,5/7/23 16:31,91.4
GK-2,5/7/23 16:46,91.4
GK-2,5/7/23 17:01,91.4
GK-2,5/7/23 17:16,90.5
GK-2,5/7/23 17:31,90.5
GK-2,5/7/23 17:46,89.6
GK-2,5/7/23 18:01,88.7
GK-2,5/7/23 18:16,87.8
GK-2,5/7/23 18:31,86.9
GK-2,5/7/23 18:46,84.2
GK-2,5/7/23 19:01,82.4
GK-2,5/7/23 19:16,80.6
GK-2,5/7/23 19:31,78.8
GK-2,5/7/23 19:46,77
GK-2,5/7/23 20:01,75.2
GK-2,5/7/23 20:16,74.3
GK-2,5/7/23 20:31,72.5
GK-2,5/7/23 20:46,70.7
GK-2,5/7/23 21:01,68.9
GK-2,5/7/23 21:16,68
GK-2,5/7/23 21:31,66.2
GK-2,5/7/23 21:46,65.3
GK-2,5/7/23 22:01,64.4
GK-2,5/7/23 22:16,63.5
GK-2,5/7/23 22:31,62.6
GK-2,5/7/23 22:46,61.7
GK-2,5/7/23 23:01,61.7
GK-2,5/7/23 23:16,60.8
GK-2,5/7/23 23:31,59.9
GK-2,5/7/23 23:46,59.9
GK-2,5/8/23 0:01,59
GK-2,5/8/23 0:16,58.1
GK-2,5/8/23 0:31,58.1
GK-2,5/8/23 0:46,57.2
GK-2,5/8/23 1:01,57.2
GK-2,5/8/23 1:16,56.3
GK-2,5/8/23 1:31,56.3
GK-2,5/8/23 1:46,55.4
GK-2,5/8/23 2:01,55.4
GK-2,5/8/23 2:16,55.4
GK-2,5/8/23 2:31,55.4
GK-2,5/8/23 2:46,54.5
GK-2,5/8/23 3:01,54.5
GK-2,5/8/23 3:16,54.5
GK-2,5/8/23 3:31,53.6
GK-2,5/8/23 3:46,53.6
GK-2,5/8/23 4:01,52.7
GK-2,5/8/23 4:16,52.7
GK-2,5/8/23 4:31,51.8
GK-2,5/8/23 4:46,51.8
GK-2,5/8/23 5:01,51.8
GK-2,5/8/23 5:16,51.8
GK-2,5/8/23 5:31,50.9
GK-2,5/8/23 5:46,50.9
GK-2,5/8/23 6:01,50.9
GK-2,5/8/23 6:16,51.8
GK-2,5/8/23 6:31,51.8
GK-2,5/8/23 6:46,53.6
GK-2,5/8/23 7:01,55.4
GK-2,5/8/23 7:16,58.1
GK-2,5/8/23 7:31,60.8
GK-2,5/8/23 7:46,63.5
GK-2,5/8/23 8:01,66.2
GK-2,5/8/23 8:16,68.9
GK-2,5/8/23 8:31,70.7
GK-2,5/8/23 8:46,73.4
GK-2,5/8/23 9:01,75.2
GK-2,5/8/23 9:16,77.9
GK-2,5/8/23 9:31,79.7
GK-2,5/8/23 9:46,80.6
GK-2,5/8/23 10:01,81.5
GK-2,5/8/23 10:16,83.3
GK-2,5/8/23 10:31,85.1
GK-2,5/8/23 10:46,86.9
GK-2,5/8/23 11:01,88.7
GK-2,5/8/23 11:16,89.6
GK-2,5/8/23 11:31,88.7
GK-2,5/8/23 11:46,89.6
GK-2,5/8/23 12:01,89.6
GK-2,5/8/23 12:16,90.5
GK-2,5/8/23 12:31,92.3
GK-2,5/8/23 12:46,91.4
GK-2,5/8/23 13:01,92.3
GK-2,5/8/23 13:16,92.3
GK-2,5/8/23 13:31,92.3
GK-2,5/8/23 13:46,92.3
GK-2,5/8/23 14:01,92.3
GK-2,5/8/23 14:16,92.3
GK-2,5/8/23 14:31,92.3
GK-2,5/8/23 14:46,93.2
GK-2,5/8/23 15:01,94.1
GK-2,5/8/23 15:16,94.1
GK-2,5/8/23 15:31,94.1
GK-2,5/8/23 15:46,94.1
GK-2,5/8/23 16:01,95
GK-2,5/8/23 16:16,94.1
GK-2,5/8/23 16:31,94.1
GK-2,5/8/23 16:46,95
GK-2,5/8/23 17:01,94.1
GK-2,5/8/23 17:16,94.1
GK-2,5/8/23 17:31,94.1
GK-2,5/8/23 17:46,93.2
GK-2,5/8/23 18:01,92.3
GK-2,5/8/23 18:16,91.4
GK-2,5/8/23 18:31,90.5
GK-2,5/8/23 18:46,87.8
GK-2,5/8/23 19:01,85.1
GK-2,5/8/23 19:16,83.3
GK-2,5/8/23 19:31,81.5
GK-2,5/8/23 19:46,79.7
GK-2,5/8/23 20:01,77
GK-2,5/8/23 20:16,75.2
GK-2,5/8/23 20:31,73.4
GK-2,5/8/23 20:46,71.6
GK-2,5/8/23 21:01,69.8
GK-2,5/8/23 21:16,68.9
GK-2,5/8/23 21:31,68
GK-2,5/8/23 21:46,67.1
GK-2,5/8/23 22:01,66.2
GK-2,5/8/23 22:16,66.2
GK-2,5/8/23 22:31,65.3
GK-2,5/8/23 22:46,64.4
GK-2,5/8/23 23:01,63.5
GK-2,5/8/23 23:16,63.5
GK-2,5/8/23 23:31,63.5
GK-2,5/8/23 23:46,63.5
GK-2,5/9/23 0:01,61.7
GK-2,5/9/23 0:16,60.8
GK-2,5/9/23 0:31,59.9
GK-2,5/9/23 0:46,59
GK-2,5/9/23 1:01,58.1
GK-2,5/9/23 1:16,58.1
GK-2,5/9/23 1:31,58.1
GK-2,5/9/23 1:46,58.1
GK-2,5/9/23 2:01,58.1
GK-2,5/9/23 2:16,58.1
GK-2,5/9/23 2:31,57.2
GK-2,5/9/23 2:46,57.2
GK-2,5/9/23 3:01,56.3
GK-2,5/9/23 3:16,55.4
GK-2,5/9/23 3:31,55.4
GK-2,5/9/23 3:46,54.5
GK-2,5/9/23 4:01,54.5
GK-2,5/9/23 4:16,55.4
GK-2,5/9/23 4:31,54.5
GK-2,5/9/23 4:46,55.4
GK-2,5/9/23 5:01,54.5
GK-2,5/9/23 5:16,54.5
GK-2,5/9/23 5:31,54.5
GK-2,5/9/23 5:46,53.6
GK-2,5/9/23 6:01,53.6
GK-2,5/9/23 6:16,53.6
GK-2,5/9/23 6:31,54.5
GK-2,5/9/23 6:46,55.4
GK-2,5/9/23 7:01,57.2
GK-2,5/9/23 7:16,59.9
GK-2,5/9/23 7:31,62.6
GK-2,5/9/23 7:46,65.3
GK-2,5/9/23 8:01,68
GK-2,5/9/23 8:16,70.7
GK-2,5/9/23 8:31,72.5
GK-2,5/9/23 8:46,75.2
GK-2,5/9/23 9:01,77
GK-2,5/9/23 9:16,78.8
GK-2,5/9/23 9:31,81.5
GK-2,5/9/23 9:46,83.3
GK-2,5/9/23 10:01,84.2
GK-2,5/9/23 10:16,86
GK-2,5/9/23 10:31,86.9
GK-2,5/9/23 10:46,88.7
GK-2,5/9/23 11:01,89.6
GK-2,5/9/23 11:16,91.4
GK-2,5/9/23 11:31,92.3
GK-2,5/9/23 11:46,93.2
GK-2,5/9/23 12:01,93.2
GK-2,5/9/23 12:16,94.1
GK-2,5/9/23 12:31,93.2
GK-2,5/9/23 12:46,94.1
GK-2,5/9/23 13:01,93.2
GK-2,5/9/23 13:16,93.2
GK-2,5/9/23 13:31,95
GK-2,5/9/23 13:46,95.9
GK-2,5/9/23 14:01,95.9
GK-2,5/9/23 14:16,95.9
GK-2,5/9/23 14:31,95.9
GK-2,5/9/23 14:46,95
GK-2,5/9/23 15:01,94.1
GK-2,5/9/23 15:16,95
GK-2,5/9/23 15:31,95
GK-2,5/9/23 15:46,95
GK-2,5/9/23 16:01,95
GK-2,5/9/23 16:16,95.9
GK-2,5/9/23 16:31,96.8
GK-2,5/9/23 16:46,96.8
GK-2,5/9/23 17:01,95.9
GK-2,5/9/23 17:16,95.9
GK-2,5/9/23 17:31,96.8
GK-2,5/9/23 17:46,97.7
GK-2,5/9/23 18:01,97.7
GK-2,5/9/23 18:16,96.8
GK-2,5/9/23 18:31,94.1
GK-2,5/9/23 18:46,89.6
GK-2,5/9/23 19:01,86.9
GK-2,5/9/23 19:16,84.2
GK-2,5/9/23 19:31,83.3
GK-2,5/9/23 19:46,82.4
GK-2,5/9/23 20:01,80.6
GK-2,5/9/23 20:16,79.7
GK-2,5/9/23 20:31,78.8
GK-2,5/9/23 20:46,77.9
GK-2,5/9/23 21:01,77
GK-2,5/9/23 21:16,76.1
GK-2,5/9/23 21:31,75.2
GK-2,5/9/23 21:46,73.4
GK-2,5/9/23 22:01,72.5
GK-2,5/9/23 22:16,70.7
GK-2,5/9/23 22:31,68.9
GK-2,5/9/23 22:46,68
GK-2,5/9/23 23:01,66.2
GK-2,5/9/23 23:16,65.3
GK-2,5/9/23 23:31,65.3
GK-2,5/9/23 23:46,66.2
GK-2,5/10/23 0:01,67.1
GK-2,5/10/23 0:16,67.1
GK-2,5/10/23 0:31,66.2
GK-2,5/10/23 0:46,66.2
GK-2,5/10/23 1:01,66.2
GK-2,5/10/23 1:16,66.2
GK-2,5/10/23 1:31,65.3
GK-2,5/10/23 1:46,65.3
GK-2,5/10/23 2:01,64.4
GK-2,5/10/23 2:16,63.5
GK-2,5/10/23 2:31,61.7
GK-2,5/10/23 2:46,60.8
GK-2,5/10/23 3:01,59
GK-2,5/10/23 3:16,58.1
GK-2,5/10/23 3:31,56.3
GK-2,5/10/23 3:46,55.4
GK-2,5/10/23 4:01,54.5
GK-2,5/10/23 4:16,53.6
GK-2,5/10/23 4:31,52.7
GK-2,5/10/23 4:46,51.8
GK-2,5/10/23 5:01,51.8
GK-2,5/10/23 5:16,50.9
GK-2,5/10/23 5:31,50
GK-2,5/10/23 5:46,50
GK-2,5/10/23 6:01,50
GK-2,5/10/23 6:16,50
GK-2,5/10/23 6:31,51.8
GK-2,5/10/23 6:46,53.6
GK-2,5/10/23 7:01,54.5
GK-2,5/10/23 7:16,56.3
GK-2,5/10/23 7:31,59.9
GK-2,5/10/23 7:46,64.4
GK-2,5/10/23 8:01,67.1
GK-2,5/10/23 8:16,69.8
GK-2,5/10/23 8:31,71.6
GK-2,5/10/23 8:46,73.4
GK-2,5/10/23 9:01,74.3
GK-2,5/10/23 9:16,75.2
GK-2,5/10/23 9:31,76.1
GK-2,5/10/23 9:46,76.1
GK-2,5/10/23 10:01,75.2
GK-2,5/10/23 10:16,75.2
GK-2,5/10/23 10:31,76.1
GK-2,5/10/23 10:46,76.1
GK-2,5/10/23 11:01,77
GK-2,5/10/23 11:16,76.1
GK-2,5/10/23 11:31,77
GK-2,5/10/23 11:46,76.1
GK-2,5/10/23 12:01,77
GK-2,5/10/23 12:16,77.9
GK-2,5/10/23 12:31,77
GK-2,5/10/23 12:46,77
GK-2,5/10/23 13:01,77.9
GK-2,5/10/23 13:16,77.9
GK-2,5/10/23 13:31,79.7
GK-2,5/10/23 13:46,79.7
GK-2,5/10/23 14:01,79.7
GK-2,5/10/23 14:16,79.7
GK-2,5/10/23 14:31,79.7
GK-2,5/10/23 14:46,79.7
GK-2,5/10/23 15:01,79.7
GK-2,5/10/23 15:16,79.7
GK-2,5/10/23 15:31,80.6
GK-2,5/10/23 15:46,80.6
GK-2,5/10/23 16:01,80.6
GK-2,5/10/23 16:16,81.5
GK-2,5/10/23 16:31,81.5
GK-2,5/10/23 16:46,81.5
GK-2,5/10/23 17:01,80.6
GK-2,5/10/23 17:16,80.6
GK-2,5/10/23 17:31,79.7
GK-2,5/10/23 17:46,79.7
GK-2,5/10/23 18:01,78.8
GK-2,5/10/23 18:16,77
GK-2,5/10/23 18:31,76.1
GK-2,5/10/23 18:46,73.4
GK-2,5/10/23 19:01,72.5
GK-2,5/10/23 19:16,70.7
GK-2,5/10/23 19:31,69.8
GK-2,5/10/23 19:46,68
GK-2,5/10/23 20:01,67.1
GK-2,5/10/23 20:16,66.2
GK-2,5/10/23 20:31,65.3
GK-2,5/10/23 20:46,64.4
GK-2,5/10/23 21:01,63.5
GK-2,5/10/23 21:16,62.6
GK-2,5/10/23 21:31,61.7
GK-2,5/10/23 21:46,61.7
GK-2,5/10/23 22:01,61.7
GK-2,5/10/23 22:16,61.7
GK-2,5/10/23 22:31,61.7
GK-2,5/10/23 22:46,60.8
GK-2,5/10/23 23:01,60.8
GK-2,5/10/23 23:16,59.9
GK-2,5/10/23 23:31,59
GK-2,5/10/23 23:46,58.1
GK-2,5/11/23 0:01,57.2
GK-2,5/11/23 0:16,55.4
GK-2,5/11/23 0:31,54.5
GK-2,5/11/23 0:46,53.6
GK-2,5/11/23 1:01,52.7
GK-2,5/11/23 1:16,51.8
GK-2,5/11/23 1:31,51.8
GK-2,5/11/23 1:46,50.9
GK-2,5/11/23 2:01,50.9
GK-2,5/11/23 2:16,50.9
GK-2,5/11/23 2:31,50.9
GK-2,5/11/23 2:46,50.9
GK-2,5/11/23 3:01,50.9
GK-2,5/11/23 3:16,50.9
GK-2,5/11/23 3:31,50
GK-2,5/11/23 3:46,50
GK-2,5/11/23 4:01,49.1
GK-2,5/11/23 4:16,49.1
GK-2,5/11/23 4:31,48.2
GK-2,5/11/23 4:46,48.2
GK-2,5/11/23 5:01,47.3
GK-2,5/11/23 5:16,47.3
GK-2,5/11/23 5:31,47.3
GK-2,5/11/23 5:46,48.2
GK-2,5/11/23 6:01,48.2
GK-2,5/11/23 6:16,47.3
GK-2,5/11/23 6:31,48.2
GK-2,5/11/23 6:46,50
GK-2,5/11/23 7:01,51.8
GK-2,5/11/23 7:16,54.5
GK-2,5/11/23 7:31,56.3
GK-2,5/11/23 7:46,59
GK-2,5/11/23 8:01,60.8
GK-2,5/11/23 8:16,63.5
GK-2,5/11/23 8:31,66.2
GK-2,5/11/23 8:46,68.9
GK-2,5/11/23 9:01,70.7
GK-2,5/11/23 9:16,73.4
GK-2,5/11/23 9:31,74.3
GK-2,5/11/23 9:46,76.1
GK-2,5/11/23 10:01,77.9
GK-2,5/11/23 10:16,78.8
GK-2,5/11/23 10:31,78.8
GK-2,5/11/23 10:46,79.7
GK-2,5/11/23 11:01,80.6
GK-2,5/11/23 11:16,81.5
GK-2,5/11/23 11:31,82.4
GK-2,5/11/23 11:46,83.3
GK-2,5/11/23 12:01,83.3
GK-2,5/11/23 12:16,83.3
GK-2,5/11/23 12:31,84.2
GK-2,5/11/23 12:46,85.1
GK-2,5/11/23 13:01,85.1
GK-2,5/11/23 13:16,86
GK-2,5/11/23 13:31,86
GK-2,5/11/23 13:46,86
GK-2,5/11/23 14:01,86
GK-2,5/11/23 14:16,86
GK-2,5/11/23 14:31,86
GK-2,5/11/23 14:46,86.9
GK-2,5/11/23 15:01,86.9
GK-2,5/11/23 15:16,87.8
GK-2,5/11/23 15:31,88.7
GK-2,5/11/23 15:46,88.7
GK-2,5/11/23 16:01,88.7
GK-2,5/11/23 16:16,89.6
GK-2,5/11/23 16:31,90.5
GK-2,5/11/23 16:46,90.5
GK-2,5/11/23 17:01,91.4
GK-2,5/11/23 17:16,91.4
GK-2,5/11/23 17:31,90.5
GK-2,5/11/23 17:46,89.6
GK-2,5/11/23 18:01,87.8
GK-2,5/11/23 18:16,86
GK-2,5/11/23 18:31,84.2
GK-2,5/11/23 18:46,81.5
GK-2,5/11/23 19:01,79.7
GK-2,5/11/23 19:16,77.9
GK-2,5/11/23 19:31,76.1
GK-2,5/11/23 19:46,74.3
GK-2,5/11/23 20:01,72.5
GK-2,5/11/23 20:16,71.6
GK-2,5/11/23 20:31,71.6
GK-2,5/11/23 20:46,70.7
GK-2,5/11/23 21:01,70.7
GK-2,5/11/23 21:16,69.8
GK-2,5/11/23 21:31,68
GK-2,5/11/23 21:46,67.1
GK-2,5/11/23 22:01,67.1
GK-2,5/11/23 22:16,66.2
GK-2,5/11/23 22:31,66.2
GK-2,5/11/23 22:46,65.3
GK-2,5/11/23 23:01,64.4
GK-2,5/11/23 23:16,63.5
GK-2,5/11/23 23:31,62.6
GK-2,5/11/23 23:46,61.7
TB,4/18/23 15:53,80.6
TB,4/18/23 16:08,81.5
TB,4/18/23 16:23,78.8
TB,4/18/23 16:38,80.6
TB,4/18/23 16:53,84.2
TB,4/18/23 17:08,84.2
TB,4/18/23 17:23,85.1
TB,4/18/23 17:38,85.1
TB,4/18/23 17:53,85.1
TB,4/18/23 18:08,86
TB,4/18/23 18:23,86
TB,4/18/23 18:38,86.9
TB,4/18/23 18:53,86.9
TB,4/18/23 19:08,86
TB,4/18/23 19:23,86
TB,4/18/23 19:38,85.1
TB,4/18/23 19:53,84.2
TB,4/18/23 20:08,83.3
TB,4/18/23 20:23,82.4
TB,4/18/23 20:38,81.5
TB,4/18/23 20:53,80.6
TB,4/18/23 21:08,79.7
TB,4/18/23 21:23,78.8
TB,4/18/23 21:38,77.9
TB,4/18/23 21:53,77
TB,4/18/23 22:08,77
TB,4/18/23 22:23,76.1
TB,4/18/23 22:38,75.2
TB,4/18/23 22:53,75.2
TB,4/18/23 23:08,74.3
TB,4/18/23 23:23,74.3
TB,4/18/23 23:38,73.4
TB,4/18/23 23:53,73.4
TB,4/19/23 0:08,72.5
TB,4/19/23 0:23,72.5
TB,4/19/23 0:38,72.5
TB,4/19/23 0:53,71.6
TB,4/19/23 1:08,71.6
TB,4/19/23 1:23,71.6
TB,4/19/23 1:38,70.7
TB,4/19/23 1:53,70.7
TB,4/19/23 2:08,70.7
TB,4/19/23 2:23,70.7
TB,4/19/23 2:38,69.8
TB,4/19/23 2:53,69.8
TB,4/19/23 3:08,69.8
TB,4/19/23 3:23,69.8
TB,4/19/23 3:38,69.8
TB,4/19/23 3:53,68.9
TB,4/19/23 4:08,68.9
TB,4/19/23 4:23,68.9
TB,4/19/23 4:38,68.9
TB,4/19/23 4:53,68.9
TB,4/19/23 5:08,68.9
TB,4/19/23 5:23,68.9
TB,4/19/23 5:38,68.9
TB,4/19/23 5:53,68
TB,4/19/23 6:08,68
TB,4/19/23 6:23,68
TB,4/19/23 6:38,68
TB,4/19/23 6:53,68
TB,4/19/23 7:08,68
TB,4/19/23 7:23,68
TB,4/19/23 7:38,68
TB,4/19/23 7:53,68
TB,4/19/23 8:08,68
TB,4/19/23 8:23,67.1
TB,4/19/23 8:38,67.1
TB,4/19/23 8:53,67.1
TB,4/19/23 9:08,67.1
TB,4/19/23 9:23,67.1
TB,4/19/23 9:38,68
TB,4/19/23 9:53,68
TB,4/19/23 10:08,68
TB,4/19/23 10:23,68.9
TB,4/19/23 10:38,70.7
TB,4/19/23 10:53,73.4
TB,4/19/23 11:08,75.2
TB,4/19/23 11:23,77
TB,4/19/23 11:38,77.9
TB,4/19/23 11:53,74.3
TB,4/19/23 12:08,73.4
TB,4/19/23 12:23,73.4
TB,4/19/23 12:38,73.4
TB,4/19/23 12:53,73.4
TB,4/19/23 13:08,73.4
TB,4/19/23 13:23,74.3
TB,4/19/23 13:38,74.3
TB,4/19/23 13:53,74.3
TB,4/19/23 14:08,74.3
TB,4/19/23 14:23,74.3
TB,4/19/23 14:38,71.6
TB,4/19/23 14:53,70.7
TB,4/19/23 15:08,73.4
TB,4/19/23 15:23,73.4
TB,4/19/23 15:38,74.3
TB,4/19/23 15:53,74.3
TB,4/19/23 16:08,74.3
TB,4/19/23 16:23,75.2
TB,4/19/23 16:38,75.2
TB,4/19/23 16:53,83.3
TB,4/19/23 17:08,82.4
TB,4/19/23 17:23,74.3
TB,4/19/23 17:38,73.4
TB,4/19/23 17:53,73.4
TB,4/19/23 18:08,73.4
TB,4/19/23 18:23,72.5
TB,4/19/23 18:38,71.6
TB,4/19/23 18:53,70.7
TB,4/19/23 19:08,69.8
TB,4/19/23 19:23,68.9
TB,4/19/23 19:38,68
TB,4/19/23 19:53,67.1
TB,4/19/23 20:08,67.1
TB,4/19/23 20:23,65.3
TB,4/19/23 20:38,65.3
TB,4/19/23 20:53,64.4
TB,4/19/23 21:08,64.4
TB,4/19/23 21:23,63.5
TB,4/19/23 21:38,62.6
TB,4/19/23 21:53,61.7
TB,4/19/23 22:08,61.7
TB,4/19/23 22:23,60.8
TB,4/19/23 22:38,59.9
TB,4/19/23 22:53,59
TB,4/19/23 23:08,58.1
TB,4/19/23 23:23,58.1
TB,4/19/23 23:38,57.2
TB,4/19/23 23:53,55.4
TB,4/20/23 0:08,54.5
TB,4/20/23 0:23,53.6
TB,4/20/23 0:38,51.8
TB,4/20/23 0:53,50.9
TB,4/20/23 1:08,50
TB,4/20/23 1:23,49.1
TB,4/20/23 1:38,47.3
TB,4/20/23 1:53,46.4
TB,4/20/23 2:08,45.5
TB,4/20/23 2:23,45.5
TB,4/20/23 2:38,44.6
TB,4/20/23 2:53,44.6
TB,4/20/23 3:08,43.7
TB,4/20/23 3:23,43.7
TB,4/20/23 3:38,42.8
TB,4/20/23 3:53,42.8
TB,4/20/23 4:08,42.8
TB,4/20/23 4:23,41.9
TB,4/20/23 4:38,41.9
TB,4/20/23 4:53,41.9
TB,4/20/23 5:08,43.7
TB,4/20/23 5:23,44.6
TB,4/20/23 5:38,44.6
TB,4/20/23 5:53,44.6
TB,4/20/23 6:08,44.6
TB,4/20/23 6:23,44.6
TB,4/20/23 6:38,45.5
TB,4/20/23 6:53,47.3
TB,4/20/23 7:08,51.8
TB,4/20/23 7:23,57.2
TB,4/20/23 7:38,61.7
TB,4/20/23 7:53,66.2
TB,4/20/23 8:08,68.9
TB,4/20/23 8:23,72.5
TB,4/20/23 8:38,75.2
TB,4/20/23 8:53,77
TB,4/20/23 9:08,78.8
TB,4/20/23 9:23,80.6
TB,4/20/23 9:38,81.5
TB,4/20/23 9:53,83.3
TB,4/20/23 10:08,84.2
TB,4/20/23 10:23,81.5
TB,4/20/23 10:38,85.1
TB,4/20/23 10:53,84.2
TB,4/20/23 11:08,84.2
TB,4/20/23 11:23,84.2
TB,4/20/23 11:38,84.2
TB,4/20/23 11:53,84.2
TB,4/20/23 12:08,83.3
TB,4/20/23 12:23,84.2
TB,4/20/23 12:38,83.3
TB,4/20/23 12:53,83.3
TB,4/20/23 13:08,83.3
TB,4/20/23 13:23,83.3
TB,4/20/23 13:38,83.3
TB,4/20/23 13:53,82.4
TB,4/20/23 14:08,84.2
TB,4/20/23 14:23,83.3
TB,4/20/23 14:38,84.2
TB,4/20/23 14:53,84.2
TB,4/20/23 15:08,84.2
TB,4/20/23 15:23,85.1
TB,4/20/23 15:38,85.1
TB,4/20/23 15:53,86
TB,4/20/23 16:08,86
TB,4/20/23 16:23,85.1
TB,4/20/23 16:38,85.1
TB,4/20/23 16:53,84.2
TB,4/20/23 17:08,84.2
TB,4/20/23 17:23,83.3
TB,4/20/23 17:38,83.3
TB,4/20/23 17:53,82.4
TB,4/20/23 18:08,81.5
TB,4/20/23 18:23,79.7
TB,4/20/23 18:38,77
TB,4/20/23 18:53,74.3
TB,4/20/23 19:08,72.5
TB,4/20/23 19:23,69.8
TB,4/20/23 19:38,68
TB,4/20/23 19:53,66.2
TB,4/20/23 20:08,64.4
TB,4/20/23 20:23,63.5
TB,4/20/23 20:38,62.6
TB,4/20/23 20:53,61.7
TB,4/20/23 21:08,60.8
TB,4/20/23 21:23,59.9
TB,4/20/23 21:38,58.1
TB,4/20/23 21:53,57.2
TB,4/20/23 22:08,56.3
TB,4/20/23 22:23,55.4
TB,4/20/23 22:38,54.5
TB,4/20/23 22:53,53.6
TB,4/20/23 23:08,52.7
TB,4/20/23 23:23,52.7
TB,4/20/23 23:38,52.7
TB,4/20/23 23:53,52.7
TB,4/21/23 0:08,52.7
TB,4/21/23 0:23,52.7
TB,4/21/23 0:38,51.8
TB,4/21/23 0:53,50.9
TB,4/21/23 1:08,50
TB,4/21/23 1:23,50
TB,4/21/23 1:38,50.9
TB,4/21/23 1:53,51.8
TB,4/21/23 2:08,52.7
TB,4/21/23 2:23,51.8
TB,4/21/23 2:38,51.8
TB,4/21/23 2:53,50.9
TB,4/21/23 3:08,50
TB,4/21/23 3:23,50
TB,4/21/23 3:38,49.1
TB,4/21/23 3:53,49.1
TB,4/21/23 4:08,49.1
TB,4/21/23 4:23,49.1
TB,4/21/23 4:38,49.1
TB,4/21/23 4:53,47.3
TB,4/21/23 5:08,46.4
TB,4/21/23 5:23,46.4
TB,4/21/23 5:38,45.5
TB,4/21/23 5:53,45.5
TB,4/21/23 6:08,45.5
TB,4/21/23 6:23,45.5
TB,4/21/23 6:38,46.4
TB,4/21/23 6:53,50
TB,4/21/23 7:08,55.4
TB,4/21/23 7:23,61.7
TB,4/21/23 7:38,66.2
TB,4/21/23 7:53,68.9
TB,4/21/23 8:08,72.5
TB,4/21/23 8:23,75.2
TB,4/21/23 8:38,77.9
TB,4/21/23 8:53,80.6
TB,4/21/23 9:08,82.4
TB,4/21/23 9:23,85.1
TB,4/21/23 9:38,87.8
TB,4/21/23 9:53,88.7
TB,4/21/23 10:08,90.5
TB,4/21/23 10:23,91.4
TB,4/21/23 10:38,93.2
TB,4/21/23 10:53,93.2
TB,4/21/23 11:08,94.1
TB,4/21/23 11:23,94.1
TB,4/21/23 11:38,93.2
TB,4/21/23 11:53,95.9
TB,4/21/23 12:08,96.8
TB,4/21/23 12:23,94.1
TB,4/21/23 12:38,92.3
TB,4/21/23 12:53,93.2
TB,4/21/23 13:08,92.3
TB,4/21/23 13:23,90.5
TB,4/21/23 13:38,90.5
TB,4/21/23 13:53,90.5
TB,4/21/23 14:08,90.5
TB,4/21/23 14:23,91.4
TB,4/21/23 14:38,91.4
TB,4/21/23 14:53,91.4
TB,4/21/23 15:08,91.4
TB,4/21/23 15:23,92.3
TB,4/21/23 15:38,92.3
TB,4/21/23 15:53,92.3
TB,4/21/23 16:08,92.3
TB,4/21/23 16:23,92.3
TB,4/21/23 16:38,91.4
TB,4/21/23 16:53,91.4
TB,4/21/23 17:08,91.4
TB,4/21/23 17:23,90.5
TB,4/21/23 17:38,89.6
TB,4/21/23 17:53,88.7
TB,4/21/23 18:08,86.9
TB,4/21/23 18:23,85.1
TB,4/21/23 18:38,82.4
TB,4/21/23 18:53,79.7
TB,4/21/23 19:08,77
TB,4/21/23 19:23,75.2
TB,4/21/23 19:38,73.4
TB,4/21/23 19:53,71.6
TB,4/21/23 20:08,70.7
TB,4/21/23 20:23,68.9
TB,4/21/23 20:38,68
TB,4/21/23 20:53,66.2
TB,4/21/23 21:08,65.3
TB,4/21/23 21:23,64.4
TB,4/21/23 21:38,63.5
TB,4/21/23 21:53,62.6
TB,4/21/23 22:08,61.7
TB,4/21/23 22:23,61.7
TB,4/21/23 22:38,60.8
TB,4/21/23 22:53,60.8
TB,4/21/23 23:08,59.9
TB,4/21/23 23:23,59
TB,4/21/23 23:38,58.1
TB,4/21/23 23:53,57.2
TB,4/22/23 0:08,57.2
TB,4/22/23 0:23,56.3
TB,4/22/23 0:38,55.4
TB,4/22/23 0:53,57.2
TB,4/22/23 1:08,56.3
TB,4/22/23 1:23,56.3
TB,4/22/23 1:38,56.3
TB,4/22/23 1:53,56.3
TB,4/22/23 2:08,55.4
TB,4/22/23 2:23,55.4
TB,4/22/23 2:38,54.5
TB,4/22/23 2:53,54.5
TB,4/22/23 3:08,53.6
TB,4/22/23 3:23,53.6
TB,4/22/23 3:38,53.6
TB,4/22/23 3:53,52.7
TB,4/22/23 4:08,52.7
TB,4/22/23 4:23,52.7
TB,4/22/23 4:38,51.8
TB,4/22/23 4:53,51.8
TB,4/22/23 5:08,51.8
TB,4/22/23 5:23,50.9
TB,4/22/23 5:38,50
TB,4/22/23 5:53,50
TB,4/22/23 6:08,50
TB,4/22/23 6:23,50.9
TB,4/22/23 6:38,51.8
TB,4/22/23 6:53,55.4
TB,4/22/23 7:08,60.8
TB,4/22/23 7:23,66.2
TB,4/22/23 7:38,69.8
TB,4/22/23 7:53,73.4
TB,4/22/23 8:08,77
TB,4/22/23 8:23,78.8
TB,4/22/23 8:38,80.6
TB,4/22/23 8:53,83.3
TB,4/22/23 9:08,86
TB,4/22/23 9:23,87.8
TB,4/22/23 9:38,90.5
TB,4/22/23 9:53,91.4
TB,4/22/23 10:08,91.4
TB,4/22/23 10:23,90.5
TB,4/22/23 10:38,90.5
TB,4/22/23 10:53,93.2
TB,4/22/23 11:08,94.1
TB,4/22/23 11:23,92.3
TB,4/22/23 11:38,92.3
TB,4/22/23 11:53,92.3
TB,4/22/23 12:08,94.1
TB,4/22/23 12:23,94.1
TB,4/22/23 12:38,94.1
TB,4/22/23 12:53,93.2
TB,4/22/23 13:08,92.3
TB,4/22/23 13:23,92.3
TB,4/22/23 13:38,92.3
TB,4/22/23 13:53,92.3
TB,4/22/23 14:08,92.3
TB,4/22/23 14:23,92.3
TB,4/22/23 14:38,92.3
TB,4/22/23 14:53,93.2
TB,4/22/23 15:08,93.2
TB,4/22/23 15:23,93.2
TB,4/22/23 15:38,94.1
TB,4/22/23 15:53,93.2
TB,4/22/23 16:08,93.2
TB,4/22/23 16:23,93.2
TB,4/22/23 16:38,93.2
TB,4/22/23 16:53,92.3
TB,4/22/23 17:08,91.4
TB,4/22/23 17:23,91.4
TB,4/22/23 17:38,90.5
TB,4/22/23 17:53,88.7
TB,4/22/23 18:08,87.8
TB,4/22/23 18:23,86.9
TB,4/22/23 18:38,85.1
TB,4/22/23 18:53,82.4
TB,4/22/23 19:08,80.6
TB,4/22/23 19:23,77.9
TB,4/22/23 19:38,75.2
TB,4/22/23 19:53,73.4
TB,4/22/23 20:08,71.6
TB,4/22/23 20:23,69.8
TB,4/22/23 20:38,68
TB,4/22/23 20:53,67.1
TB,4/22/23 21:08,67.1
TB,4/22/23 21:23,66.2
TB,4/22/23 21:38,65.3
TB,4/22/23 21:53,65.3
TB,4/22/23 22:08,64.4
TB,4/22/23 22:23,63.5
TB,4/22/23 22:38,62.6
TB,4/22/23 22:53,62.6
TB,4/22/23 23:08,61.7
TB,4/22/23 23:23,61.7
TB,4/22/23 23:38,61.7
TB,4/22/23 23:53,62.6
TB,4/23/23 0:08,61.7
TB,4/23/23 0:23,60.8
TB,4/23/23 0:38,59.9
TB,4/23/23 0:53,59.9
TB,4/23/23 1:08,59.9
TB,4/23/23 1:23,59.9
TB,4/23/23 1:38,60.8
TB,4/23/23 1:53,60.8
TB,4/23/23 2:08,60.8
TB,4/23/23 2:23,59.9
TB,4/23/23 2:38,59.9
TB,4/23/23 2:53,59
TB,4/23/23 3:08,59
TB,4/23/23 3:23,58.1
TB,4/23/23 3:38,57.2
TB,4/23/23 3:53,56.3
TB,4/23/23 4:08,55.4
TB,4/23/23 4:23,55.4
TB,4/23/23 4:38,55.4
TB,4/23/23 4:53,55.4
TB,4/23/23 5:08,56.3
TB,4/23/23 5:23,56.3
TB,4/23/23 5:38,56.3
TB,4/23/23 5:53,56.3
TB,4/23/23 6:08,54.5
TB,4/23/23 6:23,53.6
TB,4/23/23 6:38,53.6
TB,4/23/23 6:53,57.2
TB,4/23/23 7:08,62.6
TB,4/23/23 7:23,68
TB,4/23/23 7:38,71.6
TB,4/23/23 7:53,73.4
TB,4/23/23 8:08,74.3
TB,4/23/23 8:23,77.9
TB,4/23/23 8:38,81.5
TB,4/23/23 8:53,84.2
TB,4/23/23 9:08,86.9
TB,4/23/23 9:23,88.7
TB,4/23/23 9:38,90.5
TB,4/23/23 9:53,92.3
TB,4/23/23 10:08,93.2
TB,4/23/23 10:23,95
TB,4/23/23 10:38,96.8
TB,4/23/23 10:53,98.6
TB,4/23/23 11:08,98.6
TB,4/23/23 11:23,99.5
TB,4/23/23 11:38,98.6
TB,4/23/23 11:53,100.4
TB,4/23/23 12:08,99.5
TB,4/23/23 12:23,100.4
TB,4/23/23 12:38,98.6
TB,4/23/23 12:53,96.8
TB,4/23/23 13:08,95.9
TB,4/23/23 13:23,94.1
TB,4/23/23 13:38,94.1
TB,4/23/23 13:53,95.9
TB,4/23/23 14:08,95.9
TB,4/23/23 14:23,95.9
TB,4/23/23 14:38,95.9
TB,4/23/23 14:53,96.8
TB,4/23/23 15:08,95.9
TB,4/23/23 15:23,96.8
TB,4/23/23 15:38,96.8
TB,4/23/23 15:53,97.7
TB,4/23/23 16:08,97.7
TB,4/23/23 16:23,97.7
TB,4/23/23 16:38,97.7
TB,4/23/23 16:53,97.7
TB,4/23/23 17:08,96.8
TB,4/23/23 17:23,95.9
TB,4/23/23 17:38,95
TB,4/23/23 17:53,94.1
TB,4/23/23 18:08,92.3
TB,4/23/23 18:23,90.5
TB,4/23/23 18:38,87.8
TB,4/23/23 18:53,85.1
TB,4/23/23 19:08,83.3
TB,4/23/23 19:23,81.5
TB,4/23/23 19:38,79.7
TB,4/23/23 19:53,77
TB,4/23/23 20:08,74.3
TB,4/23/23 20:23,72.5
TB,4/23/23 20:38,72.5
TB,4/23/23 20:53,73.4
TB,4/23/23 21:08,73.4
TB,4/23/23 21:23,72.5
TB,4/23/23 21:38,72.5
TB,4/23/23 21:53,71.6
TB,4/23/23 22:08,69.8
TB,4/23/23 22:23,68
TB,4/23/23 22:38,67.1
TB,4/23/23 22:53,66.2
TB,4/23/23 23:08,65.3
TB,4/23/23 23:23,64.4
TB,4/23/23 23:38,63.5
TB,4/23/23 23:53,61.7
TB,4/24/23 0:08,62.6
TB,4/24/23 0:23,61.7
TB,4/24/23 0:38,61.7
TB,4/24/23 0:53,60.8
TB,4/24/23 1:08,60.8
TB,4/24/23 1:23,60.8
TB,4/24/23 1:38,61.7
TB,4/24/23 1:53,60.8
TB,4/24/23 2:08,59.9
TB,4/24/23 2:23,59.9
TB,4/24/23 2:38,59.9
TB,4/24/23 2:53,60.8
TB,4/24/23 3:08,60.8
TB,4/24/23 3:23,60.8
TB,4/24/23 3:38,59
TB,4/24/23 3:53,58.1
TB,4/24/23 4:08,58.1
TB,4/24/23 4:23,56.3
TB,4/24/23 4:38,56.3
TB,4/24/23 4:53,55.4
TB,4/24/23 5:08,54.5
TB,4/24/23 5:23,52.7
TB,4/24/23 5:38,51.8
TB,4/24/23 5:53,50.9
TB,4/24/23 6:08,51.8
TB,4/24/23 6:23,54.5
TB,4/24/23 6:38,56.3
TB,4/24/23 6:53,59
TB,4/24/23 7:08,65.3
TB,4/24/23 7:23,69.8
TB,4/24/23 7:38,73.4
TB,4/24/23 7:53,76.1
TB,4/24/23 8:08,78.8
TB,4/24/23 8:23,81.5
TB,4/24/23 8:38,83.3
TB,4/24/23 8:53,85.1
TB,4/24/23 9:08,86.9
TB,4/24/23 9:23,88.7
TB,4/24/23 9:38,90.5
TB,4/24/23 9:53,92.3
TB,4/24/23 10:08,93.2
TB,4/24/23 10:23,95
TB,4/24/23 10:38,95.9
TB,4/24/23 10:53,97.7
TB,4/24/23 11:08,98.6
TB,4/24/23 11:23,99.5
TB,4/24/23 11:38,96.8
TB,4/24/23 11:53,98.6
TB,4/24/23 12:08,98.6
TB,4/24/23 12:23,96.8
TB,4/24/23 12:38,96.8
TB,4/24/23 12:53,95
TB,4/24/23 13:08,95
TB,4/24/23 13:23,95
TB,4/24/23 13:38,93.2
TB,4/24/23 13:53,94.1
TB,4/24/23 14:08,94.1
TB,4/24/23 14:23,93.2
TB,4/24/23 14:38,94.1
TB,4/24/23 14:53,94.1
TB,4/24/23 15:08,95
TB,4/24/23 15:23,95.9
TB,4/24/23 15:38,95.9
TB,4/24/23 15:53,96.8
TB,4/24/23 16:08,95.9
TB,4/24/23 16:23,95.9
TB,4/24/23 16:38,95.9
TB,4/24/23 16:53,95.9
TB,4/24/23 17:08,95
TB,4/24/23 17:23,93.2
TB,4/24/23 17:38,93.2
TB,4/24/23 17:53,91.4
TB,4/24/23 18:08,90.5
TB,4/24/23 18:23,88.7
TB,4/24/23 18:38,86.9
TB,4/24/23 18:53,84.2
TB,4/24/23 19:08,82.4
TB,4/24/23 19:23,80.6
TB,4/24/23 19:38,79.7
TB,4/24/23 19:53,78.8
TB,4/24/23 20:08,77
TB,4/24/23 20:23,77
TB,4/24/23 20:38,76.1
TB,4/24/23 20:53,76.1
TB,4/24/23 21:08,74.3
TB,4/24/23 21:23,73.4
TB,4/24/23 21:38,72.5
TB,4/24/23 21:53,70.7
TB,4/24/23 22:08,69.8
TB,4/24/23 22:23,68.9
TB,4/24/23 22:38,68
TB,4/24/23 22:53,67.1
TB,4/24/23 23:08,65.3
TB,4/24/23 23:23,64.4
TB,4/24/23 23:38,63.5
TB,4/24/23 23:53,62.6
TB,4/25/23 0:08,62.6
TB,4/25/23 0:23,61.7
TB,4/25/23 0:38,60.8
TB,4/25/23 0:53,59.9
TB,4/25/23 1:08,59
TB,4/25/23 1:23,58.1
TB,4/25/23 1:38,59
TB,4/25/23 1:53,59
TB,4/25/23 2:08,59.9
TB,4/25/23 2:23,61.7
TB,4/25/23 2:38,63.5
TB,4/25/23 2:53,64.4
TB,4/25/23 3:08,65.3
TB,4/25/23 3:23,65.3
TB,4/25/23 3:38,65.3
TB,4/25/23 3:53,65.3
TB,4/25/23 4:08,64.4
TB,4/25/23 4:23,64.4
TB,4/25/23 4:38,64.4
TB,4/25/23 4:53,64.4
TB,4/25/23 5:08,63.5
TB,4/25/23 5:23,63.5
TB,4/25/23 5:38,62.6
TB,4/25/23 5:53,60.8
TB,4/25/23 6:08,59.9
TB,4/25/23 6:23,59.9
TB,4/25/23 6:38,60.8
TB,4/25/23 6:53,62.6
TB,4/25/23 7:08,67.1
TB,4/25/23 7:23,71.6
TB,4/25/23 7:38,75.2
TB,4/25/23 7:53,77.9
TB,4/25/23 8:08,80.6
TB,4/25/23 8:23,82.4
TB,4/25/23 8:38,83.3
TB,4/25/23 8:53,85.1
TB,4/25/23 9:08,86.9
TB,4/25/23 9:23,87.8
TB,4/25/23 9:38,87.8
TB,4/25/23 9:53,91.4
TB,4/25/23 10:08,94.1
TB,4/25/23 10:23,95
TB,4/25/23 10:38,95
TB,4/25/23 10:53,97.7
TB,4/25/23 11:08,96.8
TB,4/25/23 11:23,96.8
TB,4/25/23 11:38,98.6
TB,4/25/23 11:53,97.7
TB,4/25/23 12:08,99.5
TB,4/25/23 12:23,95
TB,4/25/23 12:38,96.8
TB,4/25/23 12:53,94.1
TB,4/25/23 13:08,93.2
TB,4/25/23 13:23,93.2
TB,4/25/23 13:38,93.2
TB,4/25/23 13:53,92.3
TB,4/25/23 14:08,92.3
TB,4/25/23 14:23,92.3
TB,4/25/23 14:38,92.3
TB,4/25/23 14:53,93.2
TB,4/25/23 15:08,93.2
TB,4/25/23 15:23,93.2
TB,4/25/23 15:38,94.1
TB,4/25/23 15:53,93.2
TB,4/25/23 16:08,93.2
TB,4/25/23 16:23,93.2
TB,4/25/23 16:38,93.2
TB,4/25/23 16:53,93.2
TB,4/25/23 17:08,92.3
TB,4/25/23 17:23,92.3
TB,4/25/23 17:38,90.5
TB,4/25/23 17:53,90.5
TB,4/25/23 18:08,88.7
TB,4/25/23 18:23,86.9
TB,4/25/23 18:38,86
TB,4/25/23 18:53,83.3
TB,4/25/23 19:08,81.5
TB,4/25/23 19:23,79.7
TB,4/25/23 19:38,77.9
TB,4/25/23 19:53,77
TB,4/25/23 20:08,76.1
TB,4/25/23 20:23,76.1
TB,4/25/23 20:38,75.2
TB,4/25/23 20:53,75.2
TB,4/25/23 21:08,75.2
TB,4/25/23 21:23,74.3
TB,4/25/23 21:38,73.4
TB,4/25/23 21:53,72.5
TB,4/25/23 22:08,71.6
TB,4/25/23 22:23,70.7
TB,4/25/23 22:38,69.8
TB,4/25/23 22:53,68
TB,4/25/23 23:08,66.2
TB,4/25/23 23:23,64.4
TB,4/25/23 23:38,63.5
TB,4/25/23 23:53,61.7
TB,4/26/23 0:08,62.6
TB,4/26/23 0:23,63.5
TB,4/26/23 0:38,63.5
TB,4/26/23 0:53,62.6
TB,4/26/23 1:08,61.7
TB,4/26/23 1:23,59.9
TB,4/26/23 1:38,59
TB,4/26/23 1:53,58.1
TB,4/26/23 2:08,57.2
TB,4/26/23 2:23,57.2
TB,4/26/23 2:38,56.3
TB,4/26/23 2:53,55.4
TB,4/26/23 3:08,54.5
TB,4/26/23 3:23,54.5
TB,4/26/23 3:38,53.6
TB,4/26/23 3:53,53.6
TB,4/26/23 4:08,52.7
TB,4/26/23 4:23,52.7
TB,4/26/23 4:38,52.7
TB,4/26/23 4:53,52.7
TB,4/26/23 5:08,52.7
TB,4/26/23 5:23,53.6
TB,4/26/23 5:38,53.6
TB,4/26/23 5:53,52.7
TB,4/26/23 6:08,53.6
TB,4/26/23 6:23,53.6
TB,4/26/23 6:38,54.5
TB,4/26/23 6:53,57.2
TB,4/26/23 7:08,61.7
TB,4/26/23 7:23,67.1
TB,4/26/23 7:38,71.6
TB,4/26/23 7:53,75.2
TB,4/26/23 8:08,77.9
TB,4/26/23 8:23,81.5
TB,4/26/23 8:38,85.1
TB,4/26/23 8:53,85.1
TB,4/26/23 9:08,87.8
TB,4/26/23 9:23,89.6
TB,4/26/23 9:38,87.8
TB,4/26/23 9:53,87.8
TB,4/26/23 10:08,90.5
TB,4/26/23 10:23,89.6
TB,4/26/23 10:38,93.2
TB,4/26/23 10:53,92.3
TB,4/26/23 11:08,93.2
TB,4/26/23 11:23,90.5
TB,4/26/23 11:38,93.2
TB,4/26/23 11:53,91.4
TB,4/26/23 12:08,90.5
TB,4/26/23 12:23,89.6
TB,4/26/23 12:38,88.7
TB,4/26/23 12:53,88.7
TB,4/26/23 13:08,88.7
TB,4/26/23 13:23,88.7
TB,4/26/23 13:38,88.7
TB,4/26/23 13:53,88.7
TB,4/26/23 14:08,88.7
TB,4/26/23 14:23,88.7
TB,4/26/23 14:38,89.6
TB,4/26/23 14:53,89.6
TB,4/26/23 15:08,90.5
TB,4/26/23 15:23,90.5
TB,4/26/23 15:38,90.5
TB,4/26/23 15:53,91.4
TB,4/26/23 16:08,90.5
TB,4/26/23 16:23,91.4
TB,4/26/23 16:38,91.4
TB,4/26/23 16:53,90.5
TB,4/26/23 17:08,89.6
TB,4/26/23 17:23,88.7
TB,4/26/23 17:38,87.8
TB,4/26/23 17:53,86
TB,4/26/23 18:08,85.1
TB,4/26/23 18:23,83.3
TB,4/26/23 18:38,81.5
TB,4/26/23 18:53,78.8
TB,4/26/23 19:08,77
TB,4/26/23 19:23,75.2
TB,4/26/23 19:38,72.5
TB,4/26/23 19:53,70.7
TB,4/26/23 20:08,68
TB,4/26/23 20:23,66.2
TB,4/26/23 20:38,65.3
TB,4/26/23 20:53,64.4
TB,4/26/23 21:08,63.5
TB,4/26/23 21:23,62.6
TB,4/26/23 21:38,61.7
TB,4/26/23 21:53,60.8
TB,4/26/23 22:08,60.8
TB,4/26/23 22:23,59.9
TB,4/26/23 22:38,59.9
TB,4/26/23 22:53,59.9
TB,4/26/23 23:08,59
TB,4/26/23 23:23,58.1
TB,4/26/23 23:38,58.1
TB,4/26/23 23:53,57.2
TB,4/27/23 0:08,57.2
TB,4/27/23 0:23,56.3
TB,4/27/23 0:38,56.3
TB,4/27/23 0:53,56.3
TB,4/27/23 1:08,57.2
TB,4/27/23 1:23,57.2
TB,4/27/23 1:38,57.2
TB,4/27/23 1:53,57.2
TB,4/27/23 2:08,57.2
TB,4/27/23 2:23,57.2
TB,4/27/23 2:38,56.3
TB,4/27/23 2:53,56.3
TB,4/27/23 3:08,54.5
TB,4/27/23 3:23,54.5
TB,4/27/23 3:38,53.6
TB,4/27/23 3:53,53.6
TB,4/27/23 4:08,53.6
TB,4/27/23 4:23,53.6
TB,4/27/23 4:38,52.7
TB,4/27/23 4:53,53.6
TB,4/27/23 5:08,52.7
TB,4/27/23 5:23,50.9
TB,4/27/23 5:38,50.9
TB,4/27/23 5:53,50.9
TB,4/27/23 6:08,50.9
TB,4/27/23 6:23,51.8
TB,4/27/23 6:38,52.7
TB,4/27/23 6:53,55.4
TB,4/27/23 7:08,60.8
TB,4/27/23 7:23,66.2
TB,4/27/23 7:38,69.8
TB,4/27/23 7:53,72.5
TB,4/27/23 8:08,75.2
TB,4/27/23 8:23,77.9
TB,4/27/23 8:38,80.6
TB,4/27/23 8:53,82.4
TB,4/27/23 9:08,85.1
TB,4/27/23 9:23,86.9
TB,4/27/23 9:38,89.6
TB,4/27/23 9:53,91.4
TB,4/27/23 10:08,93.2
TB,4/27/23 10:23,95
TB,4/27/23 10:38,96.8
TB,4/27/23 10:53,97.7
TB,4/27/23 11:08,99.5
TB,4/27/23 11:23,99.5
TB,4/27/23 11:38,98.6
TB,4/27/23 11:53,96.8
TB,4/27/23 12:08,99.5
TB,4/27/23 12:23,96.8
TB,4/27/23 12:38,95.9
TB,4/27/23 12:53,95
TB,4/27/23 13:08,94.1
TB,4/27/23 13:23,94.1
TB,4/27/23 13:38,95
TB,4/27/23 13:53,94.1
TB,4/27/23 14:08,95
TB,4/27/23 14:23,94.1
TB,4/27/23 14:38,95
TB,4/27/23 14:53,95
TB,4/27/23 15:08,95
TB,4/27/23 15:23,95
TB,4/27/23 15:38,95
TB,4/27/23 15:53,95
TB,4/27/23 16:08,95
TB,4/27/23 16:23,95
TB,4/27/23 16:38,95
TB,4/27/23 16:53,95
TB,4/27/23 17:08,94.1
TB,4/27/23 17:23,93.2
TB,4/27/23 17:38,92.3
TB,4/27/23 17:53,91.4
TB,4/27/23 18:08,90.5
TB,4/27/23 18:23,88.7
TB,4/27/23 18:38,86.9
TB,4/27/23 18:53,83.3
TB,4/27/23 19:08,81.5
TB,4/27/23 19:23,79.7
TB,4/27/23 19:38,77
TB,4/27/23 19:53,75.2
TB,4/27/23 20:08,72.5
TB,4/27/23 20:23,70.7
TB,4/27/23 20:38,69.8
TB,4/27/23 20:53,68
TB,4/27/23 21:08,68
TB,4/27/23 21:23,67.1
TB,4/27/23 21:38,66.2
TB,4/27/23 21:53,65.3
TB,4/27/23 22:08,64.4
TB,4/27/23 22:23,64.4
TB,4/27/23 22:38,63.5
TB,4/27/23 22:53,62.6
TB,4/27/23 23:08,61.7
TB,4/27/23 23:23,60.8
TB,4/27/23 23:38,59.9
TB,4/27/23 23:53,59
TB,4/28/23 0:08,58.1
TB,4/28/23 0:23,57.2
TB,4/28/23 0:38,57.2
TB,4/28/23 0:53,57.2
TB,4/28/23 1:08,56.3
TB,4/28/23 1:23,56.3
TB,4/28/23 1:38,56.3
TB,4/28/23 1:53,55.4
TB,4/28/23 2:08,55.4
TB,4/28/23 2:23,55.4
TB,4/28/23 2:38,55.4
TB,4/28/23 2:53,56.3
TB,4/28/23 3:08,56.3
TB,4/28/23 3:23,55.4
TB,4/28/23 3:38,54.5
TB,4/28/23 3:53,55.4
TB,4/28/23 4:08,55.4
TB,4/28/23 4:23,54.5
TB,4/28/23 4:38,54.5
TB,4/28/23 4:53,53.6
TB,4/28/23 5:08,53.6
TB,4/28/23 5:23,53.6
TB,4/28/23 5:38,52.7
TB,4/28/23 5:53,51.8
TB,4/28/23 6:08,51.8
TB,4/28/23 6:23,53.6
TB,4/28/23 6:38,56.3
TB,4/28/23 6:53,59
TB,4/28/23 7:08,62.6
TB,4/28/23 7:23,68
TB,4/28/23 7:38,72.5
TB,4/28/23 7:53,76.1
TB,4/28/23 8:08,79.7
TB,4/28/23 8:23,82.4
TB,4/28/23 8:38,85.1
TB,4/28/23 8:53,87.8
TB,4/28/23 9:08,91.4
TB,4/28/23 9:23,92.3
TB,4/28/23 9:38,95
TB,4/28/23 9:53,95.9
TB,4/28/23 10:08,95
TB,4/28/23 10:23,96.8
TB,4/28/23 10:38,96.8
TB,4/28/23 10:53,98.6
TB,4/28/23 11:08,97.7
TB,4/28/23 11:23,96.8
TB,4/28/23 11:38,96.8
TB,4/28/23 11:53,97.7
TB,4/28/23 12:08,96.8
TB,4/28/23 12:23,99.5
TB,4/28/23 12:38,99.5
TB,4/28/23 12:53,100.4
TB,4/28/23 13:08,99.5
TB,4/28/23 13:23,98.6
TB,4/28/23 13:38,97.7
TB,4/28/23 13:53,97.7
TB,4/28/23 14:08,97.7
TB,4/28/23 14:23,96.8
TB,4/28/23 14:38,97.7
TB,4/28/23 14:53,98.6
TB,4/28/23 15:08,97.7
TB,4/28/23 15:23,97.7
TB,4/28/23 15:38,97.7
TB,4/28/23 15:53,99.5
TB,4/28/23 16:08,99.5
TB,4/28/23 16:23,98.6
TB,4/28/23 16:38,98.6
TB,4/28/23 16:53,96.8
TB,4/28/23 17:08,95.9
TB,4/28/23 17:23,96.8
TB,4/28/23 17:38,95
TB,4/28/23 17:53,94.1
TB,4/28/23 18:08,93.2
TB,4/28/23 18:23,91.4
TB,4/28/23 18:38,89.6
TB,4/28/23 18:53,86.9
TB,4/28/23 19:08,84.2
TB,4/28/23 19:23,82.4
TB,4/28/23 19:38,80.6
TB,4/28/23 19:53,78.8
TB,4/28/23 20:08,77
TB,4/28/23 20:23,75.2
TB,4/28/23 20:38,73.4
TB,4/28/23 20:53,71.6
TB,4/28/23 21:08,69.8
TB,4/28/23 21:23,69.8
TB,4/28/23 21:38,69.8
TB,4/28/23 21:53,68.9
TB,4/28/23 22:08,68
TB,4/28/23 22:23,68
TB,4/28/23 22:38,67.1
TB,4/28/23 22:53,66.2
TB,4/28/23 23:08,66.2
TB,4/28/23 23:23,67.1
TB,4/28/23 23:38,68
TB,4/28/23 23:53,68.9
TB,4/29/23 0:08,68.9
TB,4/29/23 0:23,69.8
TB,4/29/23 0:38,69.8
TB,4/29/23 0:53,69.8
TB,4/29/23 1:08,69.8
TB,4/29/23 1:23,69.8
TB,4/29/23 1:38,68.9
TB,4/29/23 1:53,68
TB,4/29/23 2:08,66.2
TB,4/29/23 2:23,65.3
TB,4/29/23 2:38,64.4
TB,4/29/23 2:53,64.4
TB,4/29/23 3:08,64.4
TB,4/29/23 3:23,64.4
TB,4/29/23 3:38,65.3
TB,4/29/23 3:53,66.2
TB,4/29/23 4:08,66.2
TB,4/29/23 4:23,65.3
TB,4/29/23 4:38,63.5
TB,4/29/23 4:53,62.6
TB,4/29/23 5:08,61.7
TB,4/29/23 5:23,60.8
TB,4/29/23 5:38,59.9
TB,4/29/23 5:53,59
TB,4/29/23 6:08,57.2
TB,4/29/23 6:23,57.2
TB,4/29/23 6:38,59
TB,4/29/23 6:53,62.6
TB,4/29/23 7:08,66.2
TB,4/29/23 7:23,71.6
TB,4/29/23 7:38,76.1
TB,4/29/23 7:53,78.8
TB,4/29/23 8:08,81.5
TB,4/29/23 8:23,85.1
TB,4/29/23 8:38,87.8
TB,4/29/23 8:53,90.5
TB,4/29/23 9:08,93.2
TB,4/29/23 9:23,95
TB,4/29/23 9:38,96.8
TB,4/29/23 9:53,97.7
TB,4/29/23 10:08,99.5
TB,4/29/23 10:23,101.3
TB,4/29/23 10:38,102.2
TB,4/29/23 10:53,104
TB,4/29/23 11:08,103.1
TB,4/29/23 11:23,103.1
TB,4/29/23 11:38,104.9
TB,4/29/23 11:53,104.9
TB,4/29/23 12:08,105.8
TB,4/29/23 12:23,105.8
TB,4/29/23 12:38,104
TB,4/29/23 12:53,103.1
TB,4/29/23 13:08,103.1
TB,4/29/23 13:23,103.1
TB,4/29/23 13:38,102.2
TB,4/29/23 13:53,101.3
TB,4/29/23 14:08,101.3
TB,4/29/23 14:23,101.3
TB,4/29/23 14:38,101.3
TB,4/29/23 14:53,102.2
TB,4/29/23 15:08,103.1
TB,4/29/23 15:23,103.1
TB,4/29/23 15:38,104
TB,4/29/23 15:53,105.8
TB,4/29/23 16:08,105.8
TB,4/29/23 16:23,107.6
TB,4/29/23 16:38,106.7
TB,4/29/23 16:53,106.7
TB,4/29/23 17:08,106.7
TB,4/29/23 17:23,105.8
TB,4/29/23 17:38,104.9
TB,4/29/23 17:53,102.2
TB,4/29/23 18:08,101.3
TB,4/29/23 18:23,98.6
TB,4/29/23 18:38,95
TB,4/29/23 18:53,92.3
TB,4/29/23 19:08,88.7
TB,4/29/23 19:23,86
TB,4/29/23 19:38,84.2
TB,4/29/23 19:53,82.4
TB,4/29/23 20:08,80.6
TB,4/29/23 20:23,77.9
TB,4/29/23 20:38,76.1
TB,4/29/23 20:53,75.2
TB,4/29/23 21:08,73.4
TB,4/29/23 21:23,73.4
TB,4/29/23 21:38,72.5
TB,4/29/23 21:53,71.6
TB,4/29/23 22:08,71.6
TB,4/29/23 22:23,70.7
TB,4/29/23 22:38,69.8
TB,4/29/23 22:53,68.9
TB,4/29/23 23:08,68.9
TB,4/29/23 23:23,68
TB,4/29/23 23:38,67.1
TB,4/29/23 23:53,66.2
TB,4/30/23 0:08,66.2
TB,4/30/23 0:23,64.4
TB,4/30/23 0:38,64.4
TB,4/30/23 0:53,65.3
TB,4/30/23 1:08,65.3
TB,4/30/23 1:23,64.4
TB,4/30/23 1:38,63.5
TB,4/30/23 1:53,63.5
TB,4/30/23 2:08,63.5
TB,4/30/23 2:23,62.6
TB,4/30/23 2:38,61.7
TB,4/30/23 2:53,61.7
TB,4/30/23 3:08,61.7
TB,4/30/23 3:23,61.7
TB,4/30/23 3:38,61.7
TB,4/30/23 3:53,61.7
TB,4/30/23 4:08,60.8
TB,4/30/23 4:23,60.8
TB,4/30/23 4:38,59
TB,4/30/23 4:53,59
TB,4/30/23 5:08,58.1
TB,4/30/23 5:23,57.2
TB,4/30/23 5:38,57.2
TB,4/30/23 5:53,58.1
TB,4/30/23 6:08,59
TB,4/30/23 6:23,59.9
TB,4/30/23 6:38,61.7
TB,4/30/23 6:53,63.5
TB,4/30/23 7:08,66.2
TB,4/30/23 7:23,71.6
TB,4/30/23 7:38,75.2
TB,4/30/23 7:53,77.9
TB,4/30/23 8:08,78.8
TB,4/30/23 8:23,81.5
TB,4/30/23 8:38,84.2
TB,4/30/23 8:53,87.8
TB,4/30/23 9:08,90.5
TB,4/30/23 9:23,93.2
TB,4/30/23 9:38,95
TB,4/30/23 9:53,95.9
TB,4/30/23 10:08,97.7
TB,4/30/23 10:23,100.4
TB,4/30/23 10:38,103.1
TB,4/30/23 10:53,104.9
TB,4/30/23 11:08,107.6
TB,4/30/23 11:23,108.5
TB,4/30/23 11:38,109.4
TB,4/30/23 11:53,110.3
TB,4/30/23 12:08,109.4
TB,4/30/23 12:23,109.4
TB,4/30/23 12:38,106.7
TB,4/30/23 12:53,106.7
TB,4/30/23 13:08,106.7
TB,4/30/23 13:23,105.8
TB,4/30/23 13:38,104.9
TB,4/30/23 13:53,104.9
TB,4/30/23 14:08,104.9
TB,4/30/23 14:23,104.9
TB,4/30/23 14:38,104.9
TB,4/30/23 14:53,104.9
TB,4/30/23 15:08,105.8
TB,4/30/23 15:23,107.6
TB,4/30/23 15:38,106.7
TB,4/30/23 15:53,106.7
TB,4/30/23 16:08,105.8
TB,4/30/23 16:23,104
TB,4/30/23 16:38,103.1
TB,4/30/23 16:53,102.2
TB,4/30/23 17:08,98.6
TB,4/30/23 17:23,96.8
TB,4/30/23 17:38,98.6
TB,4/30/23 17:53,99.5
TB,4/30/23 18:08,97.7
TB,4/30/23 18:23,95.9
TB,4/30/23 18:38,95.9
TB,4/30/23 18:53,93.2
TB,4/30/23 19:08,91.4
TB,4/30/23 19:23,87.8
TB,4/30/23 19:38,86
TB,4/30/23 19:53,85.1
TB,4/30/23 20:08,85.1
TB,4/30/23 20:23,85.1
TB,4/30/23 20:38,85.1
TB,4/30/23 20:53,84.2
TB,4/30/23 21:08,83.3
TB,4/30/23 21:23,81.5
TB,4/30/23 21:38,79.7
TB,4/30/23 21:53,78.8
TB,4/30/23 22:08,77.9
TB,4/30/23 22:23,77
TB,4/30/23 22:38,74.3
TB,4/30/23 22:53,73.4
TB,4/30/23 23:08,71.6
TB,4/30/23 23:23,69.8
TB,4/30/23 23:38,68.9
TB,4/30/23 23:53,68
TB,5/1/23 0:08,67.1
TB,5/1/23 0:23,67.1
TB,5/1/23 0:38,66.2
TB,5/1/23 0:53,65.3
TB,5/1/23 1:08,64.4
TB,5/1/23 1:23,63.5
TB,5/1/23 1:38,63.5
TB,5/1/23 1:53,63.5
TB,5/1/23 2:08,63.5
TB,5/1/23 2:23,63.5
TB,5/1/23 2:38,64.4
TB,5/1/23 2:53,64.4
TB,5/1/23 3:08,63.5
TB,5/1/23 3:23,62.6
TB,5/1/23 3:38,60.8
TB,5/1/23 3:53,59.9
TB,5/1/23 4:08,59
TB,5/1/23 4:23,59
TB,5/1/23 4:38,59
TB,5/1/23 4:53,59
TB,5/1/23 5:08,60.8
TB,5/1/23 5:23,61.7
TB,5/1/23 5:38,61.7
TB,5/1/23 5:53,61.7
TB,5/1/23 6:08,61.7
TB,5/1/23 6:23,61.7
TB,5/1/23 6:38,62.6
TB,5/1/23 6:53,65.3
TB,5/1/23 7:08,70.7
TB,5/1/23 7:23,77
TB,5/1/23 7:38,81.5
TB,5/1/23 7:53,85.1
TB,5/1/23 8:08,86
TB,5/1/23 8:23,86.9
TB,5/1/23 8:38,89.6
TB,5/1/23 8:53,97.7
TB,5/1/23 9:08,105.8
TB,5/1/23 9:23,100.4
TB,5/1/23 9:38,89.6
TB,5/1/23 9:53,84.2
TB,5/1/23 10:08,80.6
TB,5/1/23 10:23,77.9
TB,5/1/23 10:38,76.1
TB,5/1/23 10:53,74.3
TB,5/1/23 11:08,72.5
TB,5/1/23 11:23,71.6
TB,5/1/23 11:38,71.6
TB,5/1/23 11:53,71.6
TB,5/1/23 12:08,71.6
TB,5/1/23 12:23,72.5
TB,5/1/23 12:38,74.3
TB,5/1/23 12:53,74.3
TB,5/1/23 13:08,75.2
TB,5/1/23 13:23,75.2
TB,5/1/23 13:38,76.1
TB,5/1/23 13:53,77.9
TB,5/1/23 14:08,78.8
TB,5/1/23 14:23,80.6
TB,5/1/23 14:38,80.6
TB,5/1/23 14:53,80.6
TB-1,5/6/23 0:01,57.2
TB-1,5/6/23 0:16,56.3
TB-1,5/6/23 0:31,55.4
TB-1,5/6/23 0:46,54.5
TB-1,5/6/23 1:01,54.5
TB-1,5/6/23 1:16,53.6
TB-1,5/6/23 1:31,52.7
TB-1,5/6/23 1:46,52.7
TB-1,5/6/23 2:01,51.8
TB-1,5/6/23 2:16,50.9
TB-1,5/6/23 2:31,50.9
TB-1,5/6/23 2:46,50.9
TB-1,5/6/23 3:01,50
TB-1,5/6/23 3:16,50
TB-1,5/6/23 3:31,50
TB-1,5/6/23 3:46,50
TB-1,5/6/23 4:01,50
TB-1,5/6/23 4:16,50
TB-1,5/6/23 4:31,50
TB-1,5/6/23 4:46,49.1
TB-1,5/6/23 5:01,49.1
TB-1,5/6/23 5:16,48.2
TB-1,5/6/23 5:31,48.2
TB-1,5/6/23 5:46,48.2
TB-1,5/6/23 6:01,48.2
TB-1,5/6/23 6:16,48.2
TB-1,5/6/23 6:31,50
TB-1,5/6/23 6:46,51.8
TB-1,5/6/23 7:01,56.3
TB-1,5/6/23 7:16,61.7
TB-1,5/6/23 7:31,65.3
TB-1,5/6/23 7:46,68.9
TB-1,5/6/23 8:01,72.5
TB-1,5/6/23 8:16,75.2
TB-1,5/6/23 8:31,77.9
TB-1,5/6/23 8:46,80.6
TB-1,5/6/23 9:01,82.4
TB-1,5/6/23 9:16,83.3
TB-1,5/6/23 9:31,85.1
TB-1,5/6/23 9:46,87.8
TB-1,5/6/23 10:01,88.7
TB-1,5/6/23 10:16,89.6
TB-1,5/6/23 10:31,90.5
TB-1,5/6/23 10:46,90.5
TB-1,5/6/23 11:01,91.4
TB-1,5/6/23 11:16,92.3
TB-1,5/6/23 11:31,92.3
TB-1,5/6/23 11:46,92.3
TB-1,5/6/23 12:01,93.2
TB-1,5/6/23 12:16,93.2
TB-1,5/6/23 12:31,94.1
TB-1,5/6/23 12:46,94.1
TB-1,5/6/23 13:01,93.2
TB-1,5/6/23 13:16,93.2
TB-1,5/6/23 13:31,93.2
TB-1,5/6/23 13:46,91.4
TB-1,5/6/23 14:01,91.4
TB-1,5/6/23 14:16,91.4
TB-1,5/6/23 14:31,92.3
TB-1,5/6/23 14:46,92.3
TB-1,5/6/23 15:01,94.1
TB-1,5/6/23 15:16,94.1
TB-1,5/6/23 15:31,95
TB-1,5/6/23 15:46,93.2
TB-1,5/6/23 16:01,93.2
TB-1,5/6/23 16:16,92.3
TB-1,5/6/23 16:31,92.3
TB-1,5/6/23 16:46,91.4
TB-1,5/6/23 17:01,88.7
TB-1,5/6/23 17:16,88.7
TB-1,5/6/23 17:31,89.6
TB-1,5/6/23 17:46,87.8
TB-1,5/6/23 18:01,87.8
TB-1,5/6/23 18:16,86.9
TB-1,5/6/23 18:31,86
TB-1,5/6/23 18:46,83.3
TB-1,5/6/23 19:01,80.6
TB-1,5/6/23 19:16,77.9
TB-1,5/6/23 19:31,77
TB-1,5/6/23 19:46,75.2
TB-1,5/6/23 20:01,74.3
TB-1,5/6/23 20:16,72.5
TB-1,5/6/23 20:31,69.8
TB-1,5/6/23 20:46,68
TB-1,5/6/23 21:01,66.2
TB-1,5/6/23 21:16,64.4
TB-1,5/6/23 21:31,64.4
TB-1,5/6/23 21:46,62.6
TB-1,5/6/23 22:01,61.7
TB-1,5/6/23 22:16,59.9
TB-1,5/6/23 22:31,59
TB-1,5/6/23 22:46,58.1
TB-1,5/6/23 23:01,58.1
TB-1,5/6/23 23:16,58.1
TB-1,5/6/23 23:31,58.1
TB-1,5/6/23 23:46,58.1
TB-1,5/7/23 0:01,57.2
TB-1,5/7/23 0:16,57.2
TB-1,5/7/23 0:31,56.3
TB-1,5/7/23 0:46,56.3
TB-1,5/7/23 1:01,55.4
TB-1,5/7/23 1:16,54.5
TB-1,5/7/23 1:31,53.6
TB-1,5/7/23 1:46,53.6
TB-1,5/7/23 2:01,52.7
TB-1,5/7/23 2:16,52.7
TB-1,5/7/23 2:31,52.7
TB-1,5/7/23 2:46,52.7
TB-1,5/7/23 3:01,52.7
TB-1,5/7/23 3:16,52.7
TB-1,5/7/23 3:31,52.7
TB-1,5/7/23 3:46,52.7
TB-1,5/7/23 4:01,52.7
TB-1,5/7/23 4:16,52.7
TB-1,5/7/23 4:31,52.7
TB-1,5/7/23 4:46,52.7
TB-1,5/7/23 5:01,51.8
TB-1,5/7/23 5:16,51.8
TB-1,5/7/23 5:31,50.9
TB-1,5/7/23 5:46,50
TB-1,5/7/23 6:01,50
TB-1,5/7/23 6:16,50.9
TB-1,5/7/23 6:31,51.8
TB-1,5/7/23 6:46,54.5
TB-1,5/7/23 7:01,59
TB-1,5/7/23 7:16,63.5
TB-1,5/7/23 7:31,67.1
TB-1,5/7/23 7:46,70.7
TB-1,5/7/23 8:01,73.4
TB-1,5/7/23 8:16,77
TB-1,5/7/23 8:31,79.7
TB-1,5/7/23 8:46,82.4
TB-1,5/7/23 9:01,84.2
TB-1,5/7/23 9:16,86
TB-1,5/7/23 9:31,87.8
TB-1,5/7/23 9:46,89.6
TB-1,5/7/23 10:01,91.4
TB-1,5/7/23 10:16,92.3
TB-1,5/7/23 10:31,93.2
TB-1,5/7/23 10:46,94.1
TB-1,5/7/23 11:01,95
TB-1,5/7/23 11:16,95
TB-1,5/7/23 11:31,93.2
TB-1,5/7/23 11:46,94.1
TB-1,5/7/23 12:01,94.1
TB-1,5/7/23 12:16,93.2
TB-1,5/7/23 12:31,94.1
TB-1,5/7/23 12:46,95
TB-1,5/7/23 13:01,95
TB-1,5/7/23 13:16,93.2
TB-1,5/7/23 13:31,94.1
TB-1,5/7/23 13:46,94.1
TB-1,5/7/23 14:01,94.1
TB-1,5/7/23 14:16,94.1
TB-1,5/7/23 14:31,94.1
TB-1,5/7/23 14:46,94.1
TB-1,5/7/23 15:01,95
TB-1,5/7/23 15:16,95
TB-1,5/7/23 15:31,96.8
TB-1,5/7/23 15:46,95
TB-1,5/7/23 16:01,95.9
TB-1,5/7/23 16:16,95.9
TB-1,5/7/23 16:31,95
TB-1,5/7/23 16:46,94.1
TB-1,5/7/23 17:01,93.2
TB-1,5/7/23 17:16,92.3
TB-1,5/7/23 17:31,91.4
TB-1,5/7/23 17:46,90.5
TB-1,5/7/23 18:01,90.5
TB-1,5/7/23 18:16,89.6
TB-1,5/7/23 18:31,87.8
TB-1,5/7/23 18:46,86
TB-1,5/7/23 19:01,83.3
TB-1,5/7/23 19:16,80.6
TB-1,5/7/23 19:31,77.9
TB-1,5/7/23 19:46,76.1
TB-1,5/7/23 20:01,73.4
TB-1,5/7/23 20:16,72.5
TB-1,5/7/23 20:31,70.7
TB-1,5/7/23 20:46,68.9
TB-1,5/7/23 21:01,68
TB-1,5/7/23 21:16,66.2
TB-1,5/7/23 21:31,64.4
TB-1,5/7/23 21:46,63.5
TB-1,5/7/23 22:01,62.6
TB-1,5/7/23 22:16,61.7
TB-1,5/7/23 22:31,61.7
TB-1,5/7/23 22:46,61.7
TB-1,5/7/23 23:01,60.8
TB-1,5/7/23 23:16,60.8
TB-1,5/7/23 23:31,59.9
TB-1,5/7/23 23:46,59
TB-1,5/8/23 0:01,58.1
TB-1,5/8/23 0:16,58.1
TB-1,5/8/23 0:31,57.2
TB-1,5/8/23 0:46,56.3
TB-1,5/8/23 1:01,56.3
TB-1,5/8/23 1:16,56.3
TB-1,5/8/23 1:31,55.4
TB-1,5/8/23 1:46,55.4
TB-1,5/8/23 2:01,55.4
TB-1,5/8/23 2:16,54.5
TB-1,5/8/23 2:31,54.5
TB-1,5/8/23 2:46,54.5
TB-1,5/8/23 3:01,53.6
TB-1,5/8/23 3:16,53.6
TB-1,5/8/23 3:31,53.6
TB-1,5/8/23 3:46,52.7
TB-1,5/8/23 4:01,52.7
TB-1,5/8/23 4:16,51.8
TB-1,5/8/23 4:31,51.8
TB-1,5/8/23 4:46,51.8
TB-1,5/8/23 5:01,50.9
TB-1,5/8/23 5:16,51.8
TB-1,5/8/23 5:31,50.9
TB-1,5/8/23 5:46,50.9
TB-1,5/8/23 6:01,50.9
TB-1,5/8/23 6:16,51.8
TB-1,5/8/23 6:31,52.7
TB-1,5/8/23 6:46,55.4
TB-1,5/8/23 7:01,59.9
TB-1,5/8/23 7:16,65.3
TB-1,5/8/23 7:31,68.9
TB-1,5/8/23 7:46,72.5
TB-1,5/8/23 8:01,76.1
TB-1,5/8/23 8:16,78.8
TB-1,5/8/23 8:31,81.5
TB-1,5/8/23 8:46,84.2
TB-1,5/8/23 9:01,86.9
TB-1,5/8/23 9:16,88.7
TB-1,5/8/23 9:31,90.5
TB-1,5/8/23 9:46,90.5
TB-1,5/8/23 10:01,90.5
TB-1,5/8/23 10:16,93.2
TB-1,5/8/23 10:31,95
TB-1,5/8/23 10:46,96.8
TB-1,5/8/23 11:01,97.7
TB-1,5/8/23 11:16,98.6
TB-1,5/8/23 11:31,96.8
TB-1,5/8/23 11:46,96.8
TB-1,5/8/23 12:01,96.8
TB-1,5/8/23 12:16,97.7
TB-1,5/8/23 12:31,100.4
TB-1,5/8/23 12:46,98.6
TB-1,5/8/23 13:01,98.6
TB-1,5/8/23 13:16,98.6
TB-1,5/8/23 13:31,98.6
TB-1,5/8/23 13:46,97.7
TB-1,5/8/23 14:01,97.7
TB-1,5/8/23 14:16,97.7
TB-1,5/8/23 14:31,97.7
TB-1,5/8/23 14:46,99.5
TB-1,5/8/23 15:01,99.5
TB-1,5/8/23 15:16,100.4
TB-1,5/8/23 15:31,98.6
TB-1,5/8/23 15:46,98.6
TB-1,5/8/23 16:01,99.5
TB-1,5/8/23 16:16,97.7
TB-1,5/8/23 16:31,97.7
TB-1,5/8/23 16:46,96.8
TB-1,5/8/23 17:01,95
TB-1,5/8/23 17:16,95
TB-1,5/8/23 17:31,95
TB-1,5/8/23 17:46,94.1
TB-1,5/8/23 18:01,93.2
TB-1,5/8/23 18:16,92.3
TB-1,5/8/23 18:31,91.4
TB-1,5/8/23 18:46,87.8
TB-1,5/8/23 19:01,85.1
TB-1,5/8/23 19:16,83.3
TB-1,5/8/23 19:31,81.5
TB-1,5/8/23 19:46,77.9
TB-1,5/8/23 20:01,74.3
TB-1,5/8/23 20:16,72.5
TB-1,5/8/23 20:31,70.7
TB-1,5/8/23 20:46,69.8
TB-1,5/8/23 21:01,68
TB-1,5/8/23 21:16,67.1
TB-1,5/8/23 21:31,66.2
TB-1,5/8/23 21:46,66.2
TB-1,5/8/23 22:01,65.3
TB-1,5/8/23 22:16,64.4
TB-1,5/8/23 22:31,63.5
TB-1,5/8/23 22:46,62.6
TB-1,5/8/23 23:01,62.6
TB-1,5/8/23 23:16,62.6
TB-1,5/8/23 23:31,63.5
TB-1,5/8/23 23:46,62.6
TB-1,5/9/23 0:01,60.8
TB-1,5/9/23 0:16,59.9
TB-1,5/9/23 0:31,59
TB-1,5/9/23 0:46,58.1
TB-1,5/9/23 1:01,58.1
TB-1,5/9/23 1:16,57.2
TB-1,5/9/23 1:31,57.2
TB-1,5/9/23 1:46,58.1
TB-1,5/9/23 2:01,58.1
TB-1,5/9/23 2:16,58.1
TB-1,5/9/23 2:31,57.2
TB-1,5/9/23 2:46,56.3
TB-1,5/9/23 3:01,55.4
TB-1,5/9/23 3:16,55.4
TB-1,5/9/23 3:31,54.5
TB-1,5/9/23 3:46,54.5
TB-1,5/9/23 4:01,54.5
TB-1,5/9/23 4:16,54.5
TB-1,5/9/23 4:31,54.5
TB-1,5/9/23 4:46,55.4
TB-1,5/9/23 5:01,55.4
TB-1,5/9/23 5:16,54.5
TB-1,5/9/23 5:31,54.5
TB-1,5/9/23 5:46,53.6
TB-1,5/9/23 6:01,53.6
TB-1,5/9/23 6:16,54.5
TB-1,5/9/23 6:31,55.4
TB-1,5/9/23 6:46,57.2
TB-1,5/9/23 7:01,61.7
TB-1,5/9/23 7:16,67.1
TB-1,5/9/23 7:31,70.7
TB-1,5/9/23 7:46,74.3
TB-1,5/9/23 8:01,77.9
TB-1,5/9/23 8:16,80.6
TB-1,5/9/23 8:31,82.4
TB-1,5/9/23 8:46,85.1
TB-1,5/9/23 9:01,87.8
TB-1,5/9/23 9:16,90.5
TB-1,5/9/23 9:31,92.3
TB-1,5/9/23 9:46,93.2
TB-1,5/9/23 10:01,95
TB-1,5/9/23 10:16,95.9
TB-1,5/9/23 10:31,96.8
TB-1,5/9/23 10:46,98.6
TB-1,5/9/23 11:01,99.5
TB-1,5/9/23 11:16,100.4
TB-1,5/9/23 11:31,100.4
TB-1,5/9/23 11:46,101.3
TB-1,5/9/23 12:01,101.3
TB-1,5/9/23 12:16,102.2
TB-1,5/9/23 12:31,99.5
TB-1,5/9/23 12:46,100.4
TB-1,5/9/23 13:01,99.5
TB-1,5/9/23 13:16,99.5
TB-1,5/9/23 13:31,101.3
TB-1,5/9/23 13:46,102.2
TB-1,5/9/23 14:01,101.3
TB-1,5/9/23 14:16,102.2
TB-1,5/9/23 14:31,102.2
TB-1,5/9/23 14:46,101.3
TB-1,5/9/23 15:01,99.5
TB-1,5/9/23 15:16,101.3
TB-1,5/9/23 15:31,101.3
TB-1,5/9/23 15:46,100.4
TB-1,5/9/23 16:01,99.5
TB-1,5/9/23 16:16,98.6
TB-1,5/9/23 16:31,99.5
TB-1,5/9/23 16:46,98.6
TB-1,5/9/23 17:01,95.9
TB-1,5/9/23 17:16,95.9
TB-1,5/9/23 17:31,96.8
TB-1,5/9/23 17:46,95.9
TB-1,5/9/23 18:01,95.9
TB-1,5/9/23 18:16,95
TB-1,5/9/23 18:31,93.2
TB-1,5/9/23 18:46,89.6
TB-1,5/9/23 19:01,86.9
TB-1,5/9/23 19:16,84.2
TB-1,5/9/23 19:31,83.3
TB-1,5/9/23 19:46,82.4
TB-1,5/9/23 20:01,80.6
TB-1,5/9/23 20:16,79.7
TB-1,5/9/23 20:31,79.7
TB-1,5/9/23 20:46,78.8
TB-1,5/9/23 21:01,77.9
TB-1,5/9/23 21:16,76.1
TB-1,5/9/23 21:31,74.3
TB-1,5/9/23 21:46,72.5
TB-1,5/9/23 22:01,70.7
TB-1,5/9/23 22:16,68.9
TB-1,5/9/23 22:31,67.1
TB-1,5/9/23 22:46,66.2
TB-1,5/9/23 23:01,65.3
TB-1,5/9/23 23:16,64.4
TB-1,5/9/23 23:31,64.4
TB-1,5/9/23 23:46,66.2
TB-1,5/10/23 0:01,67.1
TB-1,5/10/23 0:16,67.1
TB-1,5/10/23 0:31,66.2
TB-1,5/10/23 0:46,65.3
TB-1,5/10/23 1:01,65.3
TB-1,5/10/23 1:16,65.3
TB-1,5/10/23 1:31,65.3
TB-1,5/10/23 1:46,65.3
TB-1,5/10/23 2:01,64.4
TB-1,5/10/23 2:16,62.6
TB-1,5/10/23 2:31,60.8
TB-1,5/10/23 2:46,59
TB-1,5/10/23 3:01,58.1
TB-1,5/10/23 3:16,56.3
TB-1,5/10/23 3:31,55.4
TB-1,5/10/23 3:46,53.6
TB-1,5/10/23 4:01,52.7
TB-1,5/10/23 4:16,51.8
TB-1,5/10/23 4:31,51.8
TB-1,5/10/23 4:46,50.9
TB-1,5/10/23 5:01,50.9
TB-1,5/10/23 5:16,50
TB-1,5/10/23 5:31,50
TB-1,5/10/23 5:46,49.1
TB-1,5/10/23 6:01,50
TB-1,5/10/23 6:16,50.9
TB-1,5/10/23 6:31,52.7
TB-1,5/10/23 6:46,55.4
TB-1,5/10/23 7:01,56.3
TB-1,5/10/23 7:16,61.7
TB-1,5/10/23 7:31,68
TB-1,5/10/23 7:46,73.4
TB-1,5/10/23 8:01,77
TB-1,5/10/23 8:16,78.8
TB-1,5/10/23 8:31,81.5
TB-1,5/10/23 8:46,82.4
TB-1,5/10/23 9:01,84.2
TB-1,5/10/23 9:16,85.1
TB-1,5/10/23 9:31,85.1
TB-1,5/10/23 9:46,85.1
TB-1,5/10/23 10:01,82.4
TB-1,5/10/23 10:16,81.5
TB-1,5/10/23 10:31,83.3
TB-1,5/10/23 10:46,83.3
TB-1,5/10/23 11:01,84.2
TB-1,5/10/23 11:16,81.5
TB-1,5/10/23 11:31,82.4
TB-1,5/10/23 11:46,81.5
TB-1,5/10/23 12:01,82.4
TB-1,5/10/23 12:16,83.3
TB-1,5/10/23 12:31,81.5
TB-1,5/10/23 12:46,82.4
TB-1,5/10/23 13:01,82.4
TB-1,5/10/23 13:16,82.4
TB-1,5/10/23 13:31,84.2
TB-1,5/10/23 13:46,83.3
TB-1,5/10/23 14:01,84.2
TB-1,5/10/23 14:16,83.3
TB-1,5/10/23 14:31,84.2
TB-1,5/10/23 14:46,83.3
TB-1,5/10/23 15:01,84.2
TB-1,5/10/23 15:16,84.2
TB-1,5/10/23 15:31,85.1
TB-1,5/10/23 15:46,85.1
TB-1,5/10/23 16:01,84.2
TB-1,5/10/23 16:16,84.2
TB-1,5/10/23 16:31,84.2
TB-1,5/10/23 16:46,83.3
TB-1,5/10/23 17:01,81.5
TB-1,5/10/23 17:16,81.5
TB-1,5/10/23 17:31,81.5
TB-1,5/10/23 17:46,80.6
TB-1,5/10/23 18:01,80.6
TB-1,5/10/23 18:16,78.8
TB-1,5/10/23 18:31,77.9
TB-1,5/10/23 18:46,75.2
TB-1,5/10/23 19:01,73.4
TB-1,5/10/23 19:16,71.6
TB-1,5/10/23 19:31,69.8
TB-1,5/10/23 19:46,68
TB-1,5/10/23 20:01,66.2
TB-1,5/10/23 20:16,65.3
TB-1,5/10/23 20:31,64.4
TB-1,5/10/23 20:46,63.5
TB-1,5/10/23 21:01,62.6
TB-1,5/10/23 21:16,61.7
TB-1,5/10/23 21:31,60.8
TB-1,5/10/23 21:46,60.8
TB-1,5/10/23 22:01,61.7
TB-1,5/10/23 22:16,61.7
TB-1,5/10/23 22:31,61.7
TB-1,5/10/23 22:46,60.8
TB-1,5/10/23 23:01,59.9
TB-1,5/10/23 23:16,59.9
TB-1,5/10/23 23:31,59
TB-1,5/10/23 23:46,57.2
TB-1,5/11/23 0:01,55.4
TB-1,5/11/23 0:16,54.5
TB-1,5/11/23 0:31,53.6
TB-1,5/11/23 0:46,52.7
TB-1,5/11/23 1:01,51.8
TB-1,5/11/23 1:16,50.9
TB-1,5/11/23 1:31,50.9
TB-1,5/11/23 1:46,50
TB-1,5/11/23 2:01,50
TB-1,5/11/23 2:16,50
TB-1,5/11/23 2:31,50
TB-1,5/11/23 2:46,50.9
TB-1,5/11/23 3:01,50.9
TB-1,5/11/23 3:16,50.9
TB-1,5/11/23 3:31,50
TB-1,5/11/23 3:46,49.1
TB-1,5/11/23 4:01,49.1
TB-1,5/11/23 4:16,48.2
TB-1,5/11/23 4:31,48.2
TB-1,5/11/23 4:46,47.3
TB-1,5/11/23 5:01,47.3
TB-1,5/11/23 5:16,47.3
TB-1,5/11/23 5:31,47.3
TB-1,5/11/23 5:46,48.2
TB-1,5/11/23 6:01,48.2
TB-1,5/11/23 6:16,48.2
TB-1,5/11/23 6:31,49.1
TB-1,5/11/23 6:46,51.8
TB-1,5/11/23 7:01,56.3
TB-1,5/11/23 7:16,60.8
TB-1,5/11/23 7:31,64.4
TB-1,5/11/23 7:46,68
TB-1,5/11/23 8:01,70.7
TB-1,5/11/23 8:16,74.3
TB-1,5/11/23 8:31,77
TB-1,5/11/23 8:46,79.7
TB-1,5/11/23 9:01,82.4
TB-1,5/11/23 9:16,84.2
TB-1,5/11/23 9:31,86
TB-1,5/11/23 9:46,86.9
TB-1,5/11/23 10:01,88.7
TB-1,5/11/23 10:16,88.7
TB-1,5/11/23 10:31,88.7
TB-1,5/11/23 10:46,89.6
TB-1,5/11/23 11:01,89.6
TB-1,5/11/23 11:16,89.6
TB-1,5/11/23 11:31,90.5
TB-1,5/11/23 11:46,91.4
TB-1,5/11/23 12:01,90.5
TB-1,5/11/23 12:16,90.5
TB-1,5/11/23 12:31,90.5
TB-1,5/11/23 12:46,91.4
TB-1,5/11/23 13:01,92.3
TB-1,5/11/23 13:16,92.3
TB-1,5/11/23 13:31,92.3
TB-1,5/11/23 13:46,91.4
TB-1,5/11/23 14:01,92.3
TB-1,5/11/23 14:16,92.3
TB-1,5/11/23 14:31,91.4
TB-1,5/11/23 14:46,93.2
TB-1,5/11/23 15:01,92.3
TB-1,5/11/23 15:16,94.1
TB-1,5/11/23 15:31,95
TB-1,5/11/23 15:46,94.1
TB-1,5/11/23 16:01,94.1
TB-1,5/11/23 16:16,94.1
TB-1,5/11/23 16:31,94.1
TB-1,5/11/23 16:46,92.3
TB-1,5/11/23 17:01,91.4
TB-1,5/11/23 17:16,91.4
TB-1,5/11/23 17:31,90.5
TB-1,5/11/23 17:46,89.6
TB-1,5/11/23 18:01,88.7
TB-1,5/11/23 18:16,86.9
TB-1,5/11/23 18:31,85.1
TB-1,5/11/23 18:46,83.3
TB-1,5/11/23 19:01,80.6
TB-1,5/11/23 19:16,77.9
TB-1,5/11/23 19:31,76.1
TB-1,5/11/23 19:46,73.4
TB-1,5/11/23 20:01,72.5
TB-1,5/11/23 20:16,71.6
TB-1,5/11/23 20:31,70.7
TB-1,5/11/23 20:46,70.7
TB-1,5/11/23 21:01,69.8
TB-1,5/11/23 21:16,68.9
TB-1,5/11/23 21:31,67.1
TB-1,5/11/23 21:46,65.3
TB-1,5/11/23 22:01,66.2
TB-1,5/11/23 22:16,66.2
TB-1,5/11/23 22:31,65.3
TB-1,5/11/23 22:46,64.4
TB-1,5/11/23 23:01,63.5
TB-1,5/11/23 23:16,62.6
TB-1,5/11/23 23:31,61.7
TB-1,5/11/23 23:46,61.7
TB-2,5/6/23 0:01,56.3
TB-2,5/6/23 0:16,55.4
TB-2,5/6/23 0:31,54.5
TB-2,5/6/23 0:46,53.6
TB-2,5/6/23 1:01,53.6
TB-2,5/6/23 1:16,52.7
TB-2,5/6/23 1:31,51.8
TB-2,5/6/23 1:46,51.8
TB-2,5/6/23 2:01,50.9
TB-2,5/6/23 2:16,50
TB-2,5/6/23 2:31,50
TB-2,5/6/23 2:46,50
TB-2,5/6/23 3:01,50
TB-2,5/6/23 3:16,49.1
TB-2,5/6/23 3:31,49.1
TB-2,5/6/23 3:46,49.1
TB-2,5/6/23 4:01,49.1
TB-2,5/6/23 4:16,49.1
TB-2,5/6/23 4:31,49.1
TB-2,5/6/23 4:46,48.2
TB-2,5/6/23 5:01,48.2
TB-2,5/6/23 5:16,47.3
TB-2,5/6/23 5:31,47.3
TB-2,5/6/23 5:46,47.3
TB-2,5/6/23 6:01,47.3
TB-2,5/6/23 6:16,47.3
TB-2,5/6/23 6:31,49.1
TB-2,5/6/23 6:46,50.9
TB-2,5/6/23 7:01,55.4
TB-2,5/6/23 7:16,59.9
TB-2,5/6/23 7:31,64.4
TB-2,5/6/23 7:46,67.1
TB-2,5/6/23 8:01,70.7
TB-2,5/6/23 8:16,73.4
TB-2,5/6/23 8:31,76.1
TB-2,5/6/23 8:46,78.8
TB-2,5/6/23 9:01,80.6
TB-2,5/6/23 9:16,81.5
TB-2,5/6/23 9:31,83.3
TB-2,5/6/23 9:46,85.1
TB-2,5/6/23 10:01,86.9
TB-2,5/6/23 10:16,87.8
TB-2,5/6/23 10:31,88.7
TB-2,5/6/23 10:46,88.7
TB-2,5/6/23 11:01,89.6
TB-2,5/6/23 11:16,90.5
TB-2,5/6/23 11:31,91.4
TB-2,5/6/23 11:46,91.4
TB-2,5/6/23 12:01,92.3
TB-2,5/6/23 12:16,92.3
TB-2,5/6/23 12:31,93.2
TB-2,5/6/23 12:46,93.2
TB-2,5/6/23 13:01,92.3
TB-2,5/6/23 13:16,93.2
TB-2,5/6/23 13:31,92.3
TB-2,5/6/23 13:46,90.5
TB-2,5/6/23 14:01,91.4
TB-2,5/6/23 14:16,90.5
TB-2,5/6/23 14:31,92.3
TB-2,5/6/23 14:46,92.3
TB-2,5/6/23 15:01,93.2
TB-2,5/6/23 15:16,94.1
TB-2,5/6/23 15:31,94.1
TB-2,5/6/23 15:46,93.2
TB-2,5/6/23 16:01,92.3
TB-2,5/6/23 16:16,91.4
TB-2,5/6/23 16:31,91.4
TB-2,5/6/23 16:46,90.5
TB-2,5/6/23 17:01,87.8
TB-2,5/6/23 17:16,87.8
TB-2,5/6/23 17:31,88.7
TB-2,5/6/23 17:46,86.9
TB-2,5/6/23 18:01,86.9
TB-2,5/6/23 18:16,86
TB-2,5/6/23 18:31,85.1
TB-2,5/6/23 18:46,82.4
TB-2,5/6/23 19:01,78.8
TB-2,5/6/23 19:16,77
TB-2,5/6/23 19:31,76.1
TB-2,5/6/23 19:46,74.3
TB-2,5/6/23 20:01,73.4
TB-2,5/6/23 20:16,71.6
TB-2,5/6/23 20:31,69.8
TB-2,5/6/23 20:46,67.1
TB-2,5/6/23 21:01,65.3
TB-2,5/6/23 21:16,63.5
TB-2,5/6/23 21:31,63.5
TB-2,5/6/23 21:46,61.7
TB-2,5/6/23 22:01,60.8
TB-2,5/6/23 22:16,59
TB-2,5/6/23 22:31,58.1
TB-2,5/6/23 22:46,57.2
TB-2,5/6/23 23:01,57.2
TB-2,5/6/23 23:16,57.2
TB-2,5/6/23 23:31,57.2
TB-2,5/6/23 23:46,57.2
TB-2,5/7/23 0:01,56.3
TB-2,5/7/23 0:16,56.3
TB-2,5/7/23 0:31,55.4
TB-2,5/7/23 0:46,54.5
TB-2,5/7/23 1:01,54.5
TB-2,5/7/23 1:16,53.6
TB-2,5/7/23 1:31,52.7
TB-2,5/7/23 1:46,52.7
TB-2,5/7/23 2:01,51.8
TB-2,5/7/23 2:16,51.8
TB-2,5/7/23 2:31,51.8
TB-2,5/7/23 2:46,51.8
TB-2,5/7/23 3:01,51.8
TB-2,5/7/23 3:16,51.8
TB-2,5/7/23 3:31,51.8
TB-2,5/7/23 3:46,51.8
TB-2,5/7/23 4:01,51.8
TB-2,5/7/23 4:16,51.8
TB-2,5/7/23 4:31,51.8
TB-2,5/7/23 4:46,51.8
TB-2,5/7/23 5:01,50.9
TB-2,5/7/23 5:16,50.9
TB-2,5/7/23 5:31,50
TB-2,5/7/23 5:46,49.1
TB-2,5/7/23 6:01,49.1
TB-2,5/7/23 6:16,50
TB-2,5/7/23 6:31,50.9
TB-2,5/7/23 6:46,53.6
TB-2,5/7/23 7:01,58.1
TB-2,5/7/23 7:16,62.6
TB-2,5/7/23 7:31,66.2
TB-2,5/7/23 7:46,68.9
TB-2,5/7/23 8:01,72.5
TB-2,5/7/23 8:16,75.2
TB-2,5/7/23 8:31,77.9
TB-2,5/7/23 8:46,80.6
TB-2,5/7/23 9:01,82.4
TB-2,5/7/23 9:16,84.2
TB-2,5/7/23 9:31,86
TB-2,5/7/23 9:46,87.8
TB-2,5/7/23 10:01,88.7
TB-2,5/7/23 10:16,90.5
TB-2,5/7/23 10:31,91.4
TB-2,5/7/23 10:46,92.3
TB-2,5/7/23 11:01,93.2
TB-2,5/7/23 11:16,93.2
TB-2,5/7/23 11:31,91.4
TB-2,5/7/23 11:46,93.2
TB-2,5/7/23 12:01,93.2
TB-2,5/7/23 12:16,92.3
TB-2,5/7/23 12:31,92.3
TB-2,5/7/23 12:46,94.1
TB-2,5/7/23 13:01,94.1
TB-2,5/7/23 13:16,92.3
TB-2,5/7/23 13:31,93.2
TB-2,5/7/23 13:46,94.1
TB-2,5/7/23 14:01,93.2
TB-2,5/7/23 14:16,94.1
TB-2,5/7/23 14:31,93.2
TB-2,5/7/23 14:46,93.2
TB-2,5/7/23 15:01,95
TB-2,5/7/23 15:16,95
TB-2,5/7/23 15:31,95.9
TB-2,5/7/23 15:46,95
TB-2,5/7/23 16:01,95
TB-2,5/7/23 16:16,95.9
TB-2,5/7/23 16:31,94.1
TB-2,5/7/23 16:46,94.1
TB-2,5/7/23 17:01,92.3
TB-2,5/7/23 17:16,91.4
TB-2,5/7/23 17:31,90.5
TB-2,5/7/23 17:46,89.6
TB-2,5/7/23 18:01,89.6
TB-2,5/7/23 18:16,88.7
TB-2,5/7/23 18:31,86.9
TB-2,5/7/23 18:46,85.1
TB-2,5/7/23 19:01,82.4
TB-2,5/7/23 19:16,79.7
TB-2,5/7/23 19:31,77
TB-2,5/7/23 19:46,75.2
TB-2,5/7/23 20:01,72.5
TB-2,5/7/23 20:16,71.6
TB-2,5/7/23 20:31,69.8
TB-2,5/7/23 20:46,68
TB-2,5/7/23 21:01,67.1
TB-2,5/7/23 21:16,65.3
TB-2,5/7/23 21:31,63.5
TB-2,5/7/23 21:46,62.6
TB-2,5/7/23 22:01,61.7
TB-2,5/7/23 22:16,61.7
TB-2,5/7/23 22:31,60.8
TB-2,5/7/23 22:46,60.8
TB-2,5/7/23 23:01,59.9
TB-2,5/7/23 23:16,59.9
TB-2,5/7/23 23:31,59
TB-2,5/7/23 23:46,58.1
TB-2,5/8/23 0:01,57.2
TB-2,5/8/23 0:16,57.2
TB-2,5/8/23 0:31,56.3
TB-2,5/8/23 0:46,55.4
TB-2,5/8/23 1:01,55.4
TB-2,5/8/23 1:16,55.4
TB-2,5/8/23 1:31,54.5
TB-2,5/8/23 1:46,54.5
TB-2,5/8/23 2:01,54.5
TB-2,5/8/23 2:16,53.6
TB-2,5/8/23 2:31,53.6
TB-2,5/8/23 2:46,53.6
TB-2,5/8/23 3:01,52.7
TB-2,5/8/23 3:16,52.7
TB-2,5/8/23 3:31,52.7
TB-2,5/8/23 3:46,51.8
TB-2,5/8/23 4:01,51.8
TB-2,5/8/23 4:16,50.9
TB-2,5/8/23 4:31,50.9
TB-2,5/8/23 4:46,50.9
TB-2,5/8/23 5:01,50.9
TB-2,5/8/23 5:16,50.9
TB-2,5/8/23 5:31,50
TB-2,5/8/23 5:46,50
TB-2,5/8/23 6:01,50
TB-2,5/8/23 6:16,50.9
TB-2,5/8/23 6:31,52.7
TB-2,5/8/23 6:46,54.5
TB-2,5/8/23 7:01,59
TB-2,5/8/23 7:16,63.5
TB-2,5/8/23 7:31,67.1
TB-2,5/8/23 7:46,70.7
TB-2,5/8/23 8:01,74.3
TB-2,5/8/23 8:16,77
TB-2,5/8/23 8:31,79.7
TB-2,5/8/23 8:46,82.4
TB-2,5/8/23 9:01,84.2
TB-2,5/8/23 9:16,86.9
TB-2,5/8/23 9:31,87.8
TB-2,5/8/23 9:46,88.7
TB-2,5/8/23 10:01,88.7
TB-2,5/8/23 10:16,91.4
TB-2,5/8/23 10:31,93.2
TB-2,5/8/23 10:46,95
TB-2,5/8/23 11:01,95.9
TB-2,5/8/23 11:16,96.8
TB-2,5/8/23 11:31,95.9
TB-2,5/8/23 11:46,95.9
TB-2,5/8/23 12:01,95.9
TB-2,5/8/23 12:16,96.8
TB-2,5/8/23 12:31,99.5
TB-2,5/8/23 12:46,98.6
TB-2,5/8/23 13:01,98.6
TB-2,5/8/23 13:16,98.6
TB-2,5/8/23 13:31,98.6
TB-2,5/8/23 13:46,96.8
TB-2,5/8/23 14:01,97.7
TB-2,5/8/23 14:16,97.7
TB-2,5/8/23 14:31,97.7
TB-2,5/8/23 14:46,99.5
TB-2,5/8/23 15:01,99.5
TB-2,5/8/23 15:16,100.4
TB-2,5/8/23 15:31,98.6
TB-2,5/8/23 15:46,98.6
TB-2,5/8/23 16:01,98.6
TB-2,5/8/23 16:16,97.7
TB-2,5/8/23 16:31,96.8
TB-2,5/8/23 16:46,95.9
TB-2,5/8/23 17:01,94.1
TB-2,5/8/23 17:16,94.1
TB-2,5/8/23 17:31,94.1
TB-2,5/8/23 17:46,93.2
TB-2,5/8/23 18:01,92.3
TB-2,5/8/23 18:16,91.4
TB-2,5/8/23 18:31,90.5
TB-2,5/8/23 18:46,87.8
TB-2,5/8/23 19:01,85.1
TB-2,5/8/23 19:16,82.4
TB-2,5/8/23 19:31,80.6
TB-2,5/8/23 19:46,77
TB-2,5/8/23 20:01,74.3
TB-2,5/8/23 20:16,71.6
TB-2,5/8/23 20:31,69.8
TB-2,5/8/23 20:46,68.9
TB-2,5/8/23 21:01,67.1
TB-2,5/8/23 21:16,66.2
TB-2,5/8/23 21:31,65.3
TB-2,5/8/23 21:46,65.3
TB-2,5/8/23 22:01,64.4
TB-2,5/8/23 22:16,63.5
TB-2,5/8/23 22:31,62.6
TB-2,5/8/23 22:46,61.7
TB-2,5/8/23 23:01,61.7
TB-2,5/8/23 23:16,61.7
TB-2,5/8/23 23:31,62.6
TB-2,5/8/23 23:46,61.7
TB-2,5/9/23 0:01,59.9
TB-2,5/9/23 0:16,59
TB-2,5/9/23 0:31,58.1
TB-2,5/9/23 0:46,57.2
TB-2,5/9/23 1:01,57.2
TB-2,5/9/23 1:16,56.3
TB-2,5/9/23 1:31,56.3
TB-2,5/9/23 1:46,57.2
TB-2,5/9/23 2:01,57.2
TB-2,5/9/23 2:16,57.2
TB-2,5/9/23 2:31,56.3
TB-2,5/9/23 2:46,55.4
TB-2,5/9/23 3:01,55.4
TB-2,5/9/23 3:16,54.5
TB-2,5/9/23 3:31,53.6
TB-2,5/9/23 3:46,53.6
TB-2,5/9/23 4:01,53.6
TB-2,5/9/23 4:16,54.5
TB-2,5/9/23 4:31,54.5
TB-2,5/9/23 4:46,54.5
TB-2,5/9/23 5:01,54.5
TB-2,5/9/23 5:16,54.5
TB-2,5/9/23 5:31,53.6
TB-2,5/9/23 5:46,52.7
TB-2,5/9/23 6:01,52.7
TB-2,5/9/23 6:16,53.6
TB-2,5/9/23 6:31,54.5
TB-2,5/9/23 6:46,56.3
TB-2,5/9/23 7:01,60.8
TB-2,5/9/23 7:16,65.3
TB-2,5/9/23 7:31,69.8
TB-2,5/9/23 7:46,73.4
TB-2,5/9/23 8:01,76.1
TB-2,5/9/23 8:16,78.8
TB-2,5/9/23 8:31,81.5
TB-2,5/9/23 8:46,83.3
TB-2,5/9/23 9:01,86
TB-2,5/9/23 9:16,88.7
TB-2,5/9/23 9:31,90.5
TB-2,5/9/23 9:46,92.3
TB-2,5/9/23 10:01,93.2
TB-2,5/9/23 10:16,94.1
TB-2,5/9/23 10:31,95
TB-2,5/9/23 10:46,96.8
TB-2,5/9/23 11:01,97.7
TB-2,5/9/23 11:16,98.6
TB-2,5/9/23 11:31,98.6
TB-2,5/9/23 11:46,99.5
TB-2,5/9/23 12:01,100.4
TB-2,5/9/23 12:16,101.3
TB-2,5/9/23 12:31,98.6
TB-2,5/9/23 12:46,100.4
TB-2,5/9/23 13:01,98.6
TB-2,5/9/23 13:16,99.5
TB-2,5/9/23 13:31,100.4
TB-2,5/9/23 13:46,101.3
TB-2,5/9/23 14:01,101.3
TB-2,5/9/23 14:16,101.3
TB-2,5/9/23 14:31,102.2
TB-2,5/9/23 14:46,100.4
TB-2,5/9/23 15:01,98.6
TB-2,5/9/23 15:16,101.3
TB-2,5/9/23 15:31,100.4
TB-2,5/9/23 15:46,99.5
TB-2,5/9/23 16:01,99.5
TB-2,5/9/23 16:16,98.6
TB-2,5/9/23 16:31,98.6
TB-2,5/9/23 16:46,97.7
TB-2,5/9/23 17:01,95
TB-2,5/9/23 17:16,95
TB-2,5/9/23 17:31,95.9
TB-2,5/9/23 17:46,95
TB-2,5/9/23 18:01,95
TB-2,5/9/23 18:16,94.1
TB-2,5/9/23 18:31,92.3
TB-2,5/9/23 18:46,88.7
TB-2,5/9/23 19:01,86
TB-2,5/9/23 19:16,83.3
TB-2,5/9/23 19:31,82.4
TB-2,5/9/23 19:46,81.5
TB-2,5/9/23 20:01,80.6
TB-2,5/9/23 20:16,79.7
TB-2,5/9/23 20:31,78.8
TB-2,5/9/23 20:46,77.9
TB-2,5/9/23 21:01,77
TB-2,5/9/23 21:16,75.2
TB-2,5/9/23 21:31,73.4
TB-2,5/9/23 21:46,71.6
TB-2,5/9/23 22:01,69.8
TB-2,5/9/23 22:16,68
TB-2,5/9/23 22:31,66.2
TB-2,5/9/23 22:46,65.3
TB-2,5/9/23 23:01,64.4
TB-2,5/9/23 23:16,63.5
TB-2,5/9/23 23:31,63.5
TB-2,5/9/23 23:46,65.3
TB-2,5/10/23 0:01,67.1
TB-2,5/10/23 0:16,66.2
TB-2,5/10/23 0:31,65.3
TB-2,5/10/23 0:46,64.4
TB-2,5/10/23 1:01,64.4
TB-2,5/10/23 1:16,64.4
TB-2,5/10/23 1:31,64.4
TB-2,5/10/23 1:46,64.4
TB-2,5/10/23 2:01,63.5
TB-2,5/10/23 2:16,61.7
TB-2,5/10/23 2:31,59.9
TB-2,5/10/23 2:46,58.1
TB-2,5/10/23 3:01,57.2
TB-2,5/10/23 3:16,55.4
TB-2,5/10/23 3:31,54.5
TB-2,5/10/23 3:46,52.7
TB-2,5/10/23 4:01,51.8
TB-2,5/10/23 4:16,50.9
TB-2,5/10/23 4:31,50.9
TB-2,5/10/23 4:46,50.9
TB-2,5/10/23 5:01,50
TB-2,5/10/23 5:16,49.1
TB-2,5/10/23 5:31,49.1
TB-2,5/10/23 5:46,49.1
TB-2,5/10/23 6:01,49.1
TB-2,5/10/23 6:16,50
TB-2,5/10/23 6:31,52.7
TB-2,5/10/23 6:46,54.5
TB-2,5/10/23 7:01,55.4
TB-2,5/10/23 7:16,60.8
TB-2,5/10/23 7:31,66.2
TB-2,5/10/23 7:46,71.6
TB-2,5/10/23 8:01,75.2
TB-2,5/10/23 8:16,77.9
TB-2,5/10/23 8:31,79.7
TB-2,5/10/23 8:46,80.6
TB-2,5/10/23 9:01,81.5
TB-2,5/10/23 9:16,82.4
TB-2,5/10/23 9:31,83.3
TB-2,5/10/23 9:46,82.4
TB-2,5/10/23 10:01,80.6
TB-2,5/10/23 10:16,80.6
TB-2,5/10/23 10:31,81.5
TB-2,5/10/23 10:46,82.4
TB-2,5/10/23 11:01,82.4
TB-2,5/10/23 11:16,80.6
TB-2,5/10/23 11:31,81.5
TB-2,5/10/23 11:46,80.6
TB-2,5/10/23 12:01,81.5
TB-2,5/10/23 12:16,82.4
TB-2,5/10/23 12:31,80.6
TB-2,5/10/23 12:46,81.5
TB-2,5/10/23 13:01,81.5
TB-2,5/10/23 13:16,81.5
TB-2,5/10/23 13:31,83.3
TB-2,5/10/23 13:46,83.3
TB-2,5/10/23 14:01,83.3
TB-2,5/10/23 14:16,83.3
TB-2,5/10/23 14:31,84.2
TB-2,5/10/23 14:46,83.3
TB-2,5/10/23 15:01,84.2
TB-2,5/10/23 15:16,83.3
TB-2,5/10/23 15:31,84.2
TB-2,5/10/23 15:46,84.2
TB-2,5/10/23 16:01,83.3
TB-2,5/10/23 16:16,83.3
TB-2,5/10/23 16:31,83.3
TB-2,5/10/23 16:46,82.4
TB-2,5/10/23 17:01,80.6
TB-2,5/10/23 17:16,80.6
TB-2,5/10/23 17:31,80.6
TB-2,5/10/23 17:46,78.8
TB-2,5/10/23 18:01,79.7
TB-2,5/10/23 18:16,77.9
TB-2,5/10/23 18:31,77
TB-2,5/10/23 18:46,74.3
TB-2,5/10/23 19:01,72.5
TB-2,5/10/23 19:16,70.7
TB-2,5/10/23 19:31,68.9
TB-2,5/10/23 19:46,67.1
TB-2,5/10/23 20:01,66.2
TB-2,5/10/23 20:16,64.4
TB-2,5/10/23 20:31,63.5
TB-2,5/10/23 20:46,62.6
TB-2,5/10/23 21:01,61.7
TB-2,5/10/23 21:16,60.8
TB-2,5/10/23 21:31,59.9
TB-2,5/10/23 21:46,59.9
TB-2,5/10/23 22:01,60.8
TB-2,5/10/23 22:16,60.8
TB-2,5/10/23 22:31,60.8
TB-2,5/10/23 22:46,59.9
TB-2,5/10/23 23:01,59
TB-2,5/10/23 23:16,59
TB-2,5/10/23 23:31,58.1
TB-2,5/10/23 23:46,56.3
TB-2,5/11/23 0:01,55.4
TB-2,5/11/23 0:16,53.6
TB-2,5/11/23 0:31,52.7
TB-2,5/11/23 0:46,51.8
TB-2,5/11/23 1:01,50.9
TB-2,5/11/23 1:16,50
TB-2,5/11/23 1:31,50
TB-2,5/11/23 1:46,50
TB-2,5/11/23 2:01,49.1
TB-2,5/11/23 2:16,49.1
TB-2,5/11/23 2:31,49.1
TB-2,5/11/23 2:46,50
TB-2,5/11/23 3:01,50
TB-2,5/11/23 3:16,50
TB-2,5/11/23 3:31,49.1
TB-2,5/11/23 3:46,49.1
TB-2,5/11/23 4:01,48.2
TB-2,5/11/23 4:16,47.3
TB-2,5/11/23 4:31,47.3
TB-2,5/11/23 4:46,46.4
TB-2,5/11/23 5:01,46.4
TB-2,5/11/23 5:16,46.4
TB-2,5/11/23 5:31,46.4
TB-2,5/11/23 5:46,47.3
TB-2,5/11/23 6:01,47.3
TB-2,5/11/23 6:16,47.3
TB-2,5/11/23 6:31,48.2
TB-2,5/11/23 6:46,50.9
TB-2,5/11/23 7:01,54.5
TB-2,5/11/23 7:16,59
TB-2,5/11/23 7:31,62.6
TB-2,5/11/23 7:46,66.2
TB-2,5/11/23 8:01,68.9
TB-2,5/11/23 8:16,72.5
TB-2,5/11/23 8:31,75.2
TB-2,5/11/23 8:46,77.9
TB-2,5/11/23 9:01,80.6
TB-2,5/11/23 9:16,82.4
TB-2,5/11/23 9:31,84.2
TB-2,5/11/23 9:46,85.1
TB-2,5/11/23 10:01,86.9
TB-2,5/11/23 10:16,86
TB-2,5/11/23 10:31,86.9
TB-2,5/11/23 10:46,87.8
TB-2,5/11/23 11:01,87.8
TB-2,5/11/23 11:16,87.8
TB-2,5/11/23 11:31,89.6
TB-2,5/11/23 11:46,89.6
TB-2,5/11/23 12:01,89.6
TB-2,5/11/23 12:16,89.6
TB-2,5/11/23 12:31,89.6
TB-2,5/11/23 12:46,90.5
TB-2,5/11/23 13:01,91.4
TB-2,5/11/23 13:16,91.4
TB-2,5/11/23 13:31,91.4
TB-2,5/11/23 13:46,90.5
TB-2,5/11/23 14:01,91.4
TB-2,5/11/23 14:16,91.4
TB-2,5/11/23 14:31,91.4
TB-2,5/11/23 14:46,92.3
TB-2,5/11/23 15:01,91.4
TB-2,5/11/23 15:16,93.2
TB-2,5/11/23 15:31,94.1
TB-2,5/11/23 15:46,93.2
TB-2,5/11/23 16:01,93.2
TB-2,5/11/23 16:16,94.1
TB-2,5/11/23 16:31,93.2
TB-2,5/11/23 16:46,91.4
TB-2,5/11/23 17:01,90.5
TB-2,5/11/23 17:16,90.5
TB-2,5/11/23 17:31,89.6
TB-2,5/11/23 17:46,88.7
TB-2,5/11/23 18:01,87.8
TB-2,5/11/23 18:16,86
TB-2,5/11/23 18:31,84.2
TB-2,5/11/23 18:46,82.4
TB-2,5/11/23 19:01,79.7
TB-2,5/11/23 19:16,77
TB-2,5/11/23 19:31,75.2
TB-2,5/11/23 19:46,72.5
TB-2,5/11/23 20:01,71.6
TB-2,5/11/23 20:16,70.7
TB-2,5/11/23 20:31,69.8
TB-2,5/11/23 20:46,69.8
TB-2,5/11/23 21:01,68.9
TB-2,5/11/23 21:16,68
TB-2,5/11/23 21:31,66.2
TB-2,5/11/23 21:46,64.4
TB-2,5/11/23 22:01,65.3
TB-2,5/11/23 22:16,65.3
TB-2,5/11/23 22:31,64.4
TB-2,5/11/23 22:46,63.5
TB-2,5/11/23 23:01,62.6
TB-2,5/11/23 23:16,61.7
TB-2,5/11/23 23:31,60.8
TB-2,5/11/23 23:46,60.8
SAG1,4/18/23 16:07,84.2
SAG1,4/18/23 16:22,79.7
SAG1,4/18/23 16:37,79.7
SAG1,4/18/23 16:52,76.1
SAG1,4/18/23 17:07,74.3
SAG1,4/18/23 17:22,74.3
SAG1,4/18/23 17:37,78.8
SAG1,4/18/23 17:52,80.6
SAG1,4/18/23 18:07,80.6
SAG1,4/18/23 18:22,79.7
SAG1,4/18/23 18:37,78.8
SAG1,4/18/23 18:52,77.9
SAG1,4/18/23 19:07,77
SAG1,4/18/23 19:22,76.1
SAG1,4/18/23 19:37,76.1
SAG1,4/18/23 19:52,76.1
SAG1,4/18/23 20:07,75.2
SAG1,4/18/23 20:22,75.2
SAG1,4/18/23 20:37,75.2
SAG1,4/18/23 20:52,75.2
SAG1,4/18/23 21:07,75.2
SAG1,4/18/23 21:22,76.1
SAG1,4/18/23 21:37,76.1
SAG1,4/18/23 21:52,75.2
SAG1,4/18/23 22:07,75.2
SAG1,4/18/23 22:22,75.2
SAG1,4/18/23 22:37,75.2
SAG1,4/18/23 22:52,75.2
SAG1,4/18/23 23:07,75.2
SAG1,4/18/23 23:22,75.2
SAG1,4/18/23 23:37,74.3
SAG1,4/18/23 23:52,74.3
SAG1,4/19/23 0:07,74.3
SAG1,4/19/23 0:22,74.3
SAG1,4/19/23 0:37,74.3
SAG1,4/19/23 0:52,74.3
SAG1,4/19/23 1:07,74.3
SAG1,4/19/23 1:22,74.3
SAG1,4/19/23 1:37,74.3
SAG1,4/19/23 1:52,74.3
SAG1,4/19/23 2:07,74.3
SAG1,4/19/23 2:22,74.3
SAG1,4/19/23 2:37,73.4
SAG1,4/19/23 2:52,73.4
SAG1,4/19/23 3:07,73.4
SAG1,4/19/23 3:22,73.4
SAG1,4/19/23 3:37,72.5
SAG1,4/19/23 3:52,72.5
SAG1,4/19/23 4:07,72.5
SAG1,4/19/23 4:22,72.5
SAG1,4/19/23 4:37,72.5
SAG1,4/19/23 4:52,71.6
SAG1,4/19/23 5:07,71.6
SAG1,4/19/23 5:22,71.6
SAG1,4/19/23 5:37,71.6
SAG1,4/19/23 5:52,71.6
SAG1,4/19/23 6:07,70.7
SAG1,4/19/23 6:22,70.7
SAG1,4/19/23 6:37,70.7
SAG1,4/19/23 6:52,70.7
SAG1,4/19/23 7:07,70.7
SAG1,4/19/23 7:22,70.7
SAG1,4/19/23 7:37,69.8
SAG1,4/19/23 7:52,69.8
SAG1,4/19/23 8:07,69.8
SAG1,4/19/23 8:22,69.8
SAG1,4/19/23 8:37,69.8
SAG1,4/19/23 8:52,68.9
SAG1,4/19/23 9:07,70.7
SAG1,4/19/23 9:22,73.4
SAG1,4/19/23 9:37,77
SAG1,4/19/23 9:52,78.8
SAG1,4/19/23 10:07,86.9
SAG1,4/19/23 10:22,85.1
SAG1,4/19/23 10:37,86
SAG1,4/19/23 10:52,87.8
SAG1,4/19/23 11:07,89.6
SAG1,4/19/23 11:22,91.4
SAG1,4/19/23 11:37,92.3
SAG1,4/19/23 11:52,94.1
SAG1,4/19/23 12:07,95
SAG1,4/19/23 12:22,95.9
SAG1,4/19/23 12:37,96.8
SAG1,4/19/23 12:52,97.7
SAG1,4/19/23 13:07,98.6
SAG1,4/19/23 13:22,99.5
SAG1,4/19/23 13:37,100.4
SAG1,4/19/23 13:52,101.3
SAG1,4/19/23 14:07,102.2
SAG1,4/19/23 14:22,99.5
SAG1,4/19/23 14:37,95
SAG1,4/19/23 14:52,91.4
SAG1,4/19/23 15:07,89.6
SAG1,4/19/23 15:22,87.8
SAG1,4/19/23 15:37,92.3
SAG1,4/19/23 15:52,88.7
SAG1,4/19/23 16:07,87.8
SAG1,4/19/23 16:22,88.7
SAG1,4/19/23 16:37,85.1
SAG1,4/19/23 16:52,80.6
SAG1,4/19/23 17:07,79.7
SAG1,4/19/23 17:22,80.6
SAG1,4/19/23 17:37,80.6
SAG1,4/19/23 17:52,80.6
SAG1,4/19/23 18:07,80.6
SAG1,4/19/23 18:22,79.7
SAG1,4/19/23 18:37,80.6
SAG1,4/19/23 18:52,79.7
SAG1,4/19/23 19:07,79.7
SAG1,4/19/23 19:22,79.7
SAG1,4/19/23 19:37,78.8
SAG1,4/19/23 19:52,78.8
SAG1,4/19/23 20:07,78.8
SAG1,4/19/23 20:22,77
SAG1,4/19/23 20:37,75.2
SAG1,4/19/23 20:52,76.1
SAG1,4/19/23 21:07,75.2
SAG1,4/19/23 21:22,75.2
SAG1,4/19/23 21:37,73.4
SAG1,4/19/23 21:52,73.4
SAG1,4/19/23 22:07,74.3
SAG1,4/19/23 22:22,74.3
SAG1,4/19/23 22:37,72.5
SAG1,4/19/23 22:52,70.7
SAG1,4/19/23 23:07,69.8
SAG1,4/19/23 23:22,70.7
SAG1,4/19/23 23:37,68.9
SAG1,4/19/23 23:52,69.8
SAG1,4/20/23 0:07,68.9
SAG1,4/20/23 0:22,68.9
SAG1,4/20/23 0:37,68.9
SAG1,4/20/23 0:52,67.1
SAG1,4/20/23 1:07,68.9
SAG1,4/20/23 1:22,68
SAG1,4/20/23 1:37,68
SAG1,4/20/23 1:52,67.1
SAG1,4/20/23 2:07,67.1
SAG1,4/20/23 2:22,66.2
SAG1,4/20/23 2:37,65.3
SAG1,4/20/23 2:52,64.4
SAG1,4/20/23 3:07,64.4
SAG1,4/20/23 3:22,62.6
SAG1,4/20/23 3:37,62.6
SAG1,4/20/23 3:52,61.7
SAG1,4/20/23 4:07,60.8
SAG1,4/20/23 4:22,60.8
SAG1,4/20/23 4:37,60.8
SAG1,4/20/23 4:52,59
SAG1,4/20/23 5:07,59.9
SAG1,4/20/23 5:22,58.1
SAG1,4/20/23 5:37,57.2
SAG1,4/20/23 5:52,58.1
SAG1,4/20/23 6:07,58.1
SAG1,4/20/23 6:22,56.3
SAG1,4/20/23 6:37,56.3
SAG1,4/20/23 6:52,56.3
SAG1,4/20/23 7:07,57.2
SAG1,4/20/23 7:22,57.2
SAG1,4/20/23 7:37,57.2
SAG1,4/20/23 7:52,57.2
SAG1,4/20/23 8:07,57.2
SAG1,4/20/23 8:22,57.2
SAG1,4/20/23 8:37,58.1
SAG1,4/20/23 8:52,59
SAG1,4/20/23 9:07,59.9
SAG1,4/20/23 9:22,59.9
SAG1,4/20/23 9:37,59.9
SAG1,4/20/23 9:52,60.8
SAG1,4/20/23 10:07,60.8
SAG1,4/20/23 10:22,61.7
SAG1,4/20/23 10:37,62.6
SAG1,4/20/23 10:52,63.5
SAG1,4/20/23 11:07,64.4
SAG1,4/20/23 11:22,65.3
SAG1,4/20/23 11:37,65.3
SAG1,4/20/23 11:52,67.1
SAG1,4/20/23 12:07,67.1
SAG1,4/20/23 12:22,68
SAG1,4/20/23 12:37,68.9
SAG1,4/20/23 12:52,68.9
SAG1,4/20/23 13:07,69.8
SAG1,4/20/23 13:22,70.7
SAG1,4/20/23 13:37,71.6
SAG1,4/20/23 13:52,71.6
SAG1,4/20/23 14:07,72.5
SAG1,4/20/23 14:22,72.5
SAG1,4/20/23 14:37,73.4
SAG1,4/20/23 14:52,73.4
SAG1,4/20/23 15:07,74.3
SAG1,4/20/23 15:22,75.2
SAG1,4/20/23 15:37,75.2
SAG1,4/20/23 15:52,75.2
SAG1,4/20/23 16:07,76.1
SAG1,4/20/23 16:22,76.1
SAG1,4/20/23 16:37,77
SAG1,4/20/23 16:52,77
SAG1,4/20/23 17:07,77.9
SAG1,4/20/23 17:22,77.9
SAG1,4/20/23 17:37,77.9
SAG1,4/20/23 17:52,78.8
SAG1,4/20/23 18:07,78.8
SAG1,4/20/23 18:22,78.8
SAG1,4/20/23 18:37,78.8
SAG1,4/20/23 18:52,78.8
SAG1,4/20/23 19:07,78.8
SAG1,4/20/23 19:22,78.8
SAG1,4/20/23 19:37,77.9
SAG1,4/20/23 19:52,77.9
SAG1,4/20/23 20:07,77
SAG1,4/20/23 20:22,76.1
SAG1,4/20/23 20:37,75.2
SAG1,4/20/23 20:52,74.3
SAG1,4/20/23 21:07,74.3
SAG1,4/20/23 21:22,74.3
SAG1,4/20/23 21:37,74.3
SAG1,4/20/23 21:52,72.5
SAG1,4/20/23 22:07,71.6
SAG1,4/20/23 22:22,70.7
SAG1,4/20/23 22:37,70.7
SAG1,4/20/23 22:52,69.8
SAG1,4/20/23 23:07,68.9
SAG1,4/20/23 23:22,68
SAG1,4/20/23 23:37,68
SAG1,4/20/23 23:52,67.1
SAG1,4/21/23 0:07,67.1
SAG1,4/21/23 0:22,68
SAG1,4/21/23 0:37,68
SAG1,4/21/23 0:52,68
SAG1,4/21/23 1:07,68
SAG1,4/21/23 1:22,67.1
SAG1,4/21/23 1:37,66.2
SAG1,4/21/23 1:52,65.3
SAG1,4/21/23 2:07,65.3
SAG1,4/21/23 2:22,65.3
SAG1,4/21/23 2:37,65.3
SAG1,4/21/23 2:52,63.5
SAG1,4/21/23 3:07,62.6
SAG1,4/21/23 3:22,61.7
SAG1,4/21/23 3:37,60.8
SAG1,4/21/23 3:52,61.7
SAG1,4/21/23 4:07,61.7
SAG1,4/21/23 4:22,60.8
SAG1,4/21/23 4:37,60.8
SAG1,4/21/23 4:52,59
SAG1,4/21/23 5:07,59
SAG1,4/21/23 5:22,59
SAG1,4/21/23 5:37,59
SAG1,4/21/23 5:52,59
SAG1,4/21/23 6:07,59
SAG1,4/21/23 6:22,58.1
SAG1,4/21/23 6:37,58.1
SAG1,4/21/23 6:52,58.1
SAG1,4/21/23 7:07,58.1
SAG1,4/21/23 7:22,58.1
SAG1,4/21/23 7:37,58.1
SAG1,4/21/23 7:52,58.1
SAG1,4/21/23 8:07,58.1
SAG1,4/21/23 8:22,59
SAG1,4/21/23 8:37,59
SAG1,4/21/23 8:52,59.9
SAG1,4/21/23 9:07,60.8
SAG1,4/21/23 9:22,61.7
SAG1,4/21/23 9:37,62.6
SAG1,4/21/23 9:52,63.5
SAG1,4/21/23 10:07,64.4
SAG1,4/21/23 10:22,65.3
SAG1,4/21/23 10:37,65.3
SAG1,4/21/23 10:52,66.2
SAG1,4/21/23 11:07,66.2
SAG1,4/21/23 11:22,67.1
SAG1,4/21/23 11:37,68
SAG1,4/21/23 11:52,69.8
SAG1,4/21/23 12:07,70.7
SAG1,4/21/23 12:22,70.7
SAG1,4/21/23 12:37,70.7
SAG1,4/21/23 12:52,72.5
SAG1,4/21/23 13:07,72.5
SAG1,4/21/23 13:22,73.4
SAG1,4/21/23 13:37,74.3
SAG1,4/21/23 13:52,75.2
SAG1,4/21/23 14:07,76.1
SAG1,4/21/23 14:22,77
SAG1,4/21/23 14:37,77
SAG1,4/21/23 14:52,77.9
SAG1,4/21/23 15:07,78.8
SAG1,4/21/23 15:22,78.8
SAG1,4/21/23 15:37,79.7
SAG1,4/21/23 15:52,80.6
SAG1,4/21/23 16:07,80.6
SAG1,4/21/23 16:22,81.5
SAG1,4/21/23 16:37,81.5
SAG1,4/21/23 16:52,82.4
SAG1,4/21/23 17:07,82.4
SAG1,4/21/23 17:22,83.3
SAG1,4/21/23 17:37,83.3
SAG1,4/21/23 17:52,84.2
SAG1,4/21/23 18:07,84.2
SAG1,4/21/23 18:22,84.2
SAG1,4/21/23 18:37,84.2
SAG1,4/21/23 18:52,84.2
SAG1,4/21/23 19:07,84.2
SAG1,4/21/23 19:22,84.2
SAG1,4/21/23 19:37,83.3
SAG1,4/21/23 19:52,82.4
SAG1,4/21/23 20:07,80.6
SAG1,4/21/23 20:22,80.6
SAG1,4/21/23 20:37,79.7
SAG1,4/21/23 20:52,79.7
SAG1,4/21/23 21:07,78.8
SAG1,4/21/23 21:22,77.9
SAG1,4/21/23 21:37,77.9
SAG1,4/21/23 21:52,77
SAG1,4/21/23 22:07,77
SAG1,4/21/23 22:22,76.1
SAG1,4/21/23 22:37,75.2
SAG1,4/21/23 22:52,75.2
SAG1,4/21/23 23:07,74.3
SAG1,4/21/23 23:22,74.3
SAG1,4/21/23 23:37,73.4
SAG1,4/21/23 23:52,73.4
SAG1,4/22/23 0:07,73.4
SAG1,4/22/23 0:22,74.3
SAG1,4/22/23 0:37,73.4
SAG1,4/22/23 0:52,73.4
SAG1,4/22/23 1:07,73.4
SAG1,4/22/23 1:22,72.5
SAG1,4/22/23 1:37,71.6
SAG1,4/22/23 1:52,69.8
SAG1,4/22/23 2:07,69.8
SAG1,4/22/23 2:22,69.8
SAG1,4/22/23 2:37,68.9
SAG1,4/22/23 2:52,68
SAG1,4/22/23 3:07,68
SAG1,4/22/23 3:22,68
SAG1,4/22/23 3:37,66.2
SAG1,4/22/23 3:52,66.2
SAG1,4/22/23 4:07,66.2
SAG1,4/22/23 4:22,65.3
SAG1,4/22/23 4:37,65.3
SAG1,4/22/23 4:52,65.3
SAG1,4/22/23 5:07,64.4
SAG1,4/22/23 5:22,63.5
SAG1,4/22/23 5:37,63.5
SAG1,4/22/23 5:52,62.6
SAG1,4/22/23 6:07,62.6
SAG1,4/22/23 6:22,62.6
SAG1,4/22/23 6:37,62.6
SAG1,4/22/23 6:52,62.6
SAG1,4/22/23 7:07,61.7
SAG1,4/22/23 7:22,61.7
SAG1,4/22/23 7:37,61.7
SAG1,4/22/23 7:52,61.7
SAG1,4/22/23 8:07,62.6
SAG1,4/22/23 8:22,62.6
SAG1,4/22/23 8:37,63.5
SAG1,4/22/23 8:52,64.4
SAG1,4/22/23 9:07,65.3
SAG1,4/22/23 9:22,66.2
SAG1,4/22/23 9:37,66.2
SAG1,4/22/23 9:52,66.2
SAG1,4/22/23 10:07,66.2
SAG1,4/22/23 10:22,67.1
SAG1,4/22/23 10:37,68
SAG1,4/22/23 10:52,68.9
SAG1,4/22/23 11:07,69.8
SAG1,4/22/23 11:22,70.7
SAG1,4/22/23 11:37,71.6
SAG1,4/22/23 11:52,72.5
SAG1,4/22/23 12:07,73.4
SAG1,4/22/23 12:22,74.3
SAG1,4/22/23 12:37,76.1
SAG1,4/22/23 12:52,76.1
SAG1,4/22/23 13:07,76.1
SAG1,4/22/23 13:22,77
SAG1,4/22/23 13:37,77.9
SAG1,4/22/23 13:52,78.8
SAG1,4/22/23 14:07,78.8
SAG1,4/22/23 14:22,79.7
SAG1,4/22/23 14:37,80.6
SAG1,4/22/23 14:52,80.6
SAG1,4/22/23 15:07,81.5
SAG1,4/22/23 15:22,81.5
SAG1,4/22/23 15:37,82.4
SAG1,4/22/23 15:52,82.4
SAG1,4/22/23 16:07,83.3
SAG1,4/22/23 16:22,84.2
SAG1,4/22/23 16:37,84.2
SAG1,4/22/23 16:52,85.1
SAG1,4/22/23 17:07,85.1
SAG1,4/22/23 17:22,85.1
SAG1,4/22/23 17:37,86
SAG1,4/22/23 17:52,86
SAG1,4/22/23 18:07,86
SAG1,4/22/23 18:22,86
SAG1,4/22/23 18:37,86
SAG1,4/22/23 18:52,86
SAG1,4/22/23 19:07,86
SAG1,4/22/23 19:22,86
SAG1,4/22/23 19:37,85.1
SAG1,4/22/23 19:52,84.2
SAG1,4/22/23 20:07,84.2
SAG1,4/22/23 20:22,83.3
SAG1,4/22/23 20:37,82.4
SAG1,4/22/23 20:52,81.5
SAG1,4/22/23 21:07,81.5
SAG1,4/22/23 21:22,80.6
SAG1,4/22/23 21:37,80.6
SAG1,4/22/23 21:52,79.7
SAG1,4/22/23 22:07,78.8
SAG1,4/22/23 22:22,78.8
SAG1,4/22/23 22:37,77.9
SAG1,4/22/23 22:52,79.7
SAG1,4/22/23 23:07,78.8
SAG1,4/22/23 23:22,77
SAG1,4/22/23 23:37,76.1
SAG1,4/22/23 23:52,76.1
SAG1,4/23/23 0:07,75.2
SAG1,4/23/23 0:22,74.3
SAG1,4/23/23 0:37,75.2
SAG1,4/23/23 0:52,74.3
SAG1,4/23/23 1:07,73.4
SAG1,4/23/23 1:22,73.4
SAG1,4/23/23 1:37,73.4
SAG1,4/23/23 1:52,73.4
SAG1,4/23/23 2:07,72.5
SAG1,4/23/23 2:22,71.6
SAG1,4/23/23 2:37,72.5
SAG1,4/23/23 2:52,71.6
SAG1,4/23/23 3:07,71.6
SAG1,4/23/23 3:22,71.6
SAG1,4/23/23 3:37,70.7
SAG1,4/23/23 3:52,70.7
SAG1,4/23/23 4:07,69.8
SAG1,4/23/23 4:22,69.8
SAG1,4/23/23 4:37,68
SAG1,4/23/23 4:52,68
SAG1,4/23/23 5:07,68
SAG1,4/23/23 5:22,67.1
SAG1,4/23/23 5:37,67.1
SAG1,4/23/23 5:52,67.1
SAG1,4/23/23 6:07,66.2
SAG1,4/23/23 6:22,65.3
SAG1,4/23/23 6:37,65.3
SAG1,4/23/23 6:52,66.2
SAG1,4/23/23 7:07,65.3
SAG1,4/23/23 7:22,65.3
SAG1,4/23/23 7:37,65.3
SAG1,4/23/23 7:52,65.3
SAG1,4/23/23 8:07,66.2
SAG1,4/23/23 8:22,66.2
SAG1,4/23/23 8:37,68
SAG1,4/23/23 8:52,68
SAG1,4/23/23 9:07,69.8
SAG1,4/23/23 9:22,69.8
SAG1,4/23/23 9:37,70.7
SAG1,4/23/23 9:52,72.5
SAG1,4/23/23 10:07,72.5
SAG1,4/23/23 10:22,73.4
SAG1,4/23/23 10:37,73.4
SAG1,4/23/23 10:52,73.4
SAG1,4/23/23 11:07,74.3
SAG1,4/23/23 11:22,75.2
SAG1,4/23/23 11:37,76.1
SAG1,4/23/23 11:52,76.1
SAG1,4/23/23 12:07,77
SAG1,4/23/23 12:22,78.8
SAG1,4/23/23 12:37,78.8
SAG1,4/23/23 12:52,79.7
SAG1,4/23/23 13:07,79.7
SAG1,4/23/23 13:22,80.6
SAG1,4/23/23 13:37,81.5
SAG1,4/23/23 13:52,82.4
SAG1,4/23/23 14:07,83.3
SAG1,4/23/23 14:22,83.3
SAG1,4/23/23 14:37,83.3
SAG1,4/23/23 14:52,84.2
SAG1,4/23/23 15:07,85.1
SAG1,4/23/23 15:22,85.1
SAG1,4/23/23 15:37,86
SAG1,4/23/23 15:52,86.9
SAG1,4/23/23 16:07,86.9
SAG1,4/23/23 16:22,87.8
SAG1,4/23/23 16:37,87.8
SAG1,4/23/23 16:52,88.7
SAG1,4/23/23 17:07,88.7
SAG1,4/23/23 17:22,88.7
SAG1,4/23/23 17:37,89.6
SAG1,4/23/23 17:52,89.6
SAG1,4/23/23 18:07,89.6
SAG1,4/23/23 18:22,89.6
SAG1,4/23/23 18:37,89.6
SAG1,4/23/23 18:52,89.6
SAG1,4/23/23 19:07,89.6
SAG1,4/23/23 19:22,89.6
SAG1,4/23/23 19:37,89.6
SAG1,4/23/23 19:52,89.6
SAG1,4/23/23 20:07,88.7
SAG1,4/23/23 20:22,88.7
SAG1,4/23/23 20:37,88.7
SAG1,4/23/23 20:52,87.8
SAG1,4/23/23 21:07,87.8
SAG1,4/23/23 21:22,86.9
SAG1,4/23/23 21:37,86.9
SAG1,4/23/23 21:52,86
SAG1,4/23/23 22:07,84.2
SAG1,4/23/23 22:22,84.2
SAG1,4/23/23 22:37,83.3
SAG1,4/23/23 22:52,84.2
SAG1,4/23/23 23:07,83.3
SAG1,4/23/23 23:22,83.3
SAG1,4/23/23 23:37,82.4
SAG1,4/23/23 23:52,81.5
SAG1,4/24/23 0:07,78.8
SAG1,4/24/23 0:22,77
SAG1,4/24/23 0:37,78.8
SAG1,4/24/23 0:52,77.9
SAG1,4/24/23 1:07,77.9
SAG1,4/24/23 1:22,77.9
SAG1,4/24/23 1:37,77
SAG1,4/24/23 1:52,77
SAG1,4/24/23 2:07,77
SAG1,4/24/23 2:22,76.1
SAG1,4/24/23 2:37,75.2
SAG1,4/24/23 2:52,75.2
SAG1,4/24/23 3:07,75.2
SAG1,4/24/23 3:22,75.2
SAG1,4/24/23 3:37,74.3
SAG1,4/24/23 3:52,73.4
SAG1,4/24/23 4:07,72.5
SAG1,4/24/23 4:22,73.4
SAG1,4/24/23 4:37,70.7
SAG1,4/24/23 4:52,71.6
SAG1,4/24/23 5:07,71.6
SAG1,4/24/23 5:22,70.7
SAG1,4/24/23 5:37,70.7
SAG1,4/24/23 5:52,70.7
SAG1,4/24/23 6:07,68.9
SAG1,4/24/23 6:22,68
SAG1,4/24/23 6:37,68
SAG1,4/24/23 6:52,67.1
SAG1,4/24/23 7:07,68
SAG1,4/24/23 7:22,68
SAG1,4/24/23 7:37,68
SAG1,4/24/23 7:52,68
SAG1,4/24/23 8:07,68.9
SAG1,4/24/23 8:22,69.8
SAG1,4/24/23 8:37,69.8
SAG1,4/24/23 8:52,70.7
SAG1,4/24/23 9:07,71.6
SAG1,4/24/23 9:22,71.6
SAG1,4/24/23 9:37,72.5
SAG1,4/24/23 9:52,73.4
SAG1,4/24/23 10:07,73.4
SAG1,4/24/23 10:22,74.3
SAG1,4/24/23 10:37,75.2
SAG1,4/24/23 10:52,75.2
SAG1,4/24/23 11:07,76.1
SAG1,4/24/23 11:22,77
SAG1,4/24/23 11:37,77
SAG1,4/24/23 11:52,77
SAG1,4/24/23 12:07,77.9
SAG1,4/24/23 12:22,79.7
SAG1,4/24/23 12:37,79.7
SAG1,4/24/23 12:52,80.6
SAG1,4/24/23 13:07,80.6
SAG1,4/24/23 13:22,81.5
SAG1,4/24/23 13:37,81.5
SAG1,4/24/23 13:52,82.4
SAG1,4/24/23 14:07,83.3
SAG1,4/24/23 14:22,83.3
SAG1,4/24/23 14:37,84.2
SAG1,4/24/23 14:52,84.2
SAG1,4/24/23 15:07,85.1
SAG1,4/24/23 15:22,85.1
SAG1,4/24/23 15:37,86
SAG1,4/24/23 15:52,86
SAG1,4/24/23 16:07,86.9
SAG1,4/24/23 16:22,86.9
SAG1,4/24/23 16:37,87.8
SAG1,4/24/23 16:52,87.8
SAG1,4/24/23 17:07,87.8
SAG1,4/24/23 17:22,88.7
SAG1,4/24/23 17:37,88.7
SAG1,4/24/23 17:52,88.7
SAG1,4/24/23 18:07,88.7
SAG1,4/24/23 18:22,88.7
SAG1,4/24/23 18:37,88.7
SAG1,4/24/23 18:52,88.7
SAG1,4/24/23 19:07,88.7
SAG1,4/24/23 19:22,88.7
SAG1,4/24/23 19:37,88.7
SAG1,4/24/23 19:52,87.8
SAG1,4/24/23 20:07,87.8
SAG1,4/24/23 20:22,87.8
SAG1,4/24/23 20:37,86.9
SAG1,4/24/23 20:52,86.9
SAG1,4/24/23 21:07,86
SAG1,4/24/23 21:22,86
SAG1,4/24/23 21:37,86
SAG1,4/24/23 21:52,85.1
SAG1,4/24/23 22:07,85.1
SAG1,4/24/23 22:22,84.2
SAG1,4/24/23 22:37,83.3
SAG1,4/24/23 22:52,82.4
SAG1,4/24/23 23:07,81.5
SAG1,4/24/23 23:22,81.5
SAG1,4/24/23 23:37,81.5
SAG1,4/24/23 23:52,80.6
SAG1,4/25/23 0:07,79.7
SAG1,4/25/23 0:22,77.9
SAG1,4/25/23 0:37,77
SAG1,4/25/23 0:52,76.1
SAG1,4/25/23 1:07,75.2
SAG1,4/25/23 1:22,75.2
SAG1,4/25/23 1:37,76.1
SAG1,4/25/23 1:52,76.1
SAG1,4/25/23 2:07,74.3
SAG1,4/25/23 2:22,74.3
SAG1,4/25/23 2:37,73.4
SAG1,4/25/23 2:52,73.4
SAG1,4/25/23 3:07,72.5
SAG1,4/25/23 3:22,71.6
SAG1,4/25/23 3:37,71.6
SAG1,4/25/23 3:52,71.6
SAG1,4/25/23 4:07,70.7
SAG1,4/25/23 4:22,70.7
SAG1,4/25/23 4:37,70.7
SAG1,4/25/23 4:52,69.8
SAG1,4/25/23 5:07,69.8
SAG1,4/25/23 5:22,69.8
SAG1,4/25/23 5:37,68.9
SAG1,4/25/23 5:52,68.9
SAG1,4/25/23 6:07,68.9
SAG1,4/25/23 6:22,68
SAG1,4/25/23 6:37,68
SAG1,4/25/23 6:52,68
SAG1,4/25/23 7:07,68
SAG1,4/25/23 7:22,68
SAG1,4/25/23 7:37,68
SAG1,4/25/23 7:52,68.9
SAG1,4/25/23 8:07,68.9
SAG1,4/25/23 8:22,69.8
SAG1,4/25/23 8:37,70.7
SAG1,4/25/23 8:52,70.7
SAG1,4/25/23 9:07,71.6
SAG1,4/25/23 9:22,72.5
SAG1,4/25/23 9:37,72.5
SAG1,4/25/23 9:52,72.5
SAG1,4/25/23 10:07,73.4
SAG1,4/25/23 10:22,74.3
SAG1,4/25/23 10:37,74.3
SAG1,4/25/23 10:52,76.1
SAG1,4/25/23 11:07,76.1
SAG1,4/25/23 11:22,77
SAG1,4/25/23 11:37,77.9
SAG1,4/25/23 11:52,77.9
SAG1,4/25/23 12:07,77.9
SAG1,4/25/23 12:22,78.8
SAG1,4/25/23 12:37,79.7
SAG1,4/25/23 12:52,79.7
SAG1,4/25/23 13:07,80.6
SAG1,4/25/23 13:22,80.6
SAG1,4/25/23 13:37,81.5
SAG1,4/25/23 13:52,82.4
SAG1,4/25/23 14:07,82.4
SAG1,4/25/23 14:22,83.3
SAG1,4/25/23 14:37,83.3
SAG1,4/25/23 14:52,84.2
SAG1,4/25/23 15:07,84.2
SAG1,4/25/23 15:22,84.2
SAG1,4/25/23 15:37,85.1
SAG1,4/25/23 15:52,85.1
SAG1,4/25/23 16:07,86
SAG1,4/25/23 16:22,86
SAG1,4/25/23 16:37,86
SAG1,4/25/23 16:52,86.9
SAG1,4/25/23 17:07,86.9
SAG1,4/25/23 17:22,86.9
SAG1,4/25/23 17:37,86.9
SAG1,4/25/23 17:52,87.8
SAG1,4/25/23 18:07,87.8
SAG1,4/25/23 18:22,87.8
SAG1,4/25/23 18:37,87.8
SAG1,4/25/23 18:52,87.8
SAG1,4/25/23 19:07,86.9
SAG1,4/25/23 19:22,86.9
SAG1,4/25/23 19:37,86.9
SAG1,4/25/23 19:52,86.9
SAG1,4/25/23 20:07,86.9
SAG1,4/25/23 20:22,86
SAG1,4/25/23 20:37,86
SAG1,4/25/23 20:52,85.1
SAG1,4/25/23 21:07,85.1
SAG1,4/25/23 21:22,85.1
SAG1,4/25/23 21:37,84.2
SAG1,4/25/23 21:52,84.2
SAG1,4/25/23 22:07,83.3
SAG1,4/25/23 22:22,83.3
SAG1,4/25/23 22:37,82.4
SAG1,4/25/23 22:52,82.4
SAG1,4/25/23 23:07,81.5
SAG1,4/25/23 23:22,79.7
SAG1,4/25/23 23:37,78.8
SAG1,4/25/23 23:52,78.8
SAG1,4/26/23 0:07,78.8
SAG1,4/26/23 0:22,78.8
SAG1,4/26/23 0:37,78.8
SAG1,4/26/23 0:52,77
SAG1,4/26/23 1:07,75.2
SAG1,4/26/23 1:22,75.2
SAG1,4/26/23 1:37,73.4
SAG1,4/26/23 1:52,73.4
SAG1,4/26/23 2:07,72.5
SAG1,4/26/23 2:22,72.5
SAG1,4/26/23 2:37,71.6
SAG1,4/26/23 2:52,71.6
SAG1,4/26/23 3:07,70.7
SAG1,4/26/23 3:22,69.8
SAG1,4/26/23 3:37,70.7
SAG1,4/26/23 3:52,70.7
SAG1,4/26/23 4:07,70.7
SAG1,4/26/23 4:22,68.9
SAG1,4/26/23 4:37,68
SAG1,4/26/23 4:52,67.1
SAG1,4/26/23 5:07,68
SAG1,4/26/23 5:22,67.1
SAG1,4/26/23 5:37,67.1
SAG1,4/26/23 5:52,66.2
SAG1,4/26/23 6:07,66.2
SAG1,4/26/23 6:22,65.3
SAG1,4/26/23 6:37,65.3
SAG1,4/26/23 6:52,65.3
SAG1,4/26/23 7:07,64.4
SAG1,4/26/23 7:22,64.4
SAG1,4/26/23 7:37,65.3
SAG1,4/26/23 7:52,65.3
SAG1,4/26/23 8:07,65.3
SAG1,4/26/23 8:22,65.3
SAG1,4/26/23 8:37,66.2
SAG1,4/26/23 8:52,66.2
SAG1,4/26/23 9:07,67.1
SAG1,4/26/23 9:22,68
SAG1,4/26/23 9:37,68
SAG1,4/26/23 9:52,68
SAG1,4/26/23 10:07,68.9
SAG1,4/26/23 10:22,70.7
SAG1,4/26/23 10:37,70.7
SAG1,4/26/23 10:52,71.6
SAG1,4/26/23 11:07,72.5
SAG1,4/26/23 11:22,73.4
SAG1,4/26/23 11:37,74.3
SAG1,4/26/23 11:52,75.2
SAG1,4/26/23 12:07,75.2
SAG1,4/26/23 12:22,76.1
SAG1,4/26/23 12:37,77
SAG1,4/26/23 12:52,77
SAG1,4/26/23 13:07,77.9
SAG1,4/26/23 13:22,77.9
SAG1,4/26/23 13:37,78.8
SAG1,4/26/23 13:52,79.7
SAG1,4/26/23 14:07,79.7
SAG1,4/26/23 14:22,79.7
SAG1,4/26/23 14:37,80.6
SAG1,4/26/23 14:52,80.6
SAG1,4/26/23 15:07,81.5
SAG1,4/26/23 15:22,81.5
SAG1,4/26/23 15:37,82.4
SAG1,4/26/23 15:52,82.4
SAG1,4/26/23 16:07,82.4
SAG1,4/26/23 16:22,83.3
SAG1,4/26/23 16:37,83.3
SAG1,4/26/23 16:52,84.2
SAG1,4/26/23 17:07,84.2
SAG1,4/26/23 17:22,84.2
SAG1,4/26/23 17:37,84.2
SAG1,4/26/23 17:52,84.2
SAG1,4/26/23 18:07,84.2
SAG1,4/26/23 18:22,84.2
SAG1,4/26/23 18:37,84.2
SAG1,4/26/23 18:52,84.2
SAG1,4/26/23 19:07,84.2
SAG1,4/26/23 19:22,84.2
SAG1,4/26/23 19:37,84.2
SAG1,4/26/23 19:52,83.3
SAG1,4/26/23 20:07,82.4
SAG1,4/26/23 20:22,80.6
SAG1,4/26/23 20:37,79.7
SAG1,4/26/23 20:52,79.7
SAG1,4/26/23 21:07,78.8
SAG1,4/26/23 21:22,77.9
SAG1,4/26/23 21:37,77
SAG1,4/26/23 21:52,76.1
SAG1,4/26/23 22:07,76.1
SAG1,4/26/23 22:22,75.2
SAG1,4/26/23 22:37,74.3
SAG1,4/26/23 22:52,74.3
SAG1,4/26/23 23:07,74.3
SAG1,4/26/23 23:22,75.2
SAG1,4/26/23 23:37,73.4
SAG1,4/26/23 23:52,73.4
SAG1,4/27/23 0:07,72.5
SAG1,4/27/23 0:22,71.6
SAG1,4/27/23 0:37,72.5
SAG1,4/27/23 0:52,71.6
SAG1,4/27/23 1:07,70.7
SAG1,4/27/23 1:22,70.7
SAG1,4/27/23 1:37,69.8
SAG1,4/27/23 1:52,69.8
SAG1,4/27/23 2:07,68.9
SAG1,4/27/23 2:22,68.9
SAG1,4/27/23 2:37,68.9
SAG1,4/27/23 2:52,68
SAG1,4/27/23 3:07,68
SAG1,4/27/23 3:22,67.1
SAG1,4/27/23 3:37,67.1
SAG1,4/27/23 3:52,67.1
SAG1,4/27/23 4:07,66.2
SAG1,4/27/23 4:22,66.2
SAG1,4/27/23 4:37,65.3
SAG1,4/27/23 4:52,65.3
SAG1,4/27/23 5:07,64.4
SAG1,4/27/23 5:22,63.5
SAG1,4/27/23 5:37,63.5
SAG1,4/27/23 5:52,63.5
SAG1,4/27/23 6:07,62.6
SAG1,4/27/23 6:22,62.6
SAG1,4/27/23 6:37,62.6
SAG1,4/27/23 6:52,61.7
SAG1,4/27/23 7:07,61.7
SAG1,4/27/23 7:22,61.7
SAG1,4/27/23 7:37,61.7
SAG1,4/27/23 7:52,61.7
SAG1,4/27/23 8:07,62.6
SAG1,4/27/23 8:22,62.6
SAG1,4/27/23 8:37,63.5
SAG1,4/27/23 8:52,64.4
SAG1,4/27/23 9:07,65.3
SAG1,4/27/23 9:22,66.2
SAG1,4/27/23 9:37,67.1
SAG1,4/27/23 9:52,68
SAG1,4/27/23 10:07,68.9
SAG1,4/27/23 10:22,69.8
SAG1,4/27/23 10:37,70.7
SAG1,4/27/23 10:52,70.7
SAG1,4/27/23 11:07,71.6
SAG1,4/27/23 11:22,71.6
SAG1,4/27/23 11:37,72.5
SAG1,4/27/23 11:52,74.3
SAG1,4/27/23 12:07,75.2
SAG1,4/27/23 12:22,74.3
SAG1,4/27/23 12:37,76.1
SAG1,4/27/23 12:52,76.1
SAG1,4/27/23 13:07,77
SAG1,4/27/23 13:22,77.9
SAG1,4/27/23 13:37,78.8
SAG1,4/27/23 13:52,79.7
SAG1,4/27/23 14:07,79.7
SAG1,4/27/23 14:22,80.6
SAG1,4/27/23 14:37,81.5
SAG1,4/27/23 14:52,81.5
SAG1,4/27/23 15:07,82.4
SAG1,4/27/23 15:22,83.3
SAG1,4/27/23 15:37,83.3
SAG1,4/27/23 15:52,84.2
SAG1,4/27/23 16:07,84.2
SAG1,4/27/23 16:22,85.1
SAG1,4/27/23 16:37,86
SAG1,4/27/23 16:52,86
SAG1,4/27/23 17:07,86.9
SAG1,4/27/23 17:22,86.9
SAG1,4/27/23 17:37,86.9
SAG1,4/27/23 17:52,86.9
SAG1,4/27/23 18:07,87.8
SAG1,4/27/23 18:22,87.8
SAG1,4/27/23 18:37,87.8
SAG1,4/27/23 18:52,87.8
SAG1,4/27/23 19:07,87.8
SAG1,4/27/23 19:22,86.9
SAG1,4/27/23 19:37,86
SAG1,4/27/23 19:52,85.1
SAG1,4/27/23 20:07,85.1
SAG1,4/27/23 20:22,84.2
SAG1,4/27/23 20:37,83.3
SAG1,4/27/23 20:52,82.4
SAG1,4/27/23 21:07,81.5
SAG1,4/27/23 21:22,81.5
SAG1,4/27/23 21:37,81.5
SAG1,4/27/23 21:52,80.6
SAG1,4/27/23 22:07,80.6
SAG1,4/27/23 22:22,80.6
SAG1,4/27/23 22:37,80.6
SAG1,4/27/23 22:52,80.6
SAG1,4/27/23 23:07,80.6
SAG1,4/27/23 23:22,80.6
SAG1,4/27/23 23:37,79.7
SAG1,4/27/23 23:52,78.8
SAG1,4/28/23 0:07,78.8
SAG1,4/28/23 0:22,77.9
SAG1,4/28/23 0:37,75.2
SAG1,4/28/23 0:52,75.2
SAG1,4/28/23 1:07,74.3
SAG1,4/28/23 1:22,74.3
SAG1,4/28/23 1:37,73.4
SAG1,4/28/23 1:52,72.5
SAG1,4/28/23 2:07,71.6
SAG1,4/28/23 2:22,71.6
SAG1,4/28/23 2:37,71.6
SAG1,4/28/23 2:52,71.6
SAG1,4/28/23 3:07,71.6
SAG1,4/28/23 3:22,71.6
SAG1,4/28/23 3:37,70.7
SAG1,4/28/23 3:52,69.8
SAG1,4/28/23 4:07,69.8
SAG1,4/28/23 4:22,68.9
SAG1,4/28/23 4:37,68.9
SAG1,4/28/23 4:52,68
SAG1,4/28/23 5:07,67.1
SAG1,4/28/23 5:22,67.1
SAG1,4/28/23 5:37,66.2
SAG1,4/28/23 5:52,65.3
SAG1,4/28/23 6:07,65.3
SAG1,4/28/23 6:22,65.3
SAG1,4/28/23 6:37,65.3
SAG1,4/28/23 6:52,65.3
SAG1,4/28/23 7:07,65.3
SAG1,4/28/23 7:22,65.3
SAG1,4/28/23 7:37,65.3
SAG1,4/28/23 7:52,65.3
SAG1,4/28/23 8:07,65.3
SAG1,4/28/23 8:22,66.2
SAG1,4/28/23 8:37,66.2
SAG1,4/28/23 8:52,67.1
SAG1,4/28/23 9:07,68
SAG1,4/28/23 9:22,68
SAG1,4/28/23 9:37,68
SAG1,4/28/23 9:52,69.8
SAG1,4/28/23 10:07,69.8
SAG1,4/28/23 10:22,70.7
SAG1,4/28/23 10:37,71.6
SAG1,4/28/23 10:52,72.5
SAG1,4/28/23 11:07,73.4
SAG1,4/28/23 11:22,74.3
SAG1,4/28/23 11:37,75.2
SAG1,4/28/23 11:52,76.1
SAG1,4/28/23 12:07,77
SAG1,4/28/23 12:22,78.8
SAG1,4/28/23 12:37,79.7
SAG1,4/28/23 12:52,81.5
SAG1,4/28/23 13:07,81.5
SAG1,4/28/23 13:22,81.5
SAG1,4/28/23 13:37,83.3
SAG1,4/28/23 13:52,83.3
SAG1,4/28/23 14:07,84.2
SAG1,4/28/23 14:22,84.2
SAG1,4/28/23 14:37,85.1
SAG1,4/28/23 14:52,86
SAG1,4/28/23 15:07,86
SAG1,4/28/23 15:22,86.9
SAG1,4/28/23 15:37,87.8
SAG1,4/28/23 15:52,88.7
SAG1,4/28/23 16:07,88.7
SAG1,4/28/23 16:22,88.7
SAG1,4/28/23 16:37,89.6
SAG1,4/28/23 16:52,89.6
SAG1,4/28/23 17:07,90.5
SAG1,4/28/23 17:22,90.5
SAG1,4/28/23 17:37,90.5
SAG1,4/28/23 17:52,90.5
SAG1,4/28/23 18:07,91.4
SAG1,4/28/23 18:22,91.4
SAG1,4/28/23 18:37,91.4
SAG1,4/28/23 18:52,91.4
SAG1,4/28/23 19:07,90.5
SAG1,4/28/23 19:22,90.5
SAG1,4/28/23 19:37,90.5
SAG1,4/28/23 19:52,90.5
SAG1,4/28/23 20:07,89.6
SAG1,4/28/23 20:22,89.6
SAG1,4/28/23 20:37,87.8
SAG1,4/28/23 20:52,86.9
SAG1,4/28/23 21:07,86.9
SAG1,4/28/23 21:22,85.1
SAG1,4/28/23 21:37,84.2
SAG1,4/28/23 21:52,83.3
SAG1,4/28/23 22:07,82.4
SAG1,4/28/23 22:22,81.5
SAG1,4/28/23 22:37,82.4
SAG1,4/28/23 22:52,81.5
SAG1,4/28/23 23:07,81.5
SAG1,4/28/23 23:22,80.6
SAG1,4/28/23 23:37,80.6
SAG1,4/28/23 23:52,79.7
SAG1,4/29/23 0:07,79.7
SAG1,4/29/23 0:22,79.7
SAG1,4/29/23 0:37,78.8
SAG1,4/29/23 0:52,78.8
SAG1,4/29/23 1:07,78.8
SAG1,4/29/23 1:22,77.9
SAG1,4/29/23 1:37,77.9
SAG1,4/29/23 1:52,77
SAG1,4/29/23 2:07,77
SAG1,4/29/23 2:22,76.1
SAG1,4/29/23 2:37,76.1
SAG1,4/29/23 2:52,75.2
SAG1,4/29/23 3:07,76.1
SAG1,4/29/23 3:22,75.2
SAG1,4/29/23 3:37,75.2
SAG1,4/29/23 3:52,75.2
SAG1,4/29/23 4:07,75.2
SAG1,4/29/23 4:22,75.2
SAG1,4/29/23 4:37,74.3
SAG1,4/29/23 4:52,74.3
SAG1,4/29/23 5:07,73.4
SAG1,4/29/23 5:22,73.4
SAG1,4/29/23 5:37,73.4
SAG1,4/29/23 5:52,72.5
SAG1,4/29/23 6:07,72.5
SAG1,4/29/23 6:22,72.5
SAG1,4/29/23 6:37,72.5
SAG1,4/29/23 6:52,71.6
SAG1,4/29/23 7:07,71.6
SAG1,4/29/23 7:22,71.6
SAG1,4/29/23 7:37,71.6
SAG1,4/29/23 7:52,71.6
SAG1,4/29/23 8:07,71.6
SAG1,4/29/23 8:22,72.5
SAG1,4/29/23 8:37,72.5
SAG1,4/29/23 8:52,73.4
SAG1,4/29/23 9:07,74.3
SAG1,4/29/23 9:22,74.3
SAG1,4/29/23 9:37,75.2
SAG1,4/29/23 9:52,76.1
SAG1,4/29/23 10:07,77
SAG1,4/29/23 10:22,77.9
SAG1,4/29/23 10:37,78.8
SAG1,4/29/23 10:52,80.6
SAG1,4/29/23 11:07,81.5
SAG1,4/29/23 11:22,81.5
SAG1,4/29/23 11:37,82.4
SAG1,4/29/23 11:52,83.3
SAG1,4/29/23 12:07,84.2
SAG1,4/29/23 12:22,85.1
SAG1,4/29/23 12:37,85.1
SAG1,4/29/23 12:52,85.1
SAG1,4/29/23 13:07,86
SAG1,4/29/23 13:22,86
SAG1,4/29/23 13:37,87.8
SAG1,4/29/23 13:52,87.8
SAG1,4/29/23 14:07,87.8
SAG1,4/29/23 14:22,88.7
SAG1,4/29/23 14:37,88.7
SAG1,4/29/23 14:52,89.6
SAG1,4/29/23 15:07,90.5
SAG1,4/29/23 15:22,90.5
SAG1,4/29/23 15:37,91.4
SAG1,4/29/23 15:52,91.4
SAG1,4/29/23 16:07,92.3
SAG1,4/29/23 16:22,93.2
SAG1,4/29/23 16:37,93.2
SAG1,4/29/23 16:52,94.1
SAG1,4/29/23 17:07,94.1
SAG1,4/29/23 17:22,95
SAG1,4/29/23 17:37,95
SAG1,4/29/23 17:52,95.9
SAG1,4/29/23 18:07,95.9
SAG1,4/29/23 18:22,95.9
SAG1,4/29/23 18:37,95.9
SAG1,4/29/23 18:52,95.9
SAG1,4/29/23 19:07,95.9
SAG1,4/29/23 19:22,95.9
SAG1,4/29/23 19:37,95
SAG1,4/29/23 19:52,95
SAG1,4/29/23 20:07,95
SAG1,4/29/23 20:22,92.3
SAG1,4/29/23 20:37,91.4
SAG1,4/29/23 20:52,90.5
SAG1,4/29/23 21:07,89.6
SAG1,4/29/23 21:22,88.7
SAG1,4/29/23 21:37,87.8
SAG1,4/29/23 21:52,87.8
SAG1,4/29/23 22:07,86.9
SAG1,4/29/23 22:22,86.9
SAG1,4/29/23 22:37,86
SAG1,4/29/23 22:52,86
SAG1,4/29/23 23:07,85.1
SAG1,4/29/23 23:22,84.2
SAG1,4/29/23 23:37,83.3
SAG1,4/29/23 23:52,82.4
SAG1,4/30/23 0:07,83.3
SAG1,4/30/23 0:22,84.2
SAG1,4/30/23 0:37,82.4
SAG1,4/30/23 0:52,83.3
SAG1,4/30/23 1:07,82.4
SAG1,4/30/23 1:22,81.5
SAG1,4/30/23 1:37,79.7
SAG1,4/30/23 1:52,77.9
SAG1,4/30/23 2:07,77.9
SAG1,4/30/23 2:22,77
SAG1,4/30/23 2:37,77.9
SAG1,4/30/23 2:52,77.9
SAG1,4/30/23 3:07,77
SAG1,4/30/23 3:22,77
SAG1,4/30/23 3:37,76.1
SAG1,4/30/23 3:52,76.1
SAG1,4/30/23 4:07,75.2
SAG1,4/30/23 4:22,74.3
SAG1,4/30/23 4:37,73.4
SAG1,4/30/23 4:52,73.4
SAG1,4/30/23 5:07,71.6
SAG1,4/30/23 5:22,72.5
SAG1,4/30/23 5:37,71.6
SAG1,4/30/23 5:52,71.6
SAG1,4/30/23 6:07,70.7
SAG1,4/30/23 6:22,70.7
SAG1,4/30/23 6:37,70.7
SAG1,4/30/23 6:52,69.8
SAG1,4/30/23 7:07,69.8
SAG1,4/30/23 7:22,68.9
SAG1,4/30/23 7:37,69.8
SAG1,4/30/23 7:52,69.8
SAG1,4/30/23 8:07,69.8
SAG1,4/30/23 8:22,70.7
SAG1,4/30/23 8:37,70.7
SAG1,4/30/23 8:52,71.6
SAG1,4/30/23 9:07,72.5
SAG1,4/30/23 9:22,73.4
SAG1,4/30/23 9:37,75.2
SAG1,4/30/23 9:52,75.2
SAG1,4/30/23 10:07,76.1
SAG1,4/30/23 10:22,77
SAG1,4/30/23 10:37,77.9
SAG1,4/30/23 10:52,77.9
SAG1,4/30/23 11:07,78.8
SAG1,4/30/23 11:22,79.7
SAG1,4/30/23 11:37,81.5
SAG1,4/30/23 11:52,81.5
SAG1,4/30/23 12:07,81.5
SAG1,4/30/23 12:22,83.3
SAG1,4/30/23 12:37,84.2
SAG1,4/30/23 12:52,84.2
SAG1,4/30/23 13:07,85.1
SAG1,4/30/23 13:22,86.9
SAG1,4/30/23 13:37,86.9
SAG1,4/30/23 13:52,88.7
SAG1,4/30/23 14:07,89.6
SAG1,4/30/23 14:22,90.5
SAG1,4/30/23 14:37,91.4
SAG1,4/30/23 14:52,92.3
SAG1,4/30/23 15:07,92.3
SAG1,4/30/23 15:22,92.3
SAG1,4/30/23 15:37,93.2
SAG1,4/30/23 15:52,94.1
SAG1,4/30/23 16:07,94.1
SAG1,4/30/23 16:22,95
SAG1,4/30/23 16:37,95.9
SAG1,4/30/23 16:52,95.9
SAG1,4/30/23 17:07,96.8
SAG1,4/30/23 17:22,96.8
SAG1,4/30/23 17:37,96.8
SAG1,4/30/23 17:52,96.8
SAG1,4/30/23 18:07,97.7
SAG1,4/30/23 18:22,97.7
SAG1,4/30/23 18:37,97.7
SAG1,4/30/23 18:52,97.7
SAG1,4/30/23 19:07,97.7
SAG1,4/30/23 19:22,96.8
SAG1,4/30/23 19:37,96.8
SAG1,4/30/23 19:52,96.8
SAG1,4/30/23 20:07,95.9
SAG1,4/30/23 20:22,95.9
SAG1,4/30/23 20:37,95.9
SAG1,4/30/23 20:52,95
SAG1,4/30/23 21:07,95
SAG1,4/30/23 21:22,94.1
SAG1,4/30/23 21:37,94.1
SAG1,4/30/23 21:52,93.2
SAG1,4/30/23 22:07,93.2
SAG1,4/30/23 22:22,91.4
SAG1,4/30/23 22:37,90.5
SAG1,4/30/23 22:52,91.4
SAG1,4/30/23 23:07,90.5
SAG1,4/30/23 23:22,88.7
SAG1,4/30/23 23:37,86.9
SAG1,4/30/23 23:52,86.9
SAG1,5/1/23 0:07,86.9
SAG1,5/1/23 0:22,86.9
SAG1,5/1/23 0:37,86
SAG1,5/1/23 0:52,84.2
SAG1,5/1/23 1:07,83.3
SAG1,5/1/23 1:22,84.2
SAG1,5/1/23 1:37,83.3
SAG1,5/1/23 1:52,83.3
SAG1,5/1/23 2:07,83.3
SAG1,5/1/23 2:22,82.4
SAG1,5/1/23 2:37,81.5
SAG1,5/1/23 2:52,81.5
SAG1,5/1/23 3:07,80.6
SAG1,5/1/23 3:22,80.6
SAG1,5/1/23 3:37,79.7
SAG1,5/1/23 3:52,78.8
SAG1,5/1/23 4:07,78.8
SAG1,5/1/23 4:22,77.9
SAG1,5/1/23 4:37,77.9
SAG1,5/1/23 4:52,76.1
SAG1,5/1/23 5:07,76.1
SAG1,5/1/23 5:22,76.1
SAG1,5/1/23 5:37,75.2
SAG1,5/1/23 5:52,75.2
SAG1,5/1/23 6:07,74.3
SAG1,5/1/23 6:22,73.4
SAG1,5/1/23 6:37,73.4
SAG1,5/1/23 6:52,73.4
SAG1,5/1/23 7:07,73.4
SAG1,5/1/23 7:22,73.4
SAG1,5/1/23 7:37,73.4
SAG1,5/1/23 7:52,73.4
SAG1,5/1/23 8:07,74.3
SAG1,5/1/23 8:22,75.2
SAG1,5/1/23 8:37,76.1
SAG1,5/1/23 8:52,76.1
SAG1,5/1/23 9:07,90.5
SAG1,5/1/23 9:22,102.2
SAG1,5/1/23 9:37,85.1
SAG1,5/1/23 9:52,83.3
SAG1,5/1/23 10:07,80.6
SAG1,5/1/23 10:22,78.8
SAG1,5/1/23 10:37,76.1
SAG1,5/1/23 10:52,74.3
SAG1,5/1/23 11:07,73.4
SAG1,5/1/23 11:22,72.5
SAG1,5/1/23 11:37,71.6
SAG1,5/1/23 11:52,71.6
SAG1,5/1/23 12:07,72.5
SAG1,5/1/23 12:22,72.5
SAG1,5/1/23 12:37,73.4
SAG1,5/1/23 12:52,74.3
SAG1,5/1/23 13:07,75.2
SAG1,5/1/23 13:22,75.2
SAG1,5/1/23 13:37,75.2
SAG1,5/1/23 13:52,77.9
SAG1,5/1/23 14:07,78.8
SAG1,5/1/23 14:22,80.6
SAG1,5/1/23 14:37,80.6
SAG1,5/1/23 14:52,80.6
SAG1,5/6/23 0:01,76.1
SAG1,5/6/23 0:16,76.1
SAG1,5/6/23 0:31,76.1
SAG1,5/6/23 0:46,76.1
SAG1,5/6/23 1:01,75.2
SAG1,5/6/23 1:16,75.2
SAG1,5/6/23 1:31,75.2
SAG1,5/6/23 1:46,75.2
SAG1,5/6/23 2:01,75.2
SAG1,5/6/23 2:16,75.2
SAG1,5/6/23 2:31,74.3
SAG1,5/6/23 2:46,74.3
SAG1,5/6/23 3:01,74.3
SAG1,5/6/23 3:16,74.3
SAG1,5/6/23 3:31,74.3
SAG1,5/6/23 3:46,74.3
SAG1,5/6/23 4:01,74.3
SAG1,5/6/23 4:16,73.4
SAG1,5/6/23 4:31,73.4
SAG1,5/6/23 4:46,73.4
SAG1,5/6/23 5:01,73.4
SAG1,5/6/23 5:16,73.4
SAG1,5/6/23 5:31,73.4
SAG1,5/6/23 5:46,73.4
SAG1,5/6/23 6:01,72.5
SAG1,5/6/23 6:16,73.4
SAG1,5/6/23 6:31,73.4
SAG1,5/6/23 6:46,74.3
SAG1,5/6/23 7:01,73.4
SAG1,5/6/23 7:16,73.4
SAG1,5/6/23 7:31,73.4
SAG1,5/6/23 7:46,73.4
SAG1,5/6/23 8:01,73.4
SAG1,5/6/23 8:16,73.4
SAG1,5/6/23 8:31,73.4
SAG1,5/6/23 8:46,73.4
SAG1,5/6/23 9:01,73.4
SAG1,5/6/23 9:16,73.4
SAG1,5/6/23 9:31,73.4
SAG1,5/6/23 9:46,73.4
SAG1,5/6/23 10:01,73.4
SAG1,5/6/23 10:16,73.4
SAG1,5/6/23 10:31,73.4
SAG1,5/6/23 10:46,73.4
SAG1,5/6/23 11:01,74.3
SAG1,5/6/23 11:16,74.3
SAG1,5/6/23 11:31,74.3
SAG1,5/6/23 11:46,74.3
SAG1,5/6/23 12:01,74.3
SAG1,5/6/23 12:16,74.3
SAG1,5/6/23 12:31,74.3
SAG1,5/6/23 12:46,75.2
SAG1,5/6/23 13:01,75.2
SAG1,5/6/23 13:16,75.2
SAG1,5/6/23 13:31,75.2
SAG1,5/6/23 13:46,75.2
SAG1,5/6/23 14:01,76.1
SAG1,5/6/23 14:16,76.1
SAG1,5/6/23 14:31,76.1
SAG1,5/6/23 14:46,76.1
SAG1,5/6/23 15:01,77
SAG1,5/6/23 15:16,77
SAG1,5/6/23 15:31,77
SAG1,5/6/23 15:46,77
SAG1,5/6/23 16:01,77
SAG1,5/6/23 16:16,77
SAG1,5/6/23 16:31,77.9
SAG1,5/6/23 16:46,77.9
SAG1,5/6/23 17:01,77.9
SAG1,5/6/23 17:16,77.9
SAG1,5/6/23 17:31,77.9
SAG1,5/6/23 17:46,77.9
SAG1,5/6/23 18:01,77.9
SAG1,5/6/23 18:16,78.8
SAG1,5/6/23 18:31,78.8
SAG1,5/6/23 18:46,78.8
SAG1,5/6/23 19:01,78.8
SAG1,5/6/23 19:16,78.8
SAG1,5/6/23 19:31,78.8
SAG1,5/6/23 19:46,77.9
SAG1,5/6/23 20:01,77.9
SAG1,5/6/23 20:16,77.9
SAG1,5/6/23 20:31,77.9
SAG1,5/6/23 20:46,77.9
SAG1,5/6/23 21:01,77.9
SAG1,5/6/23 21:16,77.9
SAG1,5/6/23 21:31,77.9
SAG1,5/6/23 21:46,77.9
SAG1,5/6/23 22:01,77.9
SAG1,5/6/23 22:16,77
SAG1,5/6/23 22:31,77
SAG1,5/6/23 22:46,77
SAG1,5/6/23 23:01,77
SAG1,5/6/23 23:16,77
SAG1,5/6/23 23:31,77
SAG1,5/6/23 23:46,76.1
SAG1,5/7/23 0:01,76.1
SAG1,5/7/23 0:16,76.1
SAG1,5/7/23 0:31,76.1
SAG1,5/7/23 0:46,76.1
SAG1,5/7/23 1:01,76.1
SAG1,5/7/23 1:16,76.1
SAG1,5/7/23 1:31,75.2
SAG1,5/7/23 1:46,75.2
SAG1,5/7/23 2:01,75.2
SAG1,5/7/23 2:16,75.2
SAG1,5/7/23 2:31,75.2
SAG1,5/7/23 2:46,75.2
SAG1,5/7/23 3:01,75.2
SAG1,5/7/23 3:16,74.3
SAG1,5/7/23 3:31,74.3
SAG1,5/7/23 3:46,74.3
SAG1,5/7/23 4:01,74.3
SAG1,5/7/23 4:16,74.3
SAG1,5/7/23 4:31,74.3
SAG1,5/7/23 4:46,73.4
SAG1,5/7/23 5:01,73.4
SAG1,5/7/23 5:16,73.4
SAG1,5/7/23 5:31,73.4
SAG1,5/7/23 5:46,73.4
SAG1,5/7/23 6:01,73.4
SAG1,5/7/23 6:16,73.4
SAG1,5/7/23 6:31,74.3
SAG1,5/7/23 6:46,74.3
SAG1,5/7/23 7:01,74.3
SAG1,5/7/23 7:16,74.3
SAG1,5/7/23 7:31,74.3
SAG1,5/7/23 7:46,73.4
SAG1,5/7/23 8:01,73.4
SAG1,5/7/23 8:16,73.4
SAG1,5/7/23 8:31,73.4
SAG1,5/7/23 8:46,73.4
SAG1,5/7/23 9:01,73.4
SAG1,5/7/23 9:16,73.4
SAG1,5/7/23 9:31,74.3
SAG1,5/7/23 9:46,74.3
SAG1,5/7/23 10:01,74.3
SAG1,5/7/23 10:16,74.3
SAG1,5/7/23 10:31,74.3
SAG1,5/7/23 10:46,74.3
SAG1,5/7/23 11:01,74.3
SAG1,5/7/23 11:16,74.3
SAG1,5/7/23 11:31,74.3
SAG1,5/7/23 11:46,75.2
SAG1,5/7/23 12:01,75.2
SAG1,5/7/23 12:16,75.2
SAG1,5/7/23 12:31,75.2
SAG1,5/7/23 12:46,75.2
SAG1,5/7/23 13:01,76.1
SAG1,5/7/23 13:16,76.1
SAG1,5/7/23 13:31,76.1
SAG1,5/7/23 13:46,76.1
SAG1,5/7/23 14:01,76.1
SAG1,5/7/23 14:16,77
SAG1,5/7/23 14:31,77
SAG1,5/7/23 14:46,77
SAG1,5/7/23 15:01,77
SAG1,5/7/23 15:16,77.9
SAG1,5/7/23 15:31,77.9
SAG1,5/7/23 15:46,77.9
SAG1,5/7/23 16:01,77.9
SAG1,5/7/23 16:16,77.9
SAG1,5/7/23 16:31,78.8
SAG1,5/7/23 16:46,78.8
SAG1,5/7/23 17:01,78.8
SAG1,5/7/23 17:16,78.8
SAG1,5/7/23 17:31,78.8
SAG1,5/7/23 17:46,78.8
SAG1,5/7/23 18:01,79.7
SAG1,5/7/23 18:16,79.7
SAG1,5/7/23 18:31,79.7
SAG1,5/7/23 18:46,79.7
SAG1,5/7/23 19:01,79.7
SAG1,5/7/23 19:16,79.7
SAG1,5/7/23 19:31,79.7
SAG1,5/7/23 19:46,79.7
SAG1,5/7/23 20:01,79.7
SAG1,5/7/23 20:16,78.8
SAG1,5/7/23 20:31,78.8
SAG1,5/7/23 20:46,78.8
SAG1,5/7/23 21:01,78.8
SAG1,5/7/23 21:16,78.8
SAG1,5/7/23 21:31,78.8
SAG1,5/7/23 21:46,78.8
SAG1,5/7/23 22:01,78.8
SAG1,5/7/23 22:16,77.9
SAG1,5/7/23 22:31,77.9
SAG1,5/7/23 22:46,77.9
SAG1,5/7/23 23:01,77.9
SAG1,5/7/23 23:16,77.9
SAG1,5/7/23 23:31,77.9
SAG1,5/7/23 23:46,77.9
SAG1,5/8/23 0:01,77
SAG1,5/8/23 0:16,77
SAG1,5/8/23 0:31,77
SAG1,5/8/23 0:46,77
SAG1,5/8/23 1:01,77
SAG1,5/8/23 1:16,77
SAG1,5/8/23 1:31,76.1
SAG1,5/8/23 1:46,76.1
SAG1,5/8/23 2:01,76.1
SAG1,5/8/23 2:16,76.1
SAG1,5/8/23 2:31,76.1
SAG1,5/8/23 2:46,76.1
SAG1,5/8/23 3:01,75.2
SAG1,5/8/23 3:16,75.2
SAG1,5/8/23 3:31,75.2
SAG1,5/8/23 3:46,75.2
SAG1,5/8/23 4:01,75.2
SAG1,5/8/23 4:16,75.2
SAG1,5/8/23 4:31,75.2
SAG1,5/8/23 4:46,74.3
SAG1,5/8/23 5:01,74.3
SAG1,5/8/23 5:16,74.3
SAG1,5/8/23 5:31,74.3
SAG1,5/8/23 5:46,74.3
SAG1,5/8/23 6:01,74.3
SAG1,5/8/23 6:16,74.3
SAG1,5/8/23 6:31,74.3
SAG1,5/8/23 6:46,75.2
SAG1,5/8/23 7:01,74.3
SAG1,5/8/23 7:16,74.3
SAG1,5/8/23 7:31,74.3
SAG1,5/8/23 7:46,74.3
SAG1,5/8/23 8:01,74.3
SAG1,5/8/23 8:16,74.3
SAG1,5/8/23 8:31,74.3
SAG1,5/8/23 8:46,74.3
SAG1,5/8/23 9:01,74.3
SAG1,5/8/23 9:16,74.3
SAG1,5/8/23 9:31,74.3
SAG1,5/8/23 9:46,75.2
SAG1,5/8/23 10:01,75.2
SAG1,5/8/23 10:16,91.4
SAG1,5/8/23 10:31,88.7
SAG1,5/8/23 10:46,70.7
SAG1,5/8/23 11:01,69.8
SAG1,5/8/23 11:16,69.8
SAG1,5/8/23 11:31,70.7
SAG1,5/8/23 11:46,70.7
SAG1,5/8/23 12:01,71.6
SAG1,5/8/23 12:16,72.5
SAG1,5/8/23 12:31,73.4
SAG1,5/8/23 12:46,73.4
SAG1,5/8/23 13:01,74.3
SAG1,5/8/23 13:16,75.2
SAG1,5/8/23 13:31,76.1
SAG1,5/8/23 13:46,76.1
SAG1,5/8/23 14:01,77
SAG1,5/8/23 14:16,77.9
SAG1,5/8/23 14:31,78.8
SAG1,5/8/23 14:46,78.8
SAG1,5/8/23 15:01,78.8
SAG1,5/8/23 15:16,79.7
SAG1,5/8/23 15:31,80.6
SAG1,5/8/23 15:46,81.5
SAG1,5/8/23 16:01,82.4
SAG1,5/8/23 16:16,83.3
SAG1,5/8/23 16:31,83.3
SAG1,5/8/23 16:46,83.3
SAG1,5/8/23 17:01,84.2
SAG1,5/8/23 17:16,84.2
SAG1,5/8/23 17:31,85.1
SAG1,5/8/23 17:46,85.1
SAG1,5/8/23 18:01,85.1
SAG1,5/8/23 18:16,85.1
SAG1,5/8/23 18:31,85.1
SAG1,5/8/23 18:46,86
SAG1,5/8/23 19:01,86
SAG1,5/8/23 19:16,86
SAG1,5/8/23 19:31,86
SAG1,5/8/23 19:46,86
SAG1,5/8/23 20:01,86
SAG1,5/8/23 20:16,86
SAG1,5/8/23 20:31,86
SAG1,5/8/23 20:46,86
SAG1,5/8/23 21:01,86
SAG1,5/8/23 21:16,86
SAG1,5/8/23 21:31,86
SAG1,5/8/23 21:46,85.1
SAG1,5/8/23 22:01,85.1
SAG1,5/8/23 22:16,85.1
SAG1,5/8/23 22:31,84.2
SAG1,5/8/23 22:46,84.2
SAG1,5/8/23 23:01,84.2
SAG1,5/8/23 23:16,83.3
SAG1,5/8/23 23:31,83.3
SAG1,5/8/23 23:46,83.3
SAG1,5/9/23 0:01,82.4
SAG1,5/9/23 0:16,82.4
SAG1,5/9/23 0:31,81.5
SAG1,5/9/23 0:46,81.5
SAG1,5/9/23 1:01,81.5
SAG1,5/9/23 1:16,80.6
SAG1,5/9/23 1:31,80.6
SAG1,5/9/23 1:46,79.7
SAG1,5/9/23 2:01,79.7
SAG1,5/9/23 2:16,78.8
SAG1,5/9/23 2:31,78.8
SAG1,5/9/23 2:46,77.9
SAG1,5/9/23 3:01,77.9
SAG1,5/9/23 3:16,77
SAG1,5/9/23 3:31,77
SAG1,5/9/23 3:46,76.1
SAG1,5/9/23 4:01,76.1
SAG1,5/9/23 4:16,75.2
SAG1,5/9/23 4:31,75.2
SAG1,5/9/23 4:46,74.3
SAG1,5/9/23 5:01,74.3
SAG1,5/9/23 5:16,73.4
SAG1,5/9/23 5:31,73.4
SAG1,5/9/23 5:46,72.5
SAG1,5/9/23 6:01,72.5
SAG1,5/9/23 6:16,71.6
SAG1,5/9/23 6:31,71.6
SAG1,5/9/23 6:46,71.6
SAG1,5/9/23 7:01,70.7
SAG1,5/9/23 7:16,70.7
SAG1,5/9/23 7:31,70.7
SAG1,5/9/23 7:46,69.8
SAG1,5/9/23 8:01,69.8
SAG1,5/9/23 8:16,69.8
SAG1,5/9/23 8:31,69.8
SAG1,5/9/23 8:46,69.8
SAG1,5/9/23 9:01,69.8
SAG1,5/9/23 9:16,69.8
SAG1,5/9/23 9:31,69.8
SAG1,5/9/23 9:46,70.7
SAG1,5/9/23 10:01,70.7
SAG1,5/9/23 10:16,70.7
SAG1,5/9/23 10:31,71.6
SAG1,5/9/23 10:46,71.6
SAG1,5/9/23 11:01,72.5
SAG1,5/9/23 11:16,73.4
SAG1,5/9/23 11:31,73.4
SAG1,5/9/23 11:46,74.3
SAG1,5/9/23 12:01,74.3
SAG1,5/9/23 12:16,75.2
SAG1,5/9/23 12:31,76.1
SAG1,5/9/23 12:46,76.1
SAG1,5/9/23 13:01,77
SAG1,5/9/23 13:16,77
SAG1,5/9/23 13:31,77.9
SAG1,5/9/23 13:46,78.8
SAG1,5/9/23 14:01,79.7
SAG1,5/9/23 14:16,79.7
SAG1,5/9/23 14:31,79.7
SAG1,5/9/23 14:46,81.5
SAG1,5/9/23 15:01,82.4
SAG1,5/9/23 15:16,82.4
SAG1,5/9/23 15:31,82.4
SAG1,5/9/23 15:46,83.3
SAG1,5/9/23 16:01,83.3
SAG1,5/9/23 16:16,85.1
SAG1,5/9/23 16:31,85.1
SAG1,5/9/23 16:46,86
SAG1,5/9/23 17:01,86
SAG1,5/9/23 17:16,86.9
SAG1,5/9/23 17:31,86.9
SAG1,5/9/23 17:46,86.9
SAG1,5/9/23 18:01,86.9
SAG1,5/9/23 18:16,86.9
SAG1,5/9/23 18:31,87.8
SAG1,5/9/23 18:46,87.8
SAG1,5/9/23 19:01,87.8
SAG1,5/9/23 19:16,87.8
SAG1,5/9/23 19:31,87.8
SAG1,5/9/23 19:46,87.8
SAG1,5/9/23 20:01,87.8
SAG1,5/9/23 20:16,86.9
SAG1,5/9/23 20:31,86.9
SAG1,5/9/23 20:46,86.9
SAG1,5/9/23 21:01,86.9
SAG1,5/9/23 21:16,86.9
SAG1,5/9/23 21:31,86.9
SAG1,5/9/23 21:46,86.9
SAG1,5/9/23 22:01,86.9
SAG1,5/9/23 22:16,86
SAG1,5/9/23 22:31,86
SAG1,5/9/23 22:46,86
SAG1,5/9/23 23:01,85.1
SAG1,5/9/23 23:16,85.1
SAG1,5/9/23 23:31,84.2
SAG1,5/9/23 23:46,83.3
SAG1,5/10/23 0:01,83.3
SAG1,5/10/23 0:16,82.4
SAG1,5/10/23 0:31,82.4
SAG1,5/10/23 0:46,81.5
SAG1,5/10/23 1:01,81.5
SAG1,5/10/23 1:16,81.5
SAG1,5/10/23 1:31,80.6
SAG1,5/10/23 1:46,80.6
SAG1,5/10/23 2:01,79.7
SAG1,5/10/23 2:16,79.7
SAG1,5/10/23 2:31,79.7
SAG1,5/10/23 2:46,78.8
SAG1,5/10/23 3:01,78.8
SAG1,5/10/23 3:16,77.9
SAG1,5/10/23 3:31,77.9
SAG1,5/10/23 3:46,77
SAG1,5/10/23 4:01,77
SAG1,5/10/23 4:16,76.1
SAG1,5/10/23 4:31,76.1
SAG1,5/10/23 4:46,76.1
SAG1,5/10/23 5:01,75.2
SAG1,5/10/23 5:16,75.2
SAG1,5/10/23 5:31,74.3
SAG1,5/10/23 5:46,74.3
SAG1,5/10/23 6:01,74.3
SAG1,5/10/23 6:16,73.4
SAG1,5/10/23 6:31,72.5
SAG1,5/10/23 6:46,72.5
SAG1,5/10/23 7:01,72.5
SAG1,5/10/23 7:16,71.6
SAG1,5/10/23 7:31,71.6
SAG1,5/10/23 7:46,71.6
SAG1,5/10/23 8:01,71.6
SAG1,5/10/23 8:16,71.6
SAG1,5/10/23 8:31,71.6
SAG1,5/10/23 8:46,71.6
SAG1,5/10/23 9:01,71.6
SAG1,5/10/23 9:16,71.6
SAG1,5/10/23 9:31,71.6
SAG1,5/10/23 9:46,71.6
SAG1,5/10/23 10:01,71.6
SAG1,5/10/23 10:16,71.6
SAG1,5/10/23 10:31,72.5
SAG1,5/10/23 10:46,72.5
SAG1,5/10/23 11:01,72.5
SAG1,5/10/23 11:16,72.5
SAG1,5/10/23 11:31,73.4
SAG1,5/10/23 11:46,73.4
SAG1,5/10/23 12:01,73.4
SAG1,5/10/23 12:16,74.3
SAG1,5/10/23 12:31,74.3
SAG1,5/10/23 12:46,74.3
SAG1,5/10/23 13:01,74.3
SAG1,5/10/23 13:16,75.2
SAG1,5/10/23 13:31,75.2
SAG1,5/10/23 13:46,75.2
SAG1,5/10/23 14:01,76.1
SAG1,5/10/23 14:16,76.1
SAG1,5/10/23 14:31,76.1
SAG1,5/10/23 14:46,77
SAG1,5/10/23 15:01,77
SAG1,5/10/23 15:16,77
SAG1,5/10/23 15:31,77
SAG1,5/10/23 15:46,77.9
SAG1,5/10/23 16:01,77.9
SAG1,5/10/23 16:16,77.9
SAG1,5/10/23 16:31,77.9
SAG1,5/10/23 16:46,78.8
SAG1,5/10/23 17:01,78.8
SAG1,5/10/23 17:16,78.8
SAG1,5/10/23 17:31,78.8
SAG1,5/10/23 17:46,78.8
SAG1,5/10/23 18:01,78.8
SAG1,5/10/23 18:16,78.8
SAG1,5/10/23 18:31,78.8
SAG1,5/10/23 18:46,78.8
SAG1,5/10/23 19:01,78.8
SAG1,5/10/23 19:16,78.8
SAG1,5/10/23 19:31,78.8
SAG1,5/10/23 19:46,78.8
SAG1,5/10/23 20:01,77.9
SAG1,5/10/23 20:16,77.9
SAG1,5/10/23 20:31,77.9
SAG1,5/10/23 20:46,77.9
SAG1,5/10/23 21:01,77
SAG1,5/10/23 21:16,77
SAG1,5/10/23 21:31,76.1
SAG1,5/10/23 21:46,76.1
SAG1,5/10/23 22:01,76.1
SAG1,5/10/23 22:16,76.1
SAG1,5/10/23 22:31,75.2
SAG1,5/10/23 22:46,75.2
SAG1,5/10/23 23:01,75.2
SAG1,5/10/23 23:16,74.3
SAG1,5/10/23 23:31,74.3
SAG1,5/10/23 23:46,74.3
SAG1,5/11/23 0:01,73.4
SAG1,5/11/23 0:16,73.4
SAG1,5/11/23 0:31,72.5
SAG1,5/11/23 0:46,72.5
SAG1,5/11/23 1:01,71.6
SAG1,5/11/23 1:16,71.6
SAG1,5/11/23 1:31,70.7
SAG1,5/11/23 1:46,70.7
SAG1,5/11/23 2:01,69.8
SAG1,5/11/23 2:16,69.8
SAG1,5/11/23 2:31,69.8
SAG1,5/11/23 2:46,68.9
SAG1,5/11/23 3:01,68.9
SAG1,5/11/23 3:16,68
SAG1,5/11/23 3:31,68
SAG1,5/11/23 3:46,67.1
SAG1,5/11/23 4:01,67.1
SAG1,5/11/23 4:16,66.2
SAG1,5/11/23 4:31,66.2
SAG1,5/11/23 4:46,65.3
SAG1,5/11/23 5:01,65.3
SAG1,5/11/23 5:16,64.4
SAG1,5/11/23 5:31,64.4
SAG1,5/11/23 5:46,64.4
SAG1,5/11/23 6:01,63.5
SAG1,5/11/23 6:16,63.5
SAG1,5/11/23 6:31,63.5
SAG1,5/11/23 6:46,62.6
SAG1,5/11/23 7:01,62.6
SAG1,5/11/23 7:16,62.6
SAG1,5/11/23 7:31,61.7
SAG1,5/11/23 7:46,61.7
SAG1,5/11/23 8:01,61.7
SAG1,5/11/23 8:16,61.7
SAG1,5/11/23 8:31,61.7
SAG1,5/11/23 8:46,61.7
SAG1,5/11/23 9:01,61.7
SAG1,5/11/23 9:16,62.6
SAG1,5/11/23 9:31,62.6
SAG1,5/11/23 9:46,62.6
SAG1,5/11/23 10:01,62.6
SAG1,5/11/23 10:16,63.5
SAG1,5/11/23 10:31,63.5
SAG1,5/11/23 10:46,64.4
SAG1,5/11/23 11:01,65.3
SAG1,5/11/23 11:16,65.3
SAG1,5/11/23 11:31,66.2
SAG1,5/11/23 11:46,66.2
SAG1,5/11/23 12:01,68
SAG1,5/11/23 12:16,68
SAG1,5/11/23 12:31,68.9
SAG1,5/11/23 12:46,68.9
SAG1,5/11/23 13:01,69.8
SAG1,5/11/23 13:16,69.8
SAG1,5/11/23 13:31,71.6
SAG1,5/11/23 13:46,71.6
SAG1,5/11/23 14:01,72.5
SAG1,5/11/23 14:16,73.4
SAG1,5/11/23 14:31,74.3
SAG1,5/11/23 14:46,74.3
SAG1,5/11/23 15:01,74.3
SAG1,5/11/23 15:16,75.2
SAG1,5/11/23 15:31,75.2
SAG1,5/11/23 15:46,76.1
SAG1,5/11/23 16:01,77
SAG1,5/11/23 16:16,76.1
SAG1,5/11/23 16:31,77
SAG1,5/11/23 16:46,77.9
SAG1,5/11/23 17:01,77.9
SAG1,5/11/23 17:16,77.9
SAG1,5/11/23 17:31,78.8
SAG1,5/11/23 17:46,79.7
SAG1,5/11/23 18:01,79.7
SAG1,5/11/23 18:16,80.6
SAG1,5/11/23 18:31,80.6
SAG1,5/11/23 18:46,80.6
SAG1,5/11/23 19:01,80.6
SAG1,5/11/23 19:16,80.6
SAG1,5/11/23 19:31,80.6
SAG1,5/11/23 19:46,80.6
SAG1,5/11/23 20:01,80.6
SAG1,5/11/23 20:16,80.6
SAG1,5/11/23 20:31,80.6
SAG1,5/11/23 20:46,80.6
SAG1,5/11/23 21:01,80.6
SAG1,5/11/23 21:16,80.6
SAG1,5/11/23 21:31,80.6
SAG1,5/11/23 21:46,79.7
SAG1,5/11/23 22:01,79.7
SAG1,5/11/23 22:16,79.7
SAG1,5/11/23 22:31,79.7
SAG1,5/11/23 22:46,78.8
SAG1,5/11/23 23:01,78.8
SAG1,5/11/23 23:16,78.8
SAG1,5/11/23 23:31,77.9
SAG1,5/11/23 23:46,77.9
SAG2,4/18/23 16:08,85.1
SAG2,4/18/23 16:23,80.6
SAG2,4/18/23 16:38,80.6
SAG2,4/18/23 16:53,76.1
SAG2,4/18/23 17:08,76.1
SAG2,4/18/23 17:23,75.2
SAG2,4/18/23 17:38,79.7
SAG2,4/18/23 17:53,81.5
SAG2,4/18/23 18:08,81.5
SAG2,4/18/23 18:23,79.7
SAG2,4/18/23 18:38,79.7
SAG2,4/18/23 18:53,78.8
SAG2,4/18/23 19:08,77.9
SAG2,4/18/23 19:23,77
SAG2,4/18/23 19:38,77
SAG2,4/18/23 19:53,76.1
SAG2,4/18/23 20:08,76.1
SAG2,4/18/23 20:23,76.1
SAG2,4/18/23 20:38,76.1
SAG2,4/18/23 20:53,76.1
SAG2,4/18/23 21:08,76.1
SAG2,4/18/23 21:23,76.1
SAG2,4/18/23 21:38,77
SAG2,4/18/23 21:53,76.1
SAG2,4/18/23 22:08,76.1
SAG2,4/18/23 22:23,76.1
SAG2,4/18/23 22:38,76.1
SAG2,4/18/23 22:53,76.1
SAG2,4/18/23 23:08,76.1
SAG2,4/18/23 23:23,76.1
SAG2,4/18/23 23:38,76.1
SAG2,4/18/23 23:53,75.2
SAG2,4/19/23 0:08,75.2
SAG2,4/19/23 0:23,75.2
SAG2,4/19/23 0:38,75.2
SAG2,4/19/23 0:53,75.2
SAG2,4/19/23 1:08,75.2
SAG2,4/19/23 1:23,75.2
SAG2,4/19/23 1:38,75.2
SAG2,4/19/23 1:53,75.2
SAG2,4/19/23 2:08,75.2
SAG2,4/19/23 2:23,74.3
SAG2,4/19/23 2:38,74.3
SAG2,4/19/23 2:53,74.3
SAG2,4/19/23 3:08,74.3
SAG2,4/19/23 3:23,74.3
SAG2,4/19/23 3:38,73.4
SAG2,4/19/23 3:53,73.4
SAG2,4/19/23 4:08,73.4
SAG2,4/19/23 4:23,73.4
SAG2,4/19/23 4:38,73.4
SAG2,4/19/23 4:53,72.5
SAG2,4/19/23 5:08,72.5
SAG2,4/19/23 5:23,72.5
SAG2,4/19/23 5:38,72.5
SAG2,4/19/23 5:53,72.5
SAG2,4/19/23 6:08,71.6
SAG2,4/19/23 6:23,71.6
SAG2,4/19/23 6:38,71.6
SAG2,4/19/23 6:53,71.6
SAG2,4/19/23 7:08,71.6
SAG2,4/19/23 7:23,70.7
SAG2,4/19/23 7:38,70.7
SAG2,4/19/23 7:53,70.7
SAG2,4/19/23 8:08,70.7
SAG2,4/19/23 8:23,70.7
SAG2,4/19/23 8:38,70.7
SAG2,4/19/23 8:53,69.8
SAG2,4/19/23 9:08,71.6
SAG2,4/19/23 9:23,76.1
SAG2,4/19/23 9:38,78.8
SAG2,4/19/23 9:53,84.2
SAG2,4/19/23 10:08,91.4
SAG2,4/19/23 10:23,86.9
SAG2,4/19/23 10:38,87.8
SAG2,4/19/23 10:53,89.6
SAG2,4/19/23 11:08,91.4
SAG2,4/19/23 11:23,93.2
SAG2,4/19/23 11:38,95
SAG2,4/19/23 11:53,95.9
SAG2,4/19/23 12:08,97.7
SAG2,4/19/23 12:23,98.6
SAG2,4/19/23 12:38,98.6
SAG2,4/19/23 12:53,100.4
SAG2,4/19/23 13:08,101.3
SAG2,4/19/23 13:23,102.2
SAG2,4/19/23 13:38,102.2
SAG2,4/19/23 13:53,103.1
SAG2,4/19/23 14:08,104
SAG2,4/19/23 14:23,99.5
SAG2,4/19/23 14:38,95.9
SAG2,4/19/23 14:53,92.3
SAG2,4/19/23 15:08,90.5
SAG2,4/19/23 15:23,88.7
SAG2,4/19/23 15:38,91.4
SAG2,4/19/23 15:53,91.4
SAG2,4/19/23 16:08,89.6
SAG2,4/19/23 16:23,89.6
SAG2,4/19/23 16:38,86
SAG2,4/19/23 16:53,81.5
SAG2,4/19/23 17:08,80.6
SAG2,4/19/23 17:23,79.7
SAG2,4/19/23 17:38,79.7
SAG2,4/19/23 17:53,79.7
SAG2,4/19/23 18:08,79.7
SAG2,4/19/23 18:23,79.7
SAG2,4/19/23 18:38,79.7
SAG2,4/19/23 18:53,79.7
SAG2,4/19/23 19:08,79.7
SAG2,4/19/23 19:23,78.8
SAG2,4/19/23 19:38,78.8
SAG2,4/19/23 19:53,78.8
SAG2,4/19/23 20:08,78.8
SAG2,4/19/23 20:23,77.9
SAG2,4/19/23 20:38,77.9
SAG2,4/19/23 20:53,77.9
SAG2,4/19/23 21:08,77
SAG2,4/19/23 21:23,77
SAG2,4/19/23 21:38,76.1
SAG2,4/19/23 21:53,76.1
SAG2,4/19/23 22:08,76.1
SAG2,4/19/23 22:23,75.2
SAG2,4/19/23 22:38,75.2
SAG2,4/19/23 22:53,74.3
SAG2,4/19/23 23:08,74.3
SAG2,4/19/23 23:23,74.3
SAG2,4/19/23 23:38,73.4
SAG2,4/19/23 23:53,73.4
SAG2,4/20/23 0:08,72.5
SAG2,4/20/23 0:23,72.5
SAG2,4/20/23 0:38,71.6
SAG2,4/20/23 0:53,71.6
SAG2,4/20/23 1:08,71.6
SAG2,4/20/23 1:23,70.7
SAG2,4/20/23 1:38,70.7
SAG2,4/20/23 1:53,69.8
SAG2,4/20/23 2:08,69.8
SAG2,4/20/23 2:23,68.9
SAG2,4/20/23 2:38,68.9
SAG2,4/20/23 2:53,68
SAG2,4/20/23 3:08,68
SAG2,4/20/23 3:23,67.1
SAG2,4/20/23 3:38,67.1
SAG2,4/20/23 3:53,66.2
SAG2,4/20/23 4:08,66.2
SAG2,4/20/23 4:23,66.2
SAG2,4/20/23 4:38,65.3
SAG2,4/20/23 4:53,65.3
SAG2,4/20/23 5:08,64.4
SAG2,4/20/23 5:23,63.5
SAG2,4/20/23 5:38,63.5
SAG2,4/20/23 5:53,62.6
SAG2,4/20/23 6:08,62.6
SAG2,4/20/23 6:23,62.6
SAG2,4/20/23 6:38,61.7
SAG2,4/20/23 6:53,61.7
SAG2,4/20/23 7:08,60.8
SAG2,4/20/23 7:23,60.8
SAG2,4/20/23 7:38,60.8
SAG2,4/20/23 7:53,60.8
SAG2,4/20/23 8:08,60.8
SAG2,4/20/23 8:23,60.8
SAG2,4/20/23 8:38,60.8
SAG2,4/20/23 8:53,60.8
SAG2,4/20/23 9:08,60.8
SAG2,4/20/23 9:23,60.8
SAG2,4/20/23 9:38,61.7
SAG2,4/20/23 9:53,61.7
SAG2,4/20/23 10:08,61.7
SAG2,4/20/23 10:23,62.6
SAG2,4/20/23 10:38,63.5
SAG2,4/20/23 10:53,63.5
SAG2,4/20/23 11:08,64.4
SAG2,4/20/23 11:23,65.3
SAG2,4/20/23 11:38,65.3
SAG2,4/20/23 11:53,66.2
SAG2,4/20/23 12:08,67.1
SAG2,4/20/23 12:23,68
SAG2,4/20/23 12:38,68.9
SAG2,4/20/23 12:53,69.8
SAG2,4/20/23 13:08,70.7
SAG2,4/20/23 13:23,70.7
SAG2,4/20/23 13:38,71.6
SAG2,4/20/23 13:53,72.5
SAG2,4/20/23 14:08,72.5
SAG2,4/20/23 14:23,73.4
SAG2,4/20/23 14:38,73.4
SAG2,4/20/23 14:53,74.3
SAG2,4/20/23 15:08,74.3
SAG2,4/20/23 15:23,75.2
SAG2,4/20/23 15:38,75.2
SAG2,4/20/23 15:53,76.1
SAG2,4/20/23 16:08,76.1
SAG2,4/20/23 16:23,77
SAG2,4/20/23 16:38,77
SAG2,4/20/23 16:53,77.9
SAG2,4/20/23 17:08,77.9
SAG2,4/20/23 17:23,77.9
SAG2,4/20/23 17:38,78.8
SAG2,4/20/23 17:53,78.8
SAG2,4/20/23 18:08,78.8
SAG2,4/20/23 18:23,78.8
SAG2,4/20/23 18:38,78.8
SAG2,4/20/23 18:53,78.8
SAG2,4/20/23 19:08,78.8
SAG2,4/20/23 19:23,78.8
SAG2,4/20/23 19:38,78.8
SAG2,4/20/23 19:53,78.8
SAG2,4/20/23 20:08,77.9
SAG2,4/20/23 20:23,77.9
SAG2,4/20/23 20:38,77.9
SAG2,4/20/23 20:53,77.9
SAG2,4/20/23 21:08,77
SAG2,4/20/23 21:23,77
SAG2,4/20/23 21:38,77
SAG2,4/20/23 21:53,76.1
SAG2,4/20/23 22:08,76.1
SAG2,4/20/23 22:23,75.2
SAG2,4/20/23 22:38,75.2
SAG2,4/20/23 22:53,74.3
SAG2,4/20/23 23:08,74.3
SAG2,4/20/23 23:23,73.4
SAG2,4/20/23 23:38,73.4
SAG2,4/20/23 23:53,73.4
SAG2,4/21/23 0:08,72.5
SAG2,4/21/23 0:23,72.5
SAG2,4/21/23 0:38,71.6
SAG2,4/21/23 0:53,71.6
SAG2,4/21/23 1:08,70.7
SAG2,4/21/23 1:23,70.7
SAG2,4/21/23 1:38,69.8
SAG2,4/21/23 1:53,69.8
SAG2,4/21/23 2:08,68.9
SAG2,4/21/23 2:23,68.9
SAG2,4/21/23 2:38,68
SAG2,4/21/23 2:53,68
SAG2,4/21/23 3:08,67.1
SAG2,4/21/23 3:23,67.1
SAG2,4/21/23 3:38,66.2
SAG2,4/21/23 3:53,66.2
SAG2,4/21/23 4:08,65.3
SAG2,4/21/23 4:23,65.3
SAG2,4/21/23 4:38,64.4
SAG2,4/21/23 4:53,64.4
SAG2,4/21/23 5:08,64.4
SAG2,4/21/23 5:23,63.5
SAG2,4/21/23 5:38,63.5
SAG2,4/21/23 5:53,62.6
SAG2,4/21/23 6:08,62.6
SAG2,4/21/23 6:23,62.6
SAG2,4/21/23 6:38,61.7
SAG2,4/21/23 6:53,61.7
SAG2,4/21/23 7:08,61.7
SAG2,4/21/23 7:23,60.8
SAG2,4/21/23 7:38,60.8
SAG2,4/21/23 7:53,60.8
SAG2,4/21/23 8:08,60.8
SAG2,4/21/23 8:23,60.8
SAG2,4/21/23 8:38,60.8
SAG2,4/21/23 8:53,61.7
SAG2,4/21/23 9:08,61.7
SAG2,4/21/23 9:23,61.7
SAG2,4/21/23 9:38,62.6
SAG2,4/21/23 9:53,62.6
SAG2,4/21/23 10:08,63.5
SAG2,4/21/23 10:23,63.5
SAG2,4/21/23 10:38,64.4
SAG2,4/21/23 10:53,64.4
SAG2,4/21/23 11:08,65.3
SAG2,4/21/23 11:23,66.2
SAG2,4/21/23 11:38,67.1
SAG2,4/21/23 11:53,67.1
SAG2,4/21/23 12:08,68
SAG2,4/21/23 12:23,68.9
SAG2,4/21/23 12:38,69.8
SAG2,4/21/23 12:53,70.7
SAG2,4/21/23 13:08,70.7
SAG2,4/21/23 13:23,72.5
SAG2,4/21/23 13:38,73.4
SAG2,4/21/23 13:53,74.3
SAG2,4/21/23 14:08,75.2
SAG2,4/21/23 14:23,76.1
SAG2,4/21/23 14:38,76.1
SAG2,4/21/23 14:53,77
SAG2,4/21/23 15:08,77
SAG2,4/21/23 15:23,78.8
SAG2,4/21/23 15:38,78.8
SAG2,4/21/23 15:53,79.7
SAG2,4/21/23 16:08,79.7
SAG2,4/21/23 16:23,80.6
SAG2,4/21/23 16:38,80.6
SAG2,4/21/23 16:53,81.5
SAG2,4/21/23 17:08,82.4
SAG2,4/21/23 17:23,82.4
SAG2,4/21/23 17:38,82.4
SAG2,4/21/23 17:53,83.3
SAG2,4/21/23 18:08,83.3
SAG2,4/21/23 18:23,83.3
SAG2,4/21/23 18:38,83.3
SAG2,4/21/23 18:53,83.3
SAG2,4/21/23 19:08,83.3
SAG2,4/21/23 19:23,83.3
SAG2,4/21/23 19:38,83.3
SAG2,4/21/23 19:53,83.3
SAG2,4/21/23 20:08,82.4
SAG2,4/21/23 20:23,82.4
SAG2,4/21/23 20:38,82.4
SAG2,4/21/23 20:53,82.4
SAG2,4/21/23 21:08,82.4
SAG2,4/21/23 21:23,81.5
SAG2,4/21/23 21:38,81.5
SAG2,4/21/23 21:53,81.5
SAG2,4/21/23 22:08,80.6
SAG2,4/21/23 22:23,80.6
SAG2,4/21/23 22:38,79.7
SAG2,4/21/23 22:53,79.7
SAG2,4/21/23 23:08,78.8
SAG2,4/21/23 23:23,78.8
SAG2,4/21/23 23:38,77.9
SAG2,4/21/23 23:53,77.9
SAG2,4/22/23 0:08,77.9
SAG2,4/22/23 0:23,77
SAG2,4/22/23 0:38,77
SAG2,4/22/23 0:53,76.1
SAG2,4/22/23 1:08,76.1
SAG2,4/22/23 1:23,75.2
SAG2,4/22/23 1:38,75.2
SAG2,4/22/23 1:53,74.3
SAG2,4/22/23 2:08,74.3
SAG2,4/22/23 2:23,73.4
SAG2,4/22/23 2:38,72.5
SAG2,4/22/23 2:53,72.5
SAG2,4/22/23 3:08,71.6
SAG2,4/22/23 3:23,71.6
SAG2,4/22/23 3:38,70.7
SAG2,4/22/23 3:53,70.7
SAG2,4/22/23 4:08,69.8
SAG2,4/22/23 4:23,69.8
SAG2,4/22/23 4:38,68.9
SAG2,4/22/23 4:53,68.9
SAG2,4/22/23 5:08,68
SAG2,4/22/23 5:23,68
SAG2,4/22/23 5:38,67.1
SAG2,4/22/23 5:53,67.1
SAG2,4/22/23 6:08,67.1
SAG2,4/22/23 6:23,66.2
SAG2,4/22/23 6:38,66.2
SAG2,4/22/23 6:53,65.3
SAG2,4/22/23 7:08,65.3
SAG2,4/22/23 7:23,65.3
SAG2,4/22/23 7:38,65.3
SAG2,4/22/23 7:53,65.3
SAG2,4/22/23 8:08,65.3
SAG2,4/22/23 8:23,64.4
SAG2,4/22/23 8:38,65.3
SAG2,4/22/23 8:53,65.3
SAG2,4/22/23 9:08,65.3
SAG2,4/22/23 9:23,66.2
SAG2,4/22/23 9:38,66.2
SAG2,4/22/23 9:53,66.2
SAG2,4/22/23 10:08,67.1
SAG2,4/22/23 10:23,67.1
SAG2,4/22/23 10:38,68
SAG2,4/22/23 10:53,68.9
SAG2,4/22/23 11:08,69.8
SAG2,4/22/23 11:23,70.7
SAG2,4/22/23 11:38,70.7
SAG2,4/22/23 11:53,71.6
SAG2,4/22/23 12:08,72.5
SAG2,4/22/23 12:23,73.4
SAG2,4/22/23 12:38,73.4
SAG2,4/22/23 12:53,74.3
SAG2,4/22/23 13:08,75.2
SAG2,4/22/23 13:23,76.1
SAG2,4/22/23 13:38,77
SAG2,4/22/23 13:53,77.9
SAG2,4/22/23 14:08,77.9
SAG2,4/22/23 14:23,78.8
SAG2,4/22/23 14:38,79.7
SAG2,4/22/23 14:53,79.7
SAG2,4/22/23 15:08,80.6
SAG2,4/22/23 15:23,81.5
SAG2,4/22/23 15:38,81.5
SAG2,4/22/23 15:53,82.4
SAG2,4/22/23 16:08,82.4
SAG2,4/22/23 16:23,83.3
SAG2,4/22/23 16:38,83.3
SAG2,4/22/23 16:53,84.2
SAG2,4/22/23 17:08,84.2
SAG2,4/22/23 17:23,84.2
SAG2,4/22/23 17:38,85.1
SAG2,4/22/23 17:53,85.1
SAG2,4/22/23 18:08,85.1
SAG2,4/22/23 18:23,86
SAG2,4/22/23 18:38,86
SAG2,4/22/23 18:53,85.1
SAG2,4/22/23 19:08,85.1
SAG2,4/22/23 19:23,85.1
SAG2,4/22/23 19:38,85.1
SAG2,4/22/23 19:53,85.1
SAG2,4/22/23 20:08,85.1
SAG2,4/22/23 20:23,85.1
SAG2,4/22/23 20:38,85.1
SAG2,4/22/23 20:53,84.2
SAG2,4/22/23 21:08,84.2
SAG2,4/22/23 21:23,84.2
SAG2,4/22/23 21:38,84.2
SAG2,4/22/23 21:53,83.3
SAG2,4/22/23 22:08,83.3
SAG2,4/22/23 22:23,82.4
SAG2,4/22/23 22:38,82.4
SAG2,4/22/23 22:53,82.4
SAG2,4/22/23 23:08,81.5
SAG2,4/22/23 23:23,81.5
SAG2,4/22/23 23:38,80.6
SAG2,4/22/23 23:53,79.7
SAG2,4/23/23 0:08,79.7
SAG2,4/23/23 0:23,79.7
SAG2,4/23/23 0:38,78.8
SAG2,4/23/23 0:53,78.8
SAG2,4/23/23 1:08,77.9
SAG2,4/23/23 1:23,77.9
SAG2,4/23/23 1:38,77
SAG2,4/23/23 1:53,77
SAG2,4/23/23 2:08,76.1
SAG2,4/23/23 2:23,76.1
SAG2,4/23/23 2:38,75.2
SAG2,4/23/23 2:53,75.2
SAG2,4/23/23 3:08,75.2
SAG2,4/23/23 3:23,74.3
SAG2,4/23/23 3:38,74.3
SAG2,4/23/23 3:53,73.4
SAG2,4/23/23 4:08,73.4
SAG2,4/23/23 4:23,72.5
SAG2,4/23/23 4:38,72.5
SAG2,4/23/23 4:53,71.6
SAG2,4/23/23 5:08,71.6
SAG2,4/23/23 5:23,71.6
SAG2,4/23/23 5:38,70.7
SAG2,4/23/23 5:53,70.7
SAG2,4/23/23 6:08,69.8
SAG2,4/23/23 6:23,69.8
SAG2,4/23/23 6:38,69.8
SAG2,4/23/23 6:53,68.9
SAG2,4/23/23 7:08,68.9
SAG2,4/23/23 7:23,68.9
SAG2,4/23/23 7:38,68.9
SAG2,4/23/23 7:53,68.9
SAG2,4/23/23 8:08,68.9
SAG2,4/23/23 8:23,68.9
SAG2,4/23/23 8:38,68.9
SAG2,4/23/23 8:53,68.9
SAG2,4/23/23 9:08,68.9
SAG2,4/23/23 9:23,69.8
SAG2,4/23/23 9:38,69.8
SAG2,4/23/23 9:53,69.8
SAG2,4/23/23 10:08,70.7
SAG2,4/23/23 10:23,71.6
SAG2,4/23/23 10:38,71.6
SAG2,4/23/23 10:53,72.5
SAG2,4/23/23 11:08,72.5
SAG2,4/23/23 11:23,73.4
SAG2,4/23/23 11:38,74.3
SAG2,4/23/23 11:53,74.3
SAG2,4/23/23 12:08,75.2
SAG2,4/23/23 12:23,76.1
SAG2,4/23/23 12:38,77
SAG2,4/23/23 12:53,77.9
SAG2,4/23/23 13:08,77.9
SAG2,4/23/23 13:23,78.8
SAG2,4/23/23 13:38,79.7
SAG2,4/23/23 13:53,79.7
SAG2,4/23/23 14:08,80.6
SAG2,4/23/23 14:23,81.5
SAG2,4/23/23 14:38,81.5
SAG2,4/23/23 14:53,82.4
SAG2,4/23/23 15:08,82.4
SAG2,4/23/23 15:23,83.3
SAG2,4/23/23 15:38,84.2
SAG2,4/23/23 15:53,84.2
SAG2,4/23/23 16:08,85.1
SAG2,4/23/23 16:23,86
SAG2,4/23/23 16:38,86
SAG2,4/23/23 16:53,86.9
SAG2,4/23/23 17:08,86.9
SAG2,4/23/23 17:23,87.8
SAG2,4/23/23 17:38,87.8
SAG2,4/23/23 17:53,88.7
SAG2,4/23/23 18:08,88.7
SAG2,4/23/23 18:23,88.7
SAG2,4/23/23 18:38,88.7
SAG2,4/23/23 18:53,88.7
SAG2,4/23/23 19:08,88.7
SAG2,4/23/23 19:23,88.7
SAG2,4/23/23 19:38,88.7
SAG2,4/23/23 19:53,88.7
SAG2,4/23/23 20:08,88.7
SAG2,4/23/23 20:23,88.7
SAG2,4/23/23 20:38,88.7
SAG2,4/23/23 20:53,88.7
SAG2,4/23/23 21:08,87.8
SAG2,4/23/23 21:23,87.8
SAG2,4/23/23 21:38,86.9
SAG2,4/23/23 21:53,86.9
SAG2,4/23/23 22:08,86.9
SAG2,4/23/23 22:23,86
SAG2,4/23/23 22:38,86
SAG2,4/23/23 22:53,86
SAG2,4/23/23 23:08,85.1
SAG2,4/23/23 23:23,85.1
SAG2,4/23/23 23:38,84.2
SAG2,4/23/23 23:53,84.2
SAG2,4/24/23 0:08,83.3
SAG2,4/24/23 0:23,83.3
SAG2,4/24/23 0:38,83.3
SAG2,4/24/23 0:53,82.4
SAG2,4/24/23 1:08,81.5
SAG2,4/24/23 1:23,81.5
SAG2,4/24/23 1:38,80.6
SAG2,4/24/23 1:53,80.6
SAG2,4/24/23 2:08,80.6
SAG2,4/24/23 2:23,79.7
SAG2,4/24/23 2:38,79.7
SAG2,4/24/23 2:53,78.8
SAG2,4/24/23 3:08,78.8
SAG2,4/24/23 3:23,77.9
SAG2,4/24/23 3:38,77.9
SAG2,4/24/23 3:53,77.9
SAG2,4/24/23 4:08,77
SAG2,4/24/23 4:23,77
SAG2,4/24/23 4:38,76.1
SAG2,4/24/23 4:53,76.1
SAG2,4/24/23 5:08,75.2
SAG2,4/24/23 5:23,75.2
SAG2,4/24/23 5:38,74.3
SAG2,4/24/23 5:53,74.3
SAG2,4/24/23 6:08,73.4
SAG2,4/24/23 6:23,73.4
SAG2,4/24/23 6:38,72.5
SAG2,4/24/23 6:53,72.5
SAG2,4/24/23 7:08,72.5
SAG2,4/24/23 7:23,72.5
SAG2,4/24/23 7:38,71.6
SAG2,4/24/23 7:53,71.6
SAG2,4/24/23 8:08,71.6
SAG2,4/24/23 8:23,71.6
SAG2,4/24/23 8:38,71.6
SAG2,4/24/23 8:53,71.6
SAG2,4/24/23 9:08,71.6
SAG2,4/24/23 9:23,72.5
SAG2,4/24/23 9:38,72.5
SAG2,4/24/23 9:53,72.5
SAG2,4/24/23 10:08,73.4
SAG2,4/24/23 10:23,73.4
SAG2,4/24/23 10:38,73.4
SAG2,4/24/23 10:53,74.3
SAG2,4/24/23 11:08,74.3
SAG2,4/24/23 11:23,75.2
SAG2,4/24/23 11:38,76.1
SAG2,4/24/23 11:53,76.1
SAG2,4/24/23 12:08,77
SAG2,4/24/23 12:23,77
SAG2,4/24/23 12:38,77.9
SAG2,4/24/23 12:53,78.8
SAG2,4/24/23 13:08,78.8
SAG2,4/24/23 13:23,79.7
SAG2,4/24/23 13:38,80.6
SAG2,4/24/23 13:53,80.6
SAG2,4/24/23 14:08,81.5
SAG2,4/24/23 14:23,82.4
SAG2,4/24/23 14:38,82.4
SAG2,4/24/23 14:53,83.3
SAG2,4/24/23 15:08,83.3
SAG2,4/24/23 15:23,83.3
SAG2,4/24/23 15:38,84.2
SAG2,4/24/23 15:53,85.1
SAG2,4/24/23 16:08,86
SAG2,4/24/23 16:23,86
SAG2,4/24/23 16:38,86
SAG2,4/24/23 16:53,86.9
SAG2,4/24/23 17:08,86.9
SAG2,4/24/23 17:23,87.8
SAG2,4/24/23 17:38,87.8
SAG2,4/24/23 17:53,87.8
SAG2,4/24/23 18:08,87.8
SAG2,4/24/23 18:23,88.7
SAG2,4/24/23 18:38,88.7
SAG2,4/24/23 18:53,88.7
SAG2,4/24/23 19:08,88.7
SAG2,4/24/23 19:23,88.7
SAG2,4/24/23 19:38,87.8
SAG2,4/24/23 19:53,87.8
SAG2,4/24/23 20:08,87.8
SAG2,4/24/23 20:23,87.8
SAG2,4/24/23 20:38,87.8
SAG2,4/24/23 20:53,87.8
SAG2,4/24/23 21:08,86.9
SAG2,4/24/23 21:23,86.9
SAG2,4/24/23 21:38,86.9
SAG2,4/24/23 21:53,86.9
SAG2,4/24/23 22:08,86
SAG2,4/24/23 22:23,86
SAG2,4/24/23 22:38,85.1
SAG2,4/24/23 22:53,85.1
SAG2,4/24/23 23:08,85.1
SAG2,4/24/23 23:23,84.2
SAG2,4/24/23 23:38,84.2
SAG2,4/24/23 23:53,83.3
SAG2,4/25/23 0:08,83.3
SAG2,4/25/23 0:23,82.4
SAG2,4/25/23 0:38,82.4
SAG2,4/25/23 0:53,81.5
SAG2,4/25/23 1:08,81.5
SAG2,4/25/23 1:23,80.6
SAG2,4/25/23 1:38,80.6
SAG2,4/25/23 1:53,79.7
SAG2,4/25/23 2:08,79.7
SAG2,4/25/23 2:23,78.8
SAG2,4/25/23 2:38,78.8
SAG2,4/25/23 2:53,77.9
SAG2,4/25/23 3:08,77.9
SAG2,4/25/23 3:23,77.9
SAG2,4/25/23 3:38,77
SAG2,4/25/23 3:53,77
SAG2,4/25/23 4:08,76.1
SAG2,4/25/23 4:23,76.1
SAG2,4/25/23 4:38,76.1
SAG2,4/25/23 4:53,75.2
SAG2,4/25/23 5:08,75.2
SAG2,4/25/23 5:23,75.2
SAG2,4/25/23 5:38,74.3
SAG2,4/25/23 5:53,74.3
SAG2,4/25/23 6:08,74.3
SAG2,4/25/23 6:23,73.4
SAG2,4/25/23 6:38,73.4
SAG2,4/25/23 6:53,73.4
SAG2,4/25/23 7:08,72.5
SAG2,4/25/23 7:23,72.5
SAG2,4/25/23 7:38,72.5
SAG2,4/25/23 7:53,72.5
SAG2,4/25/23 8:08,72.5
SAG2,4/25/23 8:23,72.5
SAG2,4/25/23 8:38,72.5
SAG2,4/25/23 8:53,72.5
SAG2,4/25/23 9:08,72.5
SAG2,4/25/23 9:23,72.5
SAG2,4/25/23 9:38,72.5
SAG2,4/25/23 9:53,73.4
SAG2,4/25/23 10:08,73.4
SAG2,4/25/23 10:23,73.4
SAG2,4/25/23 10:38,74.3
SAG2,4/25/23 10:53,74.3
SAG2,4/25/23 11:08,75.2
SAG2,4/25/23 11:23,75.2
SAG2,4/25/23 11:38,76.1
SAG2,4/25/23 11:53,76.1
SAG2,4/25/23 12:08,77
SAG2,4/25/23 12:23,77
SAG2,4/25/23 12:38,77.9
SAG2,4/25/23 12:53,78.8
SAG2,4/25/23 13:08,78.8
SAG2,4/25/23 13:23,79.7
SAG2,4/25/23 13:38,80.6
SAG2,4/25/23 13:53,80.6
SAG2,4/25/23 14:08,81.5
SAG2,4/25/23 14:23,81.5
SAG2,4/25/23 14:38,82.4
SAG2,4/25/23 14:53,82.4
SAG2,4/25/23 15:08,83.3
SAG2,4/25/23 15:23,83.3
SAG2,4/25/23 15:38,84.2
SAG2,4/25/23 15:53,84.2
SAG2,4/25/23 16:08,85.1
SAG2,4/25/23 16:23,85.1
SAG2,4/25/23 16:38,86
SAG2,4/25/23 16:53,86
SAG2,4/25/23 17:08,86
SAG2,4/25/23 17:23,86.9
SAG2,4/25/23 17:38,86.9
SAG2,4/25/23 17:53,86.9
SAG2,4/25/23 18:08,86.9
SAG2,4/25/23 18:23,86.9
SAG2,4/25/23 18:38,86.9
SAG2,4/25/23 18:53,86.9
SAG2,4/25/23 19:08,86.9
SAG2,4/25/23 19:23,86.9
SAG2,4/25/23 19:38,86.9
SAG2,4/25/23 19:53,86.9
SAG2,4/25/23 20:08,86.9
SAG2,4/25/23 20:23,86.9
SAG2,4/25/23 20:38,86
SAG2,4/25/23 20:53,86
SAG2,4/25/23 21:08,86
SAG2,4/25/23 21:23,86
SAG2,4/25/23 21:38,85.1
SAG2,4/25/23 21:53,85.1
SAG2,4/25/23 22:08,85.1
SAG2,4/25/23 22:23,84.2
SAG2,4/25/23 22:38,84.2
SAG2,4/25/23 22:53,84.2
SAG2,4/25/23 23:08,83.3
SAG2,4/25/23 23:23,83.3
SAG2,4/25/23 23:38,82.4
SAG2,4/25/23 23:53,82.4
SAG2,4/26/23 0:08,82.4
SAG2,4/26/23 0:23,81.5
SAG2,4/26/23 0:38,81.5
SAG2,4/26/23 0:53,80.6
SAG2,4/26/23 1:08,80.6
SAG2,4/26/23 1:23,79.7
SAG2,4/26/23 1:38,79.7
SAG2,4/26/23 1:53,78.8
SAG2,4/26/23 2:08,78.8
SAG2,4/26/23 2:23,77.9
SAG2,4/26/23 2:38,77.9
SAG2,4/26/23 2:53,77.9
SAG2,4/26/23 3:08,77
SAG2,4/26/23 3:23,77
SAG2,4/26/23 3:38,76.1
SAG2,4/26/23 3:53,76.1
SAG2,4/26/23 4:08,75.2
SAG2,4/26/23 4:23,75.2
SAG2,4/26/23 4:38,74.3
SAG2,4/26/23 4:53,74.3
SAG2,4/26/23 5:08,73.4
SAG2,4/26/23 5:23,73.4
SAG2,4/26/23 5:38,72.5
SAG2,4/26/23 5:53,72.5
SAG2,4/26/23 6:08,71.6
SAG2,4/26/23 6:23,71.6
SAG2,4/26/23 6:38,70.7
SAG2,4/26/23 6:53,70.7
SAG2,4/26/23 7:08,70.7
SAG2,4/26/23 7:23,69.8
SAG2,4/26/23 7:38,69.8
SAG2,4/26/23 7:53,69.8
SAG2,4/26/23 8:08,69.8
SAG2,4/26/23 8:23,68.9
SAG2,4/26/23 8:38,68.9
SAG2,4/26/23 8:53,68.9
SAG2,4/26/23 9:08,68.9
SAG2,4/26/23 9:23,69.8
SAG2,4/26/23 9:38,69.8
SAG2,4/26/23 9:53,69.8
SAG2,4/26/23 10:08,70.7
SAG2,4/26/23 10:23,70.7
SAG2,4/26/23 10:38,71.6
SAG2,4/26/23 10:53,71.6
SAG2,4/26/23 11:08,72.5
SAG2,4/26/23 11:23,72.5
SAG2,4/26/23 11:38,73.4
SAG2,4/26/23 11:53,74.3
SAG2,4/26/23 12:08,74.3
SAG2,4/26/23 12:23,75.2
SAG2,4/26/23 12:38,76.1
SAG2,4/26/23 12:53,76.1
SAG2,4/26/23 13:08,77
SAG2,4/26/23 13:23,77.9
SAG2,4/26/23 13:38,77.9
SAG2,4/26/23 13:53,78.8
SAG2,4/26/23 14:08,78.8
SAG2,4/26/23 14:23,78.8
SAG2,4/26/23 14:38,79.7
SAG2,4/26/23 14:53,79.7
SAG2,4/26/23 15:08,80.6
SAG2,4/26/23 15:23,80.6
SAG2,4/26/23 15:38,80.6
SAG2,4/26/23 15:53,81.5
SAG2,4/26/23 16:08,82.4
SAG2,4/26/23 16:23,82.4
SAG2,4/26/23 16:38,83.3
SAG2,4/26/23 16:53,83.3
SAG2,4/26/23 17:08,83.3
SAG2,4/26/23 17:23,84.2
SAG2,4/26/23 17:38,84.2
SAG2,4/26/23 17:53,85.1
SAG2,4/26/23 18:08,85.1
SAG2,4/26/23 18:23,85.1
SAG2,4/26/23 18:38,85.1
SAG2,4/26/23 18:53,85.1
SAG2,4/26/23 19:08,85.1
SAG2,4/26/23 19:23,85.1
SAG2,4/26/23 19:38,85.1
SAG2,4/26/23 19:53,84.2
SAG2,4/26/23 20:08,84.2
SAG2,4/26/23 20:23,84.2
SAG2,4/26/23 20:38,84.2
SAG2,4/26/23 20:53,83.3
SAG2,4/26/23 21:08,83.3
SAG2,4/26/23 21:23,83.3
SAG2,4/26/23 21:38,82.4
SAG2,4/26/23 21:53,82.4
SAG2,4/26/23 22:08,81.5
SAG2,4/26/23 22:23,81.5
SAG2,4/26/23 22:38,80.6
SAG2,4/26/23 22:53,80.6
SAG2,4/26/23 23:08,79.7
SAG2,4/26/23 23:23,79.7
SAG2,4/26/23 23:38,79.7
SAG2,4/26/23 23:53,78.8
SAG2,4/27/23 0:08,78.8
SAG2,4/27/23 0:23,77.9
SAG2,4/27/23 0:38,77.9
SAG2,4/27/23 0:53,77
SAG2,4/27/23 1:08,77
SAG2,4/27/23 1:23,76.1
SAG2,4/27/23 1:38,76.1
SAG2,4/27/23 1:53,75.2
SAG2,4/27/23 2:08,75.2
SAG2,4/27/23 2:23,74.3
SAG2,4/27/23 2:38,74.3
SAG2,4/27/23 2:53,73.4
SAG2,4/27/23 3:08,73.4
SAG2,4/27/23 3:23,72.5
SAG2,4/27/23 3:38,72.5
SAG2,4/27/23 3:53,72.5
SAG2,4/27/23 4:08,71.6
SAG2,4/27/23 4:23,70.7
SAG2,4/27/23 4:38,70.7
SAG2,4/27/23 4:53,70.7
SAG2,4/27/23 5:08,69.8
SAG2,4/27/23 5:23,69.8
SAG2,4/27/23 5:38,68.9
SAG2,4/27/23 5:53,68.9
SAG2,4/27/23 6:08,68
SAG2,4/27/23 6:23,68
SAG2,4/27/23 6:38,68
SAG2,4/27/23 6:53,67.1
SAG2,4/27/23 7:08,67.1
SAG2,4/27/23 7:23,67.1
SAG2,4/27/23 7:38,66.2
SAG2,4/27/23 7:53,66.2
SAG2,4/27/23 8:08,66.2
SAG2,4/27/23 8:23,66.2
SAG2,4/27/23 8:38,66.2
SAG2,4/27/23 8:53,66.2
SAG2,4/27/23 9:08,66.2
SAG2,4/27/23 9:23,67.1
SAG2,4/27/23 9:38,67.1
SAG2,4/27/23 9:53,67.1
SAG2,4/27/23 10:08,68
SAG2,4/27/23 10:23,68
SAG2,4/27/23 10:38,68.9
SAG2,4/27/23 10:53,68.9
SAG2,4/27/23 11:08,69.8
SAG2,4/27/23 11:23,70.7
SAG2,4/27/23 11:38,70.7
SAG2,4/27/23 11:53,71.6
SAG2,4/27/23 12:08,72.5
SAG2,4/27/23 12:23,73.4
SAG2,4/27/23 12:38,73.4
SAG2,4/27/23 12:53,74.3
SAG2,4/27/23 13:08,76.1
SAG2,4/27/23 13:23,76.1
SAG2,4/27/23 13:38,77
SAG2,4/27/23 13:53,77.9
SAG2,4/27/23 14:08,77.9
SAG2,4/27/23 14:23,78.8
SAG2,4/27/23 14:38,79.7
SAG2,4/27/23 14:53,79.7
SAG2,4/27/23 15:08,80.6
SAG2,4/27/23 15:23,81.5
SAG2,4/27/23 15:38,81.5
SAG2,4/27/23 15:53,82.4
SAG2,4/27/23 16:08,83.3
SAG2,4/27/23 16:23,83.3
SAG2,4/27/23 16:38,83.3
SAG2,4/27/23 16:53,84.2
SAG2,4/27/23 17:08,84.2
SAG2,4/27/23 17:23,85.1
SAG2,4/27/23 17:38,85.1
SAG2,4/27/23 17:53,86
SAG2,4/27/23 18:08,86
SAG2,4/27/23 18:23,86
SAG2,4/27/23 18:38,86
SAG2,4/27/23 18:53,86
SAG2,4/27/23 19:08,86.9
SAG2,4/27/23 19:23,86.9
SAG2,4/27/23 19:38,86.9
SAG2,4/27/23 19:53,86.9
SAG2,4/27/23 20:08,86.9
SAG2,4/27/23 20:23,86.9
SAG2,4/27/23 20:38,86
SAG2,4/27/23 20:53,86
SAG2,4/27/23 21:08,86
SAG2,4/27/23 21:23,86
SAG2,4/27/23 21:38,85.1
SAG2,4/27/23 21:53,85.1
SAG2,4/27/23 22:08,85.1
SAG2,4/27/23 22:23,84.2
SAG2,4/27/23 22:38,84.2
SAG2,4/27/23 22:53,83.3
SAG2,4/27/23 23:08,83.3
SAG2,4/27/23 23:23,83.3
SAG2,4/27/23 23:38,82.4
SAG2,4/27/23 23:53,82.4
SAG2,4/28/23 0:08,81.5
SAG2,4/28/23 0:23,81.5
SAG2,4/28/23 0:38,80.6
SAG2,4/28/23 0:53,80.6
SAG2,4/28/23 1:08,79.7
SAG2,4/28/23 1:23,79.7
SAG2,4/28/23 1:38,78.8
SAG2,4/28/23 1:53,78.8
SAG2,4/28/23 2:08,77.9
SAG2,4/28/23 2:23,77.9
SAG2,4/28/23 2:38,77
SAG2,4/28/23 2:53,77
SAG2,4/28/23 3:08,76.1
SAG2,4/28/23 3:23,76.1
SAG2,4/28/23 3:38,75.2
SAG2,4/28/23 3:53,75.2
SAG2,4/28/23 4:08,74.3
SAG2,4/28/23 4:23,74.3
SAG2,4/28/23 4:38,73.4
SAG2,4/28/23 4:53,73.4
SAG2,4/28/23 5:08,72.5
SAG2,4/28/23 5:23,72.5
SAG2,4/28/23 5:38,71.6
SAG2,4/28/23 5:53,71.6
SAG2,4/28/23 6:08,71.6
SAG2,4/28/23 6:23,70.7
SAG2,4/28/23 6:38,70.7
SAG2,4/28/23 6:53,69.8
SAG2,4/28/23 7:08,69.8
SAG2,4/28/23 7:23,69.8
SAG2,4/28/23 7:38,69.8
SAG2,4/28/23 7:53,68.9
SAG2,4/28/23 8:08,68.9
SAG2,4/28/23 8:23,68.9
SAG2,4/28/23 8:38,68.9
SAG2,4/28/23 8:53,68.9
SAG2,4/28/23 9:08,69.8
SAG2,4/28/23 9:23,69.8
SAG2,4/28/23 9:38,69.8
SAG2,4/28/23 9:53,69.8
SAG2,4/28/23 10:08,70.7
SAG2,4/28/23 10:23,70.7
SAG2,4/28/23 10:38,71.6
SAG2,4/28/23 10:53,72.5
SAG2,4/28/23 11:08,72.5
SAG2,4/28/23 11:23,73.4
SAG2,4/28/23 11:38,74.3
SAG2,4/28/23 11:53,75.2
SAG2,4/28/23 12:08,76.1
SAG2,4/28/23 12:23,76.1
SAG2,4/28/23 12:38,77
SAG2,4/28/23 12:53,77
SAG2,4/28/23 13:08,77.9
SAG2,4/28/23 13:23,78.8
SAG2,4/28/23 13:38,79.7
SAG2,4/28/23 13:53,80.6
SAG2,4/28/23 14:08,81.5
SAG2,4/28/23 14:23,82.4
SAG2,4/28/23 14:38,82.4
SAG2,4/28/23 14:53,83.3
SAG2,4/28/23 15:08,84.2
SAG2,4/28/23 15:23,84.2
SAG2,4/28/23 15:38,85.1
SAG2,4/28/23 15:53,85.1
SAG2,4/28/23 16:08,85.1
SAG2,4/28/23 16:23,86.9
SAG2,4/28/23 16:38,86.9
SAG2,4/28/23 16:53,87.8
SAG2,4/28/23 17:08,87.8
SAG2,4/28/23 17:23,88.7
SAG2,4/28/23 17:38,88.7
SAG2,4/28/23 17:53,88.7
SAG2,4/28/23 18:08,89.6
SAG2,4/28/23 18:23,89.6
SAG2,4/28/23 18:38,89.6
SAG2,4/28/23 18:53,89.6
SAG2,4/28/23 19:08,89.6
SAG2,4/28/23 19:23,89.6
SAG2,4/28/23 19:38,89.6
SAG2,4/28/23 19:53,89.6
SAG2,4/28/23 20:08,89.6
SAG2,4/28/23 20:23,89.6
SAG2,4/28/23 20:38,89.6
SAG2,4/28/23 20:53,88.7
SAG2,4/28/23 21:08,88.7
SAG2,4/28/23 21:23,88.7
SAG2,4/28/23 21:38,87.8
SAG2,4/28/23 21:53,87.8
SAG2,4/28/23 22:08,86.9
SAG2,4/28/23 22:23,86.9
SAG2,4/28/23 22:38,86.9
SAG2,4/28/23 22:53,86
SAG2,4/28/23 23:08,86
SAG2,4/28/23 23:23,85.1
SAG2,4/28/23 23:38,85.1
SAG2,4/28/23 23:53,84.2
SAG2,4/29/23 0:08,84.2
SAG2,4/29/23 0:23,83.3
SAG2,4/29/23 0:38,83.3
SAG2,4/29/23 0:53,83.3
SAG2,4/29/23 1:08,83.3
SAG2,4/29/23 1:23,82.4
SAG2,4/29/23 1:38,82.4
SAG2,4/29/23 1:53,81.5
SAG2,4/29/23 2:08,81.5
SAG2,4/29/23 2:23,81.5
SAG2,4/29/23 2:38,80.6
SAG2,4/29/23 2:53,80.6
SAG2,4/29/23 3:08,80.6
SAG2,4/29/23 3:23,79.7
SAG2,4/29/23 3:38,79.7
SAG2,4/29/23 3:53,79.7
SAG2,4/29/23 4:08,78.8
SAG2,4/29/23 4:23,78.8
SAG2,4/29/23 4:38,78.8
SAG2,4/29/23 4:53,77.9
SAG2,4/29/23 5:08,77.9
SAG2,4/29/23 5:23,77.9
SAG2,4/29/23 5:38,77
SAG2,4/29/23 5:53,77
SAG2,4/29/23 6:08,77
SAG2,4/29/23 6:23,76.1
SAG2,4/29/23 6:38,76.1
SAG2,4/29/23 6:53,75.2
SAG2,4/29/23 7:08,75.2
SAG2,4/29/23 7:23,75.2
SAG2,4/29/23 7:38,75.2
SAG2,4/29/23 7:53,74.3
SAG2,4/29/23 8:08,74.3
SAG2,4/29/23 8:23,74.3
SAG2,4/29/23 8:38,74.3
SAG2,4/29/23 8:53,74.3
SAG2,4/29/23 9:08,74.3
SAG2,4/29/23 9:23,74.3
SAG2,4/29/23 9:38,74.3
SAG2,4/29/23 9:53,75.2
SAG2,4/29/23 10:08,75.2
SAG2,4/29/23 10:23,76.1
SAG2,4/29/23 10:38,76.1
SAG2,4/29/23 10:53,77
SAG2,4/29/23 11:08,77
SAG2,4/29/23 11:23,77.9
SAG2,4/29/23 11:38,78.8
SAG2,4/29/23 11:53,78.8
SAG2,4/29/23 12:08,79.7
SAG2,4/29/23 12:23,80.6
SAG2,4/29/23 12:38,80.6
SAG2,4/29/23 12:53,81.5
SAG2,4/29/23 13:08,81.5
SAG2,4/29/23 13:23,82.4
SAG2,4/29/23 13:38,83.3
SAG2,4/29/23 13:53,83.3
SAG2,4/29/23 14:08,84.2
SAG2,4/29/23 14:23,85.1
SAG2,4/29/23 14:38,85.1
SAG2,4/29/23 14:53,86
SAG2,4/29/23 15:08,86.9
SAG2,4/29/23 15:23,86.9
SAG2,4/29/23 15:38,87.8
SAG2,4/29/23 15:53,87.8
SAG2,4/29/23 16:08,88.7
SAG2,4/29/23 16:23,89.6
SAG2,4/29/23 16:38,89.6
SAG2,4/29/23 16:53,90.5
SAG2,4/29/23 17:08,91.4
SAG2,4/29/23 17:23,91.4
SAG2,4/29/23 17:38,92.3
SAG2,4/29/23 17:53,93.2
SAG2,4/29/23 18:08,93.2
SAG2,4/29/23 18:23,94.1
SAG2,4/29/23 18:38,94.1
SAG2,4/29/23 18:53,94.1
SAG2,4/29/23 19:08,94.1
SAG2,4/29/23 19:23,95
SAG2,4/29/23 19:38,95
SAG2,4/29/23 19:53,95
SAG2,4/29/23 20:08,95
SAG2,4/29/23 20:23,94.1
SAG2,4/29/23 20:38,94.1
SAG2,4/29/23 20:53,94.1
SAG2,4/29/23 21:08,94.1
SAG2,4/29/23 21:23,93.2
SAG2,4/29/23 21:38,93.2
SAG2,4/29/23 21:53,92.3
SAG2,4/29/23 22:08,92.3
SAG2,4/29/23 22:23,92.3
SAG2,4/29/23 22:38,91.4
SAG2,4/29/23 22:53,91.4
SAG2,4/29/23 23:08,90.5
SAG2,4/29/23 23:23,90.5
SAG2,4/29/23 23:38,89.6
SAG2,4/29/23 23:53,89.6
SAG2,4/30/23 0:08,88.7
SAG2,4/30/23 0:23,88.7
SAG2,4/30/23 0:38,87.8
SAG2,4/30/23 0:53,87.8
SAG2,4/30/23 1:08,86.9
SAG2,4/30/23 1:23,86
SAG2,4/30/23 1:38,86
SAG2,4/30/23 1:53,85.1
SAG2,4/30/23 2:08,85.1
SAG2,4/30/23 2:23,84.2
SAG2,4/30/23 2:38,83.3
SAG2,4/30/23 2:53,83.3
SAG2,4/30/23 3:08,82.4
SAG2,4/30/23 3:23,82.4
SAG2,4/30/23 3:38,81.5
SAG2,4/30/23 3:53,81.5
SAG2,4/30/23 4:08,80.6
SAG2,4/30/23 4:23,79.7
SAG2,4/30/23 4:38,79.7
SAG2,4/30/23 4:53,78.8
SAG2,4/30/23 5:08,78.8
SAG2,4/30/23 5:23,77.9
SAG2,4/30/23 5:38,77.9
SAG2,4/30/23 5:53,77
SAG2,4/30/23 6:08,77
SAG2,4/30/23 6:23,76.1
SAG2,4/30/23 6:38,76.1
SAG2,4/30/23 6:53,75.2
SAG2,4/30/23 7:08,75.2
SAG2,4/30/23 7:23,75.2
SAG2,4/30/23 7:38,74.3
SAG2,4/30/23 7:53,74.3
SAG2,4/30/23 8:08,74.3
SAG2,4/30/23 8:23,74.3
SAG2,4/30/23 8:38,74.3
SAG2,4/30/23 8:53,74.3
SAG2,4/30/23 9:08,74.3
SAG2,4/30/23 9:23,74.3
SAG2,4/30/23 9:38,75.2
SAG2,4/30/23 9:53,76.1
SAG2,4/30/23 10:08,76.1
SAG2,4/30/23 10:23,76.1
SAG2,4/30/23 10:38,77
SAG2,4/30/23 10:53,77
SAG2,4/30/23 11:08,77.9
SAG2,4/30/23 11:23,77.9
SAG2,4/30/23 11:38,78.8
SAG2,4/30/23 11:53,79.7
SAG2,4/30/23 12:08,79.7
SAG2,4/30/23 12:23,80.6
SAG2,4/30/23 12:38,81.5
SAG2,4/30/23 12:53,82.4
SAG2,4/30/23 13:08,83.3
SAG2,4/30/23 13:23,83.3
SAG2,4/30/23 13:38,85.1
SAG2,4/30/23 13:53,85.1
SAG2,4/30/23 14:08,86
SAG2,4/30/23 14:23,86.9
SAG2,4/30/23 14:38,86.9
SAG2,4/30/23 14:53,87.8
SAG2,4/30/23 15:08,88.7
SAG2,4/30/23 15:23,88.7
SAG2,4/30/23 15:38,90.5
SAG2,4/30/23 15:53,91.4
SAG2,4/30/23 16:08,91.4
SAG2,4/30/23 16:23,92.3
SAG2,4/30/23 16:38,93.2
SAG2,4/30/23 16:53,93.2
SAG2,4/30/23 17:08,93.2
SAG2,4/30/23 17:23,94.1
SAG2,4/30/23 17:38,94.1
SAG2,4/30/23 17:53,95
SAG2,4/30/23 18:08,94.1
SAG2,4/30/23 18:23,95
SAG2,4/30/23 18:38,95
SAG2,4/30/23 18:53,95
SAG2,4/30/23 19:08,95
SAG2,4/30/23 19:23,95
SAG2,4/30/23 19:38,95
SAG2,4/30/23 19:53,95
SAG2,4/30/23 20:08,95
SAG2,4/30/23 20:23,95
SAG2,4/30/23 20:38,94.1
SAG2,4/30/23 20:53,94.1
SAG2,4/30/23 21:08,94.1
SAG2,4/30/23 21:23,94.1
SAG2,4/30/23 21:38,93.2
SAG2,4/30/23 21:53,93.2
SAG2,4/30/23 22:08,93.2
SAG2,4/30/23 22:23,92.3
SAG2,4/30/23 22:38,92.3
SAG2,4/30/23 22:53,91.4
SAG2,4/30/23 23:08,91.4
SAG2,4/30/23 23:23,91.4
SAG2,4/30/23 23:38,90.5
SAG2,4/30/23 23:53,90.5
SAG2,5/1/23 0:08,89.6
SAG2,5/1/23 0:23,89.6
SAG2,5/1/23 0:38,88.7
SAG2,5/1/23 0:53,88.7
SAG2,5/1/23 1:08,87.8
SAG2,5/1/23 1:23,87.8
SAG2,5/1/23 1:38,86.9
SAG2,5/1/23 1:53,86.9
SAG2,5/1/23 2:08,86
SAG2,5/1/23 2:23,86
SAG2,5/1/23 2:38,85.1
SAG2,5/1/23 2:53,85.1
SAG2,5/1/23 3:08,84.2
SAG2,5/1/23 3:23,84.2
SAG2,5/1/23 3:38,83.3
SAG2,5/1/23 3:53,83.3
SAG2,5/1/23 4:08,82.4
SAG2,5/1/23 4:23,82.4
SAG2,5/1/23 4:38,81.5
SAG2,5/1/23 4:53,81.5
SAG2,5/1/23 5:08,80.6
SAG2,5/1/23 5:23,80.6
SAG2,5/1/23 5:38,79.7
SAG2,5/1/23 5:53,79.7
SAG2,5/1/23 6:08,78.8
SAG2,5/1/23 6:23,78.8
SAG2,5/1/23 6:38,78.8
SAG2,5/1/23 6:53,77.9
SAG2,5/1/23 7:08,77.9
SAG2,5/1/23 7:23,77.9
SAG2,5/1/23 7:38,77
SAG2,5/1/23 7:53,77
SAG2,5/1/23 8:08,77
SAG2,5/1/23 8:23,77
SAG2,5/1/23 8:38,77
SAG2,5/1/23 8:53,77.9
SAG2,5/1/23 9:08,77.9
SAG2,5/1/23 9:23,101.3
SAG2,5/1/23 9:38,89.6
SAG2,5/1/23 9:53,84.2
SAG2,5/1/23 10:08,82.4
SAG2,5/1/23 10:23,78.8
SAG2,5/1/23 10:38,76.1
SAG2,5/1/23 10:53,75.2
SAG2,5/1/23 11:08,73.4
SAG2,5/1/23 11:23,72.5
SAG2,5/1/23 11:38,72.5
SAG2,5/1/23 11:53,72.5
SAG2,5/1/23 12:08,72.5
SAG2,5/1/23 12:23,74.3
SAG2,5/1/23 12:38,75.2
SAG2,5/1/23 12:53,75.2
SAG2,5/1/23 13:08,76.1
SAG2,5/1/23 13:23,76.1
SAG2,5/1/23 13:38,77
SAG2,5/1/23 13:53,79.7
SAG2,5/1/23 14:08,80.6
SAG2,5/1/23 14:23,80.6
SAG2,5/1/23 14:38,81.5
SAG2,5/1/23 14:53,81.5
SAG2,5/6/23 0:01,76.1
SAG2,5/6/23 0:16,76.1
SAG2,5/6/23 0:31,76.1
SAG2,5/6/23 0:46,76.1
SAG2,5/6/23 1:01,76.1
SAG2,5/6/23 1:16,76.1
SAG2,5/6/23 1:31,76.1
SAG2,5/6/23 1:46,75.2
SAG2,5/6/23 2:01,75.2
SAG2,5/6/23 2:16,75.2
SAG2,5/6/23 2:31,75.2
SAG2,5/6/23 2:46,75.2
SAG2,5/6/23 3:01,75.2
SAG2,5/6/23 3:16,74.3
SAG2,5/6/23 3:31,74.3
SAG2,5/6/23 3:46,74.3
SAG2,5/6/23 4:01,74.3
SAG2,5/6/23 4:16,74.3
SAG2,5/6/23 4:31,74.3
SAG2,5/6/23 4:46,74.3
SAG2,5/6/23 5:01,73.4
SAG2,5/6/23 5:16,73.4
SAG2,5/6/23 5:31,73.4
SAG2,5/6/23 5:46,73.4
SAG2,5/6/23 6:01,73.4
SAG2,5/6/23 6:16,73.4
SAG2,5/6/23 6:31,74.3
SAG2,5/6/23 6:46,74.3
SAG2,5/6/23 7:01,74.3
SAG2,5/6/23 7:16,74.3
SAG2,5/6/23 7:31,74.3
SAG2,5/6/23 7:46,74.3
SAG2,5/6/23 8:01,73.4
SAG2,5/6/23 8:16,73.4
SAG2,5/6/23 8:31,73.4
SAG2,5/6/23 8:46,74.3
SAG2,5/6/23 9:01,73.4
SAG2,5/6/23 9:16,73.4
SAG2,5/6/23 9:31,74.3
SAG2,5/6/23 9:46,74.3
SAG2,5/6/23 10:01,74.3
SAG2,5/6/23 10:16,74.3
SAG2,5/6/23 10:31,74.3
SAG2,5/6/23 10:46,74.3
SAG2,5/6/23 11:01,74.3
SAG2,5/6/23 11:16,74.3
SAG2,5/6/23 11:31,74.3
SAG2,5/6/23 11:46,75.2
SAG2,5/6/23 12:01,75.2
SAG2,5/6/23 12:16,75.2
SAG2,5/6/23 12:31,75.2
SAG2,5/6/23 12:46,75.2
SAG2,5/6/23 13:01,75.2
SAG2,5/6/23 13:16,76.1
SAG2,5/6/23 13:31,76.1
SAG2,5/6/23 13:46,76.1
SAG2,5/6/23 14:01,76.1
SAG2,5/6/23 14:16,77
SAG2,5/6/23 14:31,77
SAG2,5/6/23 14:46,77
SAG2,5/6/23 15:01,77
SAG2,5/6/23 15:16,77
SAG2,5/6/23 15:31,77.9
SAG2,5/6/23 15:46,77.9
SAG2,5/6/23 16:01,77.9
SAG2,5/6/23 16:16,77.9
SAG2,5/6/23 16:31,77.9
SAG2,5/6/23 16:46,77.9
SAG2,5/6/23 17:01,78.8
SAG2,5/6/23 17:16,78.8
SAG2,5/6/23 17:31,78.8
SAG2,5/6/23 17:46,78.8
SAG2,5/6/23 18:01,78.8
SAG2,5/6/23 18:16,78.8
SAG2,5/6/23 18:31,78.8
SAG2,5/6/23 18:46,78.8
SAG2,5/6/23 19:01,78.8
SAG2,5/6/23 19:16,78.8
SAG2,5/6/23 19:31,78.8
SAG2,5/6/23 19:46,78.8
SAG2,5/6/23 20:01,78.8
SAG2,5/6/23 20:16,78.8
SAG2,5/6/23 20:31,78.8
SAG2,5/6/23 20:46,78.8
SAG2,5/6/23 21:01,78.8
SAG2,5/6/23 21:16,77.9
SAG2,5/6/23 21:31,77.9
SAG2,5/6/23 21:46,77.9
SAG2,5/6/23 22:01,77.9
SAG2,5/6/23 22:16,77.9
SAG2,5/6/23 22:31,77.9
SAG2,5/6/23 22:46,77.9
SAG2,5/6/23 23:01,77
SAG2,5/6/23 23:16,77
SAG2,5/6/23 23:31,77
SAG2,5/6/23 23:46,77
SAG2,5/7/23 0:01,77
SAG2,5/7/23 0:16,77
SAG2,5/7/23 0:31,77
SAG2,5/7/23 0:46,76.1
SAG2,5/7/23 1:01,76.1
SAG2,5/7/23 1:16,76.1
SAG2,5/7/23 1:31,76.1
SAG2,5/7/23 1:46,76.1
SAG2,5/7/23 2:01,76.1
SAG2,5/7/23 2:16,75.2
SAG2,5/7/23 2:31,75.2
SAG2,5/7/23 2:46,75.2
SAG2,5/7/23 3:01,75.2
SAG2,5/7/23 3:16,75.2
SAG2,5/7/23 3:31,75.2
SAG2,5/7/23 3:46,75.2
SAG2,5/7/23 4:01,74.3
SAG2,5/7/23 4:16,74.3
SAG2,5/7/23 4:31,74.3
SAG2,5/7/23 4:46,74.3
SAG2,5/7/23 5:01,74.3
SAG2,5/7/23 5:16,74.3
SAG2,5/7/23 5:31,74.3
SAG2,5/7/23 5:46,73.4
SAG2,5/7/23 6:01,73.4
SAG2,5/7/23 6:16,74.3
SAG2,5/7/23 6:31,74.3
SAG2,5/7/23 6:46,74.3
SAG2,5/7/23 7:01,74.3
SAG2,5/7/23 7:16,74.3
SAG2,5/7/23 7:31,74.3
SAG2,5/7/23 7:46,74.3
SAG2,5/7/23 8:01,74.3
SAG2,5/7/23 8:16,74.3
SAG2,5/7/23 8:31,74.3
SAG2,5/7/23 8:46,74.3
SAG2,5/7/23 9:01,74.3
SAG2,5/7/23 9:16,74.3
SAG2,5/7/23 9:31,74.3
SAG2,5/7/23 9:46,74.3
SAG2,5/7/23 10:01,74.3
SAG2,5/7/23 10:16,74.3
SAG2,5/7/23 10:31,74.3
SAG2,5/7/23 10:46,75.2
SAG2,5/7/23 11:01,75.2
SAG2,5/7/23 11:16,75.2
SAG2,5/7/23 11:31,75.2
SAG2,5/7/23 11:46,75.2
SAG2,5/7/23 12:01,75.2
SAG2,5/7/23 12:16,76.1
SAG2,5/7/23 12:31,76.1
SAG2,5/7/23 12:46,76.1
SAG2,5/7/23 13:01,76.1
SAG2,5/7/23 13:16,76.1
SAG2,5/7/23 13:31,77
SAG2,5/7/23 13:46,77
SAG2,5/7/23 14:01,77
SAG2,5/7/23 14:16,77
SAG2,5/7/23 14:31,77.9
SAG2,5/7/23 14:46,77.9
SAG2,5/7/23 15:01,77.9
SAG2,5/7/23 15:16,77.9
SAG2,5/7/23 15:31,77.9
SAG2,5/7/23 15:46,78.8
SAG2,5/7/23 16:01,78.8
SAG2,5/7/23 16:16,78.8
SAG2,5/7/23 16:31,78.8
SAG2,5/7/23 16:46,78.8
SAG2,5/7/23 17:01,79.7
SAG2,5/7/23 17:16,79.7
SAG2,5/7/23 17:31,79.7
SAG2,5/7/23 17:46,79.7
SAG2,5/7/23 18:01,79.7
SAG2,5/7/23 18:16,79.7
SAG2,5/7/23 18:31,79.7
SAG2,5/7/23 18:46,80.6
SAG2,5/7/23 19:01,79.7
SAG2,5/7/23 19:16,79.7
SAG2,5/7/23 19:31,79.7
SAG2,5/7/23 19:46,79.7
SAG2,5/7/23 20:01,79.7
SAG2,5/7/23 20:16,79.7
SAG2,5/7/23 20:31,79.7
SAG2,5/7/23 20:46,79.7
SAG2,5/7/23 21:01,79.7
SAG2,5/7/23 21:16,79.7
SAG2,5/7/23 21:31,78.8
SAG2,5/7/23 21:46,78.8
SAG2,5/7/23 22:01,78.8
SAG2,5/7/23 22:16,78.8
SAG2,5/7/23 22:31,78.8
SAG2,5/7/23 22:46,78.8
SAG2,5/7/23 23:01,78.8
SAG2,5/7/23 23:16,77.9
SAG2,5/7/23 23:31,77.9
SAG2,5/7/23 23:46,77.9
SAG2,5/8/23 0:01,77.9
SAG2,5/8/23 0:16,77.9
SAG2,5/8/23 0:31,77.9
SAG2,5/8/23 0:46,77
SAG2,5/8/23 1:01,77
SAG2,5/8/23 1:16,77
SAG2,5/8/23 1:31,77
SAG2,5/8/23 1:46,77
SAG2,5/8/23 2:01,77
SAG2,5/8/23 2:16,76.1
SAG2,5/8/23 2:31,76.1
SAG2,5/8/23 2:46,76.1
SAG2,5/8/23 3:01,76.1
SAG2,5/8/23 3:16,76.1
SAG2,5/8/23 3:31,76.1
SAG2,5/8/23 3:46,76.1
SAG2,5/8/23 4:01,75.2
SAG2,5/8/23 4:16,75.2
SAG2,5/8/23 4:31,75.2
SAG2,5/8/23 4:46,75.2
SAG2,5/8/23 5:01,75.2
SAG2,5/8/23 5:16,74.3
SAG2,5/8/23 5:31,74.3
SAG2,5/8/23 5:46,74.3
SAG2,5/8/23 6:01,74.3
SAG2,5/8/23 6:16,74.3
SAG2,5/8/23 6:31,75.2
SAG2,5/8/23 6:46,75.2
SAG2,5/8/23 7:01,75.2
SAG2,5/8/23 7:16,75.2
SAG2,5/8/23 7:31,75.2
SAG2,5/8/23 7:46,75.2
SAG2,5/8/23 8:01,75.2
SAG2,5/8/23 8:16,75.2
SAG2,5/8/23 8:31,75.2
SAG2,5/8/23 8:46,75.2
SAG2,5/8/23 9:01,75.2
SAG2,5/8/23 9:16,75.2
SAG2,5/8/23 9:31,75.2
SAG2,5/8/23 9:46,75.2
SAG2,5/8/23 10:01,75.2
SAG2,5/8/23 10:16,92.3
SAG2,5/8/23 10:31,74.3
SAG2,5/8/23 10:46,70.7
SAG2,5/8/23 11:01,71.6
SAG2,5/8/23 11:16,72.5
SAG2,5/8/23 11:31,72.5
SAG2,5/8/23 11:46,72.5
SAG2,5/8/23 12:01,73.4
SAG2,5/8/23 12:16,74.3
SAG2,5/8/23 12:31,76.1
SAG2,5/8/23 12:46,77
SAG2,5/8/23 13:01,77
SAG2,5/8/23 13:16,77.9
SAG2,5/8/23 13:31,78.8
SAG2,5/8/23 13:46,80.6
SAG2,5/8/23 14:01,80.6
SAG2,5/8/23 14:16,81.5
SAG2,5/8/23 14:31,82.4
SAG2,5/8/23 14:46,82.4
SAG2,5/8/23 15:01,83.3
SAG2,5/8/23 15:16,85.1
SAG2,5/8/23 15:31,85.1
SAG2,5/8/23 15:46,86
SAG2,5/8/23 16:01,86.9
SAG2,5/8/23 16:16,87.8
SAG2,5/8/23 16:31,87.8
SAG2,5/8/23 16:46,88.7
SAG2,5/8/23 17:01,88.7
SAG2,5/8/23 17:16,89.6
SAG2,5/8/23 17:31,89.6
SAG2,5/8/23 17:46,89.6
SAG2,5/8/23 18:01,89.6
SAG2,5/8/23 18:16,89.6
SAG2,5/8/23 18:31,89.6
SAG2,5/8/23 18:46,89.6
SAG2,5/8/23 19:01,89.6
SAG2,5/8/23 19:16,88.7
SAG2,5/8/23 19:31,88.7
SAG2,5/8/23 19:46,88.7
SAG2,5/8/23 20:01,88.7
SAG2,5/8/23 20:16,87.8
SAG2,5/8/23 20:31,86.9
SAG2,5/8/23 20:46,86.9
SAG2,5/8/23 21:01,86.9
SAG2,5/8/23 21:16,86
SAG2,5/8/23 21:31,86
SAG2,5/8/23 21:46,86
SAG2,5/8/23 22:01,85.1
SAG2,5/8/23 22:16,84.2
SAG2,5/8/23 22:31,84.2
SAG2,5/8/23 22:46,83.3
SAG2,5/8/23 23:01,81.5
SAG2,5/8/23 23:16,80.6
SAG2,5/8/23 23:31,80.6
SAG2,5/8/23 23:46,80.6
SAG2,5/9/23 0:01,80.6
SAG2,5/9/23 0:16,79.7
SAG2,5/9/23 0:31,78.8
SAG2,5/9/23 0:46,77.9
SAG2,5/9/23 1:01,77
SAG2,5/9/23 1:16,76.1
SAG2,5/9/23 1:31,75.2
SAG2,5/9/23 1:46,75.2
SAG2,5/9/23 2:01,75.2
SAG2,5/9/23 2:16,75.2
SAG2,5/9/23 2:31,73.4
SAG2,5/9/23 2:46,72.5
SAG2,5/9/23 3:01,72.5
SAG2,5/9/23 3:16,72.5
SAG2,5/9/23 3:31,71.6
SAG2,5/9/23 3:46,71.6
SAG2,5/9/23 4:01,71.6
SAG2,5/9/23 4:16,70.7
SAG2,5/9/23 4:31,69.8
SAG2,5/9/23 4:46,69.8
SAG2,5/9/23 5:01,68.9
SAG2,5/9/23 5:16,68.9
SAG2,5/9/23 5:31,68
SAG2,5/9/23 5:46,67.1
SAG2,5/9/23 6:01,67.1
SAG2,5/9/23 6:16,67.1
SAG2,5/9/23 6:31,66.2
SAG2,5/9/23 6:46,67.1
SAG2,5/9/23 7:01,67.1
SAG2,5/9/23 7:16,67.1
SAG2,5/9/23 7:31,66.2
SAG2,5/9/23 7:46,67.1
SAG2,5/9/23 8:01,67.1
SAG2,5/9/23 8:16,68
SAG2,5/9/23 8:31,68
SAG2,5/9/23 8:46,68
SAG2,5/9/23 9:01,68.9
SAG2,5/9/23 9:16,69.8
SAG2,5/9/23 9:31,69.8
SAG2,5/9/23 9:46,70.7
SAG2,5/9/23 10:01,71.6
SAG2,5/9/23 10:16,71.6
SAG2,5/9/23 10:31,72.5
SAG2,5/9/23 10:46,73.4
SAG2,5/9/23 11:01,74.3
SAG2,5/9/23 11:16,76.1
SAG2,5/9/23 11:31,75.2
SAG2,5/9/23 11:46,77
SAG2,5/9/23 12:01,77
SAG2,5/9/23 12:16,77.9
SAG2,5/9/23 12:31,78.8
SAG2,5/9/23 12:46,79.7
SAG2,5/9/23 13:01,79.7
SAG2,5/9/23 13:16,80.6
SAG2,5/9/23 13:31,81.5
SAG2,5/9/23 13:46,81.5
SAG2,5/9/23 14:01,83.3
SAG2,5/9/23 14:16,83.3
SAG2,5/9/23 14:31,84.2
SAG2,5/9/23 14:46,85.1
SAG2,5/9/23 15:01,86
SAG2,5/9/23 15:16,86.9
SAG2,5/9/23 15:31,86.9
SAG2,5/9/23 15:46,87.8
SAG2,5/9/23 16:01,88.7
SAG2,5/9/23 16:16,89.6
SAG2,5/9/23 16:31,89.6
SAG2,5/9/23 16:46,90.5
SAG2,5/9/23 17:01,90.5
SAG2,5/9/23 17:16,90.5
SAG2,5/9/23 17:31,90.5
SAG2,5/9/23 17:46,90.5
SAG2,5/9/23 18:01,91.4
SAG2,5/9/23 18:16,91.4
SAG2,5/9/23 18:31,90.5
SAG2,5/9/23 18:46,90.5
SAG2,5/9/23 19:01,90.5
SAG2,5/9/23 19:16,90.5
SAG2,5/9/23 19:31,90.5
SAG2,5/9/23 19:46,89.6
SAG2,5/9/23 20:01,89.6
SAG2,5/9/23 20:16,89.6
SAG2,5/9/23 20:31,88.7
SAG2,5/9/23 20:46,88.7
SAG2,5/9/23 21:01,88.7
SAG2,5/9/23 21:16,87.8
SAG2,5/9/23 21:31,87.8
SAG2,5/9/23 21:46,86
SAG2,5/9/23 22:01,86
SAG2,5/9/23 22:16,86
SAG2,5/9/23 22:31,85.1
SAG2,5/9/23 22:46,84.2
SAG2,5/9/23 23:01,84.2
SAG2,5/9/23 23:16,83.3
SAG2,5/9/23 23:31,82.4
SAG2,5/9/23 23:46,81.5
SAG2,5/10/23 0:01,80.6
SAG2,5/10/23 0:16,80.6
SAG2,5/10/23 0:31,79.7
SAG2,5/10/23 0:46,78.8
SAG2,5/10/23 1:01,78.8
SAG2,5/10/23 1:16,77.9
SAG2,5/10/23 1:31,77.9
SAG2,5/10/23 1:46,77.9
SAG2,5/10/23 2:01,77
SAG2,5/10/23 2:16,77
SAG2,5/10/23 2:31,76.1
SAG2,5/10/23 2:46,76.1
SAG2,5/10/23 3:01,76.1
SAG2,5/10/23 3:16,74.3
SAG2,5/10/23 3:31,74.3
SAG2,5/10/23 3:46,73.4
SAG2,5/10/23 4:01,73.4
SAG2,5/10/23 4:16,72.5
SAG2,5/10/23 4:31,72.5
SAG2,5/10/23 4:46,72.5
SAG2,5/10/23 5:01,71.6
SAG2,5/10/23 5:16,70.7
SAG2,5/10/23 5:31,70.7
SAG2,5/10/23 5:46,69.8
SAG2,5/10/23 6:01,69.8
SAG2,5/10/23 6:16,69.8
SAG2,5/10/23 6:31,68.9
SAG2,5/10/23 6:46,68.9
SAG2,5/10/23 7:01,68.9
SAG2,5/10/23 7:16,68
SAG2,5/10/23 7:31,68
SAG2,5/10/23 7:46,68
SAG2,5/10/23 8:01,68
SAG2,5/10/23 8:16,68
SAG2,5/10/23 8:31,68
SAG2,5/10/23 8:46,68.9
SAG2,5/10/23 9:01,68.9
SAG2,5/10/23 9:16,69.8
SAG2,5/10/23 9:31,69.8
SAG2,5/10/23 9:46,69.8
SAG2,5/10/23 10:01,70.7
SAG2,5/10/23 10:16,70.7
SAG2,5/10/23 10:31,71.6
SAG2,5/10/23 10:46,71.6
SAG2,5/10/23 11:01,72.5
SAG2,5/10/23 11:16,72.5
SAG2,5/10/23 11:31,72.5
SAG2,5/10/23 11:46,73.4
SAG2,5/10/23 12:01,73.4
SAG2,5/10/23 12:16,73.4
SAG2,5/10/23 12:31,73.4
SAG2,5/10/23 12:46,74.3
SAG2,5/10/23 13:01,74.3
SAG2,5/10/23 13:16,74.3
SAG2,5/10/23 13:31,75.2
SAG2,5/10/23 13:46,75.2
SAG2,5/10/23 14:01,75.2
SAG2,5/10/23 14:16,76.1
SAG2,5/10/23 14:31,76.1
SAG2,5/10/23 14:46,77
SAG2,5/10/23 15:01,77
SAG2,5/10/23 15:16,77
SAG2,5/10/23 15:31,77.9
SAG2,5/10/23 15:46,77.9
SAG2,5/10/23 16:01,78.8
SAG2,5/10/23 16:16,78.8
SAG2,5/10/23 16:31,78.8
SAG2,5/10/23 16:46,78.8
SAG2,5/10/23 17:01,78.8
SAG2,5/10/23 17:16,79.7
SAG2,5/10/23 17:31,78.8
SAG2,5/10/23 17:46,78.8
SAG2,5/10/23 18:01,78.8
SAG2,5/10/23 18:16,78.8
SAG2,5/10/23 18:31,78.8
SAG2,5/10/23 18:46,78.8
SAG2,5/10/23 19:01,78.8
SAG2,5/10/23 19:16,77.9
SAG2,5/10/23 19:31,77.9
SAG2,5/10/23 19:46,77.9
SAG2,5/10/23 20:01,77
SAG2,5/10/23 20:16,77
SAG2,5/10/23 20:31,75.2
SAG2,5/10/23 20:46,74.3
SAG2,5/10/23 21:01,73.4
SAG2,5/10/23 21:16,71.6
SAG2,5/10/23 21:31,70.7
SAG2,5/10/23 21:46,71.6
SAG2,5/10/23 22:01,70.7
SAG2,5/10/23 22:16,70.7
SAG2,5/10/23 22:31,69.8
SAG2,5/10/23 22:46,69.8
SAG2,5/10/23 23:01,68.9
SAG2,5/10/23 23:16,68.9
SAG2,5/10/23 23:31,68.9
SAG2,5/10/23 23:46,69.8
SAG2,5/11/23 0:01,68.9
SAG2,5/11/23 0:16,68
SAG2,5/11/23 0:31,67.1
SAG2,5/11/23 0:46,67.1
SAG2,5/11/23 1:01,66.2
SAG2,5/11/23 1:16,64.4
SAG2,5/11/23 1:31,64.4
SAG2,5/11/23 1:46,64.4
SAG2,5/11/23 2:01,64.4
SAG2,5/11/23 2:16,64.4
SAG2,5/11/23 2:31,64.4
SAG2,5/11/23 2:46,64.4
SAG2,5/11/23 3:01,62.6
SAG2,5/11/23 3:16,62.6
SAG2,5/11/23 3:31,62.6
SAG2,5/11/23 3:46,62.6
SAG2,5/11/23 4:01,60.8
SAG2,5/11/23 4:16,60.8
SAG2,5/11/23 4:31,59.9
SAG2,5/11/23 4:46,59.9
SAG2,5/11/23 5:01,59
SAG2,5/11/23 5:16,59
SAG2,5/11/23 5:31,59
SAG2,5/11/23 5:46,58.1
SAG2,5/11/23 6:01,58.1
SAG2,5/11/23 6:16,58.1
SAG2,5/11/23 6:31,58.1
SAG2,5/11/23 6:46,58.1
SAG2,5/11/23 7:01,58.1
SAG2,5/11/23 7:16,58.1
SAG2,5/11/23 7:31,58.1
SAG2,5/11/23 7:46,58.1
SAG2,5/11/23 8:01,58.1
SAG2,5/11/23 8:16,59
SAG2,5/11/23 8:31,59
SAG2,5/11/23 8:46,59.9
SAG2,5/11/23 9:01,60.8
SAG2,5/11/23 9:16,61.7
SAG2,5/11/23 9:31,60.8
SAG2,5/11/23 9:46,61.7
SAG2,5/11/23 10:01,63.5
SAG2,5/11/23 10:16,62.6
SAG2,5/11/23 10:31,63.5
SAG2,5/11/23 10:46,64.4
SAG2,5/11/23 11:01,66.2
SAG2,5/11/23 11:16,66.2
SAG2,5/11/23 11:31,67.1
SAG2,5/11/23 11:46,68
SAG2,5/11/23 12:01,68.9
SAG2,5/11/23 12:16,68.9
SAG2,5/11/23 12:31,69.8
SAG2,5/11/23 12:46,70.7
SAG2,5/11/23 13:01,71.6
SAG2,5/11/23 13:16,73.4
SAG2,5/11/23 13:31,73.4
SAG2,5/11/23 13:46,74.3
SAG2,5/11/23 14:01,75.2
SAG2,5/11/23 14:16,76.1
SAG2,5/11/23 14:31,76.1
SAG2,5/11/23 14:46,77
SAG2,5/11/23 15:01,77.9
SAG2,5/11/23 15:16,78.8
SAG2,5/11/23 15:31,79.7
SAG2,5/11/23 15:46,79.7
SAG2,5/11/23 16:01,80.6
SAG2,5/11/23 16:16,81.5
SAG2,5/11/23 16:31,82.4
SAG2,5/11/23 16:46,82.4
SAG2,5/11/23 17:01,82.4
SAG2,5/11/23 17:16,83.3
SAG2,5/11/23 17:31,83.3
SAG2,5/11/23 17:46,83.3
SAG2,5/11/23 18:01,83.3
SAG2,5/11/23 18:16,83.3
SAG2,5/11/23 18:31,83.3
SAG2,5/11/23 18:46,83.3
SAG2,5/11/23 19:01,83.3
SAG2,5/11/23 19:16,83.3
SAG2,5/11/23 19:31,83.3
SAG2,5/11/23 19:46,83.3
SAG2,5/11/23 20:01,83.3
SAG2,5/11/23 20:16,82.4
SAG2,5/11/23 20:31,82.4
SAG2,5/11/23 20:46,81.5
SAG2,5/11/23 21:01,79.7
SAG2,5/11/23 21:16,79.7
SAG2,5/11/23 21:31,78.8
SAG2,5/11/23 21:46,77.9
SAG2,5/11/23 22:01,77.9
SAG2,5/11/23 22:16,77
SAG2,5/11/23 22:31,77
SAG2,5/11/23 22:46,76.1
SAG2,5/11/23 23:01,76.1
SAG2,5/11/23 23:16,75.2
SAG2,5/11/23 23:31,74.3
SAG2,5/11/23 23:46,74.3
LH-1,4/19/23 0:08,74.3
LH-1,4/19/23 0:23,73.4
LH-1,4/19/23 0:38,73.4
LH-1,4/19/23 0:53,72.5
LH-1,4/19/23 1:08,72.5
LH-1,4/19/23 1:23,72.5
LH-1,4/19/23 1:38,71.6
LH-1,4/19/23 1:53,71.6
LH-1,4/19/23 2:08,71.6
LH-1,4/19/23 2:23,71.6
LH-1,4/19/23 2:38,70.7
LH-1,4/19/23 2:53,70.7
LH-1,4/19/23 3:08,70.7
LH-1,4/19/23 3:23,70.7
LH-1,4/19/23 3:38,70.7
LH-1,4/19/23 3:53,70.7
LH-1,4/19/23 4:08,69.8
LH-1,4/19/23 4:23,69.8
LH-1,4/19/23 4:38,69.8
LH-1,4/19/23 4:53,69.8
LH-1,4/19/23 5:08,69.8
LH-1,4/19/23 5:23,69.8
LH-1,4/19/23 5:38,69.8
LH-1,4/19/23 5:53,69.8
LH-1,4/19/23 6:08,68.9
LH-1,4/19/23 6:23,68.9
LH-1,4/19/23 6:38,68.9
LH-1,4/19/23 6:53,68.9
LH-1,4/19/23 7:08,68.9
LH-1,4/19/23 7:23,68.9
LH-1,4/19/23 7:38,68.9
LH-1,4/19/23 7:53,68.9
LH-1,4/19/23 8:08,68.9
LH-1,4/19/23 8:23,68
LH-1,4/19/23 8:38,68
LH-1,4/19/23 8:53,68
LH-1,4/19/23 9:08,68
LH-1,4/19/23 9:23,68
LH-1,4/19/23 9:38,68
LH-1,4/19/23 9:53,68.9
LH-1,4/19/23 10:08,68.9
LH-1,4/19/23 10:23,69.8
LH-1,4/19/23 10:38,70.7
LH-1,4/19/23 10:53,72.5
LH-1,4/19/23 11:08,75.2
LH-1,4/19/23 11:23,77
LH-1,4/19/23 11:38,77.9
LH-1,4/19/23 11:53,76.1
LH-1,4/19/23 12:08,74.3
LH-1,4/19/23 12:23,74.3
LH-1,4/19/23 12:38,74.3
LH-1,4/19/23 12:53,74.3
LH-1,4/19/23 13:08,74.3
LH-1,4/19/23 13:23,75.2
LH-1,4/19/23 13:38,75.2
LH-1,4/19/23 13:53,75.2
LH-1,4/19/23 14:08,75.2
LH-1,4/19/23 14:23,75.2
LH-1,4/19/23 14:38,72.5
LH-1,4/19/23 14:53,71.6
LH-1,4/19/23 15:08,74.3
LH-1,4/19/23 15:23,74.3
LH-1,4/19/23 15:38,75.2
LH-1,4/19/23 15:53,75.2
LH-1,4/19/23 16:08,76.1
LH-1,4/19/23 16:23,76.1
LH-1,4/19/23 16:38,76.1
LH-1,4/19/23 16:53,84.2
LH-1,4/19/23 17:08,87.8
LH-1,4/19/23 17:23,88.7
LH-1,4/19/23 17:38,87.8
LH-1,4/19/23 17:53,86
LH-1,4/19/23 18:08,85.1
LH-1,4/19/23 18:23,84.2
LH-1,4/19/23 18:38,83.3
LH-1,4/19/23 18:53,81.5
LH-1,4/19/23 19:08,80.6
LH-1,4/19/23 19:23,79.7
LH-1,4/19/23 19:38,79.7
LH-1,4/19/23 19:53,78.8
LH-1,4/19/23 20:08,77.9
LH-1,4/19/23 20:23,77
LH-1,4/19/23 20:38,76.1
LH-1,4/19/23 20:53,75.2
LH-1,4/19/23 21:08,74.3
LH-1,4/19/23 21:23,73.4
LH-1,4/19/23 21:38,72.5
LH-1,4/19/23 21:53,72.5
LH-1,4/19/23 22:08,71.6
LH-1,4/19/23 22:23,70.7
LH-1,4/19/23 22:38,69.8
LH-1,4/19/23 22:53,68.9
LH-1,4/19/23 23:08,68.9
LH-1,4/19/23 23:23,68
LH-1,4/19/23 23:38,67.1
LH-1,4/19/23 23:53,66.2
LH-1,4/20/23 0:08,65.3
LH-1,4/20/23 0:23,64.4
LH-1,4/20/23 0:38,63.5
LH-1,4/20/23 0:53,62.6
LH-1,4/20/23 1:08,61.7
LH-1,4/20/23 1:23,60.8
LH-1,4/20/23 1:38,59.9
LH-1,4/20/23 1:53,59
LH-1,4/20/23 2:08,58.1
LH-1,4/20/23 2:23,58.1
LH-1,4/20/23 2:38,57.2
LH-1,4/20/23 2:53,56.3
LH-1,4/20/23 3:08,55.4
LH-1,4/20/23 3:23,54.5
LH-1,4/20/23 3:38,54.5
LH-1,4/20/23 3:53,53.6
LH-1,4/20/23 4:08,52.7
LH-1,4/20/23 4:23,52.7
LH-1,4/20/23 4:38,51.8
LH-1,4/20/23 4:53,50.9
LH-1,4/20/23 5:08,50.9
LH-1,4/20/23 5:23,50.9
LH-1,4/20/23 5:38,50
LH-1,4/20/23 5:53,50
LH-1,4/20/23 6:08,50
LH-1,4/20/23 6:23,50
LH-1,4/20/23 6:38,49.1
LH-1,4/20/23 6:53,49.1
LH-1,4/20/23 7:08,49.1
LH-1,4/20/23 7:23,50
LH-1,4/20/23 7:38,50
LH-1,4/20/23 7:53,50.9
LH-1,4/20/23 8:08,51.8
LH-1,4/20/23 8:23,53.6
LH-1,4/20/23 8:38,54.5
LH-1,4/20/23 8:53,55.4
LH-1,4/20/23 9:08,57.2
LH-1,4/20/23 9:23,58.1
LH-1,4/20/23 9:38,59.9
LH-1,4/20/23 9:53,60.8
LH-1,4/20/23 10:08,62.6
LH-1,4/20/23 10:23,64.4
LH-1,4/20/23 10:38,65.3
LH-1,4/20/23 10:53,67.1
LH-1,4/20/23 11:08,68
LH-1,4/20/23 11:23,68.9
LH-1,4/20/23 11:38,70.7
LH-1,4/20/23 11:53,72.5
LH-1,4/20/23 12:08,72.5
LH-1,4/20/23 12:23,74.3
LH-1,4/20/23 12:38,75.2
LH-1,4/20/23 12:53,76.1
LH-1,4/20/23 13:08,77
LH-1,4/20/23 13:23,77
LH-1,4/20/23 13:38,77.9
LH-1,4/20/23 13:53,78.8
LH-1,4/20/23 14:08,78.8
LH-1,4/20/23 14:23,79.7
LH-1,4/20/23 14:38,79.7
LH-1,4/20/23 14:53,80.6
LH-1,4/20/23 15:08,80.6
LH-1,4/20/23 15:23,81.5
LH-1,4/20/23 15:38,82.4
LH-1,4/20/23 15:53,82.4
LH-1,4/20/23 16:08,83.3
LH-1,4/20/23 16:23,83.3
LH-1,4/20/23 16:38,83.3
LH-1,4/20/23 16:53,83.3
LH-1,4/20/23 17:08,84.2
LH-1,4/20/23 17:23,84.2
LH-1,4/20/23 17:38,84.2
LH-1,4/20/23 17:53,84.2
LH-1,4/20/23 18:08,84.2
LH-1,4/20/23 18:23,84.2
LH-1,4/20/23 18:38,83.3
LH-1,4/20/23 18:53,81.5
LH-1,4/20/23 19:08,80.6
LH-1,4/20/23 19:23,79.7
LH-1,4/20/23 19:38,78.8
LH-1,4/20/23 19:53,77.9
LH-1,4/20/23 20:08,77
LH-1,4/20/23 20:23,76.1
LH-1,4/20/23 20:38,75.2
LH-1,4/20/23 20:53,74.3
LH-1,4/20/23 21:08,73.4
LH-1,4/20/23 21:23,72.5
LH-1,4/20/23 21:38,71.6
LH-1,4/20/23 21:53,69.8
LH-1,4/20/23 22:08,68.9
LH-1,4/20/23 22:23,68
LH-1,4/20/23 22:38,67.1
LH-1,4/20/23 22:53,66.2
LH-1,4/20/23 23:08,65.3
LH-1,4/20/23 23:23,64.4
LH-1,4/20/23 23:38,64.4
LH-1,4/20/23 23:53,63.5
LH-1,4/21/23 0:08,62.6
LH-1,4/21/23 0:23,62.6
LH-1,4/21/23 0:38,61.7
LH-1,4/21/23 0:53,60.8
LH-1,4/21/23 1:08,59.9
LH-1,4/21/23 1:23,59.9
LH-1,4/21/23 1:38,59
LH-1,4/21/23 1:53,59
LH-1,4/21/23 2:08,58.1
LH-1,4/21/23 2:23,58.1
LH-1,4/21/23 2:38,57.2
LH-1,4/21/23 2:53,57.2
LH-1,4/21/23 3:08,56.3
LH-1,4/21/23 3:23,56.3
LH-1,4/21/23 3:38,55.4
LH-1,4/21/23 3:53,55.4
LH-1,4/21/23 4:08,54.5
LH-1,4/21/23 4:23,54.5
LH-1,4/21/23 4:38,54.5
LH-1,4/21/23 4:53,53.6
LH-1,4/21/23 5:08,53.6
LH-1,4/21/23 5:23,52.7
LH-1,4/21/23 5:38,52.7
LH-1,4/21/23 5:53,51.8
LH-1,4/21/23 6:08,51.8
LH-1,4/21/23 6:23,50.9
LH-1,4/21/23 6:38,50.9
LH-1,4/21/23 6:53,50.9
LH-1,4/21/23 7:08,50.9
LH-1,4/21/23 7:23,51.8
LH-1,4/21/23 7:38,51.8
LH-1,4/21/23 7:53,52.7
LH-1,4/21/23 8:08,53.6
LH-1,4/21/23 8:23,55.4
LH-1,4/21/23 8:38,56.3
LH-1,4/21/23 8:53,58.1
LH-1,4/21/23 9:08,59
LH-1,4/21/23 9:23,60.8
LH-1,4/21/23 9:38,61.7
LH-1,4/21/23 9:53,63.5
LH-1,4/21/23 10:08,65.3
LH-1,4/21/23 10:23,67.1
LH-1,4/21/23 10:38,68
LH-1,4/21/23 10:53,69.8
LH-1,4/21/23 11:08,71.6
LH-1,4/21/23 11:23,72.5
LH-1,4/21/23 11:38,74.3
LH-1,4/21/23 11:53,75.2
LH-1,4/21/23 12:08,77
LH-1,4/21/23 12:23,77.9
LH-1,4/21/23 12:38,79.7
LH-1,4/21/23 12:53,80.6
LH-1,4/21/23 13:08,81.5
LH-1,4/21/23 13:23,82.4
LH-1,4/21/23 13:38,83.3
LH-1,4/21/23 13:53,84.2
LH-1,4/21/23 14:08,85.1
LH-1,4/21/23 14:23,86
LH-1,4/21/23 14:38,86
LH-1,4/21/23 14:53,86.9
LH-1,4/21/23 15:08,86.9
LH-1,4/21/23 15:23,87.8
LH-1,4/21/23 15:38,88.7
LH-1,4/21/23 15:53,88.7
LH-1,4/21/23 16:08,89.6
LH-1,4/21/23 16:23,89.6
LH-1,4/21/23 16:38,89.6
LH-1,4/21/23 16:53,90.5
LH-1,4/21/23 17:08,90.5
LH-1,4/21/23 17:23,91.4
LH-1,4/21/23 17:38,91.4
LH-1,4/21/23 17:53,90.5
LH-1,4/21/23 18:08,90.5
LH-1,4/21/23 18:23,90.5
LH-1,4/21/23 18:38,88.7
LH-1,4/21/23 18:53,87.8
LH-1,4/21/23 19:08,86.9
LH-1,4/21/23 19:23,86
LH-1,4/21/23 19:38,85.1
LH-1,4/21/23 19:53,83.3
LH-1,4/21/23 20:08,82.4
LH-1,4/21/23 20:23,81.5
LH-1,4/21/23 20:38,80.6
LH-1,4/21/23 20:53,79.7
LH-1,4/21/23 21:08,78.8
LH-1,4/21/23 21:23,77
LH-1,4/21/23 21:38,76.1
LH-1,4/21/23 21:53,75.2
LH-1,4/21/23 22:08,74.3
LH-1,4/21/23 22:23,74.3
LH-1,4/21/23 22:38,73.4
LH-1,4/21/23 22:53,72.5
LH-1,4/21/23 23:08,71.6
LH-1,4/21/23 23:23,70.7
LH-1,4/21/23 23:38,69.8
LH-1,4/21/23 23:53,68.9
LH-1,4/22/23 0:08,68
LH-1,4/22/23 0:23,67.1
LH-1,4/22/23 0:38,67.1
LH-1,4/22/23 0:53,66.2
LH-1,4/22/23 1:08,65.3
LH-1,4/22/23 1:23,65.3
LH-1,4/22/23 1:38,64.4
LH-1,4/22/23 1:53,63.5
LH-1,4/22/23 2:08,63.5
LH-1,4/22/23 2:23,62.6
LH-1,4/22/23 2:38,62.6
LH-1,4/22/23 2:53,61.7
LH-1,4/22/23 3:08,60.8
LH-1,4/22/23 3:23,60.8
LH-1,4/22/23 3:38,59.9
LH-1,4/22/23 3:53,59.9
LH-1,4/22/23 4:08,59
LH-1,4/22/23 4:23,59
LH-1,4/22/23 4:38,58.1
LH-1,4/22/23 4:53,58.1
LH-1,4/22/23 5:08,58.1
LH-1,4/22/23 5:23,57.2
LH-1,4/22/23 5:38,57.2
LH-1,4/22/23 5:53,56.3
LH-1,4/22/23 6:08,56.3
LH-1,4/22/23 6:23,55.4
LH-1,4/22/23 6:38,55.4
LH-1,4/22/23 6:53,55.4
LH-1,4/22/23 7:08,55.4
LH-1,4/22/23 7:23,56.3
LH-1,4/22/23 7:38,56.3
LH-1,4/22/23 7:53,57.2
LH-1,4/22/23 8:08,58.1
LH-1,4/22/23 8:23,59.9
LH-1,4/22/23 8:38,60.8
LH-1,4/22/23 8:53,61.7
LH-1,4/22/23 9:08,63.5
LH-1,4/22/23 9:23,65.3
LH-1,4/22/23 9:38,66.2
LH-1,4/22/23 9:53,68
LH-1,4/22/23 10:08,69.8
LH-1,4/22/23 10:23,70.7
LH-1,4/22/23 10:38,72.5
LH-1,4/22/23 10:53,74.3
LH-1,4/22/23 11:08,75.2
LH-1,4/22/23 11:23,77
LH-1,4/22/23 11:38,77.9
LH-1,4/22/23 11:53,79.7
LH-1,4/22/23 12:08,80.6
LH-1,4/22/23 12:23,81.5
LH-1,4/22/23 12:38,82.4
LH-1,4/22/23 12:53,83.3
LH-1,4/22/23 13:08,85.1
LH-1,4/22/23 13:23,85.1
LH-1,4/22/23 13:38,86
LH-1,4/22/23 13:53,86.9
LH-1,4/22/23 14:08,86.9
LH-1,4/22/23 14:23,87.8
LH-1,4/22/23 14:38,88.7
LH-1,4/22/23 14:53,88.7
LH-1,4/22/23 15:08,89.6
LH-1,4/22/23 15:23,89.6
LH-1,4/22/23 15:38,90.5
LH-1,4/22/23 15:53,91.4
LH-1,4/22/23 16:08,91.4
LH-1,4/22/23 16:23,91.4
LH-1,4/22/23 16:38,92.3
LH-1,4/22/23 16:53,92.3
LH-1,4/22/23 17:08,92.3
LH-1,4/22/23 17:23,93.2
LH-1,4/22/23 17:38,92.3
LH-1,4/22/23 17:53,92.3
LH-1,4/22/23 18:08,92.3
LH-1,4/22/23 18:23,91.4
LH-1,4/22/23 18:38,90.5
LH-1,4/22/23 18:53,89.6
LH-1,4/22/23 19:08,89.6
LH-1,4/22/23 19:23,88.7
LH-1,4/22/23 19:38,86.9
LH-1,4/22/23 19:53,86
LH-1,4/22/23 20:08,85.1
LH-1,4/22/23 20:23,84.2
LH-1,4/22/23 20:38,82.4
LH-1,4/22/23 20:53,82.4
LH-1,4/22/23 21:08,80.6
LH-1,4/22/23 21:23,79.7
LH-1,4/22/23 21:38,78.8
LH-1,4/22/23 21:53,77.9
LH-1,4/22/23 22:08,77
LH-1,4/22/23 22:23,76.1
LH-1,4/22/23 22:38,75.2
LH-1,4/22/23 22:53,75.2
LH-1,4/22/23 23:08,74.3
LH-1,4/22/23 23:23,73.4
LH-1,4/22/23 23:38,72.5
LH-1,4/22/23 23:53,71.6
LH-1,4/23/23 0:08,71.6
LH-1,4/23/23 0:23,70.7
LH-1,4/23/23 0:38,69.8
LH-1,4/23/23 0:53,68.9
LH-1,4/23/23 1:08,68.9
LH-1,4/23/23 1:23,68
LH-1,4/23/23 1:38,68
LH-1,4/23/23 1:53,67.1
LH-1,4/23/23 2:08,67.1
LH-1,4/23/23 2:23,66.2
LH-1,4/23/23 2:38,66.2
LH-1,4/23/23 2:53,66.2
LH-1,4/23/23 3:08,65.3
LH-1,4/23/23 3:23,65.3
LH-1,4/23/23 3:38,64.4
LH-1,4/23/23 3:53,63.5
LH-1,4/23/23 4:08,63.5
LH-1,4/23/23 4:23,62.6
LH-1,4/23/23 4:38,62.6
LH-1,4/23/23 4:53,61.7
LH-1,4/23/23 5:08,61.7
LH-1,4/23/23 5:23,61.7
LH-1,4/23/23 5:38,60.8
LH-1,4/23/23 5:53,60.8
LH-1,4/23/23 6:08,60.8
LH-1,4/23/23 6:23,59.9
LH-1,4/23/23 6:38,59.9
LH-1,4/23/23 6:53,59.9
LH-1,4/23/23 7:08,59.9
LH-1,4/23/23 7:23,59.9
LH-1,4/23/23 7:38,60.8
LH-1,4/23/23 7:53,60.8
LH-1,4/23/23 8:08,61.7
LH-1,4/23/23 8:23,62.6
LH-1,4/23/23 8:38,64.4
LH-1,4/23/23 8:53,65.3
LH-1,4/23/23 9:08,66.2
LH-1,4/23/23 9:23,68
LH-1,4/23/23 9:38,69.8
LH-1,4/23/23 9:53,70.7
LH-1,4/23/23 10:08,72.5
LH-1,4/23/23 10:23,74.3
LH-1,4/23/23 10:38,75.2
LH-1,4/23/23 10:53,77
LH-1,4/23/23 11:08,77.9
LH-1,4/23/23 11:23,79.7
LH-1,4/23/23 11:38,81.5
LH-1,4/23/23 11:53,82.4
LH-1,4/23/23 12:08,83.3
LH-1,4/23/23 12:23,85.1
LH-1,4/23/23 12:38,86
LH-1,4/23/23 12:53,87.8
LH-1,4/23/23 13:08,87.8
LH-1,4/23/23 13:23,87.8
LH-1,4/23/23 13:38,88.7
LH-1,4/23/23 13:53,89.6
LH-1,4/23/23 14:08,90.5
LH-1,4/23/23 14:23,91.4
LH-1,4/23/23 14:38,91.4
LH-1,4/23/23 14:53,92.3
LH-1,4/23/23 15:08,92.3
LH-1,4/23/23 15:23,93.2
LH-1,4/23/23 15:38,94.1
LH-1,4/23/23 15:53,94.1
LH-1,4/23/23 16:08,95
LH-1,4/23/23 16:23,95
LH-1,4/23/23 16:38,95
LH-1,4/23/23 16:53,95.9
LH-1,4/23/23 17:08,95.9
LH-1,4/23/23 17:23,95.9
LH-1,4/23/23 17:38,95.9
LH-1,4/23/23 17:53,95.9
LH-1,4/23/23 18:08,95
LH-1,4/23/23 18:23,95
LH-1,4/23/23 18:38,94.1
LH-1,4/23/23 18:53,93.2
LH-1,4/23/23 19:08,92.3
LH-1,4/23/23 19:23,91.4
LH-1,4/23/23 19:38,90.5
LH-1,4/23/23 19:53,88.7
LH-1,4/23/23 20:08,87.8
LH-1,4/23/23 20:23,86.9
LH-1,4/23/23 20:38,86
LH-1,4/23/23 20:53,85.1
LH-1,4/23/23 21:08,84.2
LH-1,4/23/23 21:23,83.3
LH-1,4/23/23 21:38,82.4
LH-1,4/23/23 21:53,81.5
LH-1,4/23/23 22:08,80.6
LH-1,4/23/23 22:23,79.7
LH-1,4/23/23 22:38,78.8
LH-1,4/23/23 22:53,77.9
LH-1,4/23/23 23:08,77
LH-1,4/23/23 23:23,76.1
LH-1,4/23/23 23:38,75.2
LH-1,4/23/23 23:53,74.3
LH-1,4/24/23 0:08,73.4
LH-1,4/24/23 0:23,72.5
LH-1,4/24/23 0:38,72.5
LH-1,4/24/23 0:53,71.6
LH-1,4/24/23 1:08,70.7
LH-1,4/24/23 1:23,69.8
LH-1,4/24/23 1:38,69.8
LH-1,4/24/23 1:53,68.9
LH-1,4/24/23 2:08,68
LH-1,4/24/23 2:23,68
LH-1,4/24/23 2:38,67.1
LH-1,4/24/23 2:53,67.1
LH-1,4/24/23 3:08,66.2
LH-1,4/24/23 3:23,66.2
LH-1,4/24/23 3:38,65.3
LH-1,4/24/23 3:53,65.3
LH-1,4/24/23 4:08,64.4
LH-1,4/24/23 4:23,64.4
LH-1,4/24/23 4:38,63.5
LH-1,4/24/23 4:53,63.5
LH-1,4/24/23 5:08,62.6
LH-1,4/24/23 5:23,61.7
LH-1,4/24/23 5:38,60.8
LH-1,4/24/23 5:53,60.8
LH-1,4/24/23 6:08,59.9
LH-1,4/24/23 6:23,59
LH-1,4/24/23 6:38,59
LH-1,4/24/23 6:53,59.9
LH-1,4/24/23 7:08,59.9
LH-1,4/24/23 7:23,59.9
LH-1,4/24/23 7:38,60.8
LH-1,4/24/23 7:53,61.7
LH-1,4/24/23 8:08,62.6
LH-1,4/24/23 8:23,63.5
LH-1,4/24/23 8:38,65.3
LH-1,4/24/23 8:53,66.2
LH-1,4/24/23 9:08,68
LH-1,4/24/23 9:23,68.9
LH-1,4/24/23 9:38,70.7
LH-1,4/24/23 9:53,71.6
LH-1,4/24/23 10:08,73.4
LH-1,4/24/23 10:23,74.3
LH-1,4/24/23 10:38,76.1
LH-1,4/24/23 10:53,77
LH-1,4/24/23 11:08,78.8
LH-1,4/24/23 11:23,79.7
LH-1,4/24/23 11:38,80.6
LH-1,4/24/23 11:53,82.4
LH-1,4/24/23 12:08,83.3
LH-1,4/24/23 12:23,84.2
LH-1,4/24/23 12:38,85.1
LH-1,4/24/23 12:53,86
LH-1,4/24/23 13:08,86.9
LH-1,4/24/23 13:23,87.8
LH-1,4/24/23 13:38,88.7
LH-1,4/24/23 13:53,88.7
LH-1,4/24/23 14:08,89.6
LH-1,4/24/23 14:23,89.6
LH-1,4/24/23 14:38,90.5
LH-1,4/24/23 14:53,90.5
LH-1,4/24/23 15:08,91.4
LH-1,4/24/23 15:23,91.4
LH-1,4/24/23 15:38,92.3
LH-1,4/24/23 15:53,92.3
LH-1,4/24/23 16:08,93.2
LH-1,4/24/23 16:23,93.2
LH-1,4/24/23 16:38,94.1
LH-1,4/24/23 16:53,94.1
LH-1,4/24/23 17:08,95
LH-1,4/24/23 17:23,95
LH-1,4/24/23 17:38,94.1
LH-1,4/24/23 17:53,94.1
LH-1,4/24/23 18:08,93.2
LH-1,4/24/23 18:23,93.2
LH-1,4/24/23 18:38,91.4
LH-1,4/24/23 18:53,90.5
LH-1,4/24/23 19:08,89.6
LH-1,4/24/23 19:23,88.7
LH-1,4/24/23 19:38,87.8
LH-1,4/24/23 19:53,86.9
LH-1,4/24/23 20:08,86
LH-1,4/24/23 20:23,85.1
LH-1,4/24/23 20:38,84.2
LH-1,4/24/23 20:53,84.2
LH-1,4/24/23 21:08,83.3
LH-1,4/24/23 21:23,82.4
LH-1,4/24/23 21:38,81.5
LH-1,4/24/23 21:53,80.6
LH-1,4/24/23 22:08,80.6
LH-1,4/24/23 22:23,79.7
LH-1,4/24/23 22:38,78.8
LH-1,4/24/23 22:53,77.9
LH-1,4/24/23 23:08,77
LH-1,4/24/23 23:23,76.1
LH-1,4/24/23 23:38,75.2
LH-1,4/24/23 23:53,74.3
LH-1,4/25/23 0:08,73.4
LH-1,4/25/23 0:23,72.5
LH-1,4/25/23 0:38,72.5
LH-1,4/25/23 0:53,71.6
LH-1,4/25/23 1:08,70.7
LH-1,4/25/23 1:23,69.8
LH-1,4/25/23 1:38,68.9
LH-1,4/25/23 1:53,68.9
LH-1,4/25/23 2:08,68
LH-1,4/25/23 2:23,68
LH-1,4/25/23 2:38,68
LH-1,4/25/23 2:53,68
LH-1,4/25/23 3:08,68
LH-1,4/25/23 3:23,68
LH-1,4/25/23 3:38,67.1
LH-1,4/25/23 3:53,67.1
LH-1,4/25/23 4:08,67.1
LH-1,4/25/23 4:23,67.1
LH-1,4/25/23 4:38,67.1
LH-1,4/25/23 4:53,67.1
LH-1,4/25/23 5:08,67.1
LH-1,4/25/23 5:23,66.2
LH-1,4/25/23 5:38,66.2
LH-1,4/25/23 5:53,66.2
LH-1,4/25/23 6:08,65.3
LH-1,4/25/23 6:23,65.3
LH-1,4/25/23 6:38,64.4
LH-1,4/25/23 6:53,64.4
LH-1,4/25/23 7:08,64.4
LH-1,4/25/23 7:23,65.3
LH-1,4/25/23 7:38,65.3
LH-1,4/25/23 7:53,66.2
LH-1,4/25/23 8:08,67.1
LH-1,4/25/23 8:23,68
LH-1,4/25/23 8:38,68.9
LH-1,4/25/23 8:53,69.8
LH-1,4/25/23 9:08,70.7
LH-1,4/25/23 9:23,71.6
LH-1,4/25/23 9:38,73.4
LH-1,4/25/23 9:53,74.3
LH-1,4/25/23 10:08,75.2
LH-1,4/25/23 10:23,76.1
LH-1,4/25/23 10:38,77
LH-1,4/25/23 10:53,78.8
LH-1,4/25/23 11:08,79.7
LH-1,4/25/23 11:23,80.6
LH-1,4/25/23 11:38,81.5
LH-1,4/25/23 11:53,82.4
LH-1,4/25/23 12:08,83.3
LH-1,4/25/23 12:23,84.2
LH-1,4/25/23 12:38,85.1
LH-1,4/25/23 12:53,86
LH-1,4/25/23 13:08,86.9
LH-1,4/25/23 13:23,87.8
LH-1,4/25/23 13:38,87.8
LH-1,4/25/23 13:53,88.7
LH-1,4/25/23 14:08,88.7
LH-1,4/25/23 14:23,89.6
LH-1,4/25/23 14:38,89.6
LH-1,4/25/23 14:53,89.6
LH-1,4/25/23 15:08,90.5
LH-1,4/25/23 15:23,90.5
LH-1,4/25/23 15:38,91.4
LH-1,4/25/23 15:53,91.4
LH-1,4/25/23 16:08,91.4
LH-1,4/25/23 16:23,91.4
LH-1,4/25/23 16:38,91.4
LH-1,4/25/23 16:53,92.3
LH-1,4/25/23 17:08,92.3
LH-1,4/25/23 17:23,92.3
LH-1,4/25/23 17:38,92.3
LH-1,4/25/23 17:53,92.3
LH-1,4/25/23 18:08,91.4
LH-1,4/25/23 18:23,91.4
LH-1,4/25/23 18:38,90.5
LH-1,4/25/23 18:53,88.7
LH-1,4/25/23 19:08,87.8
LH-1,4/25/23 19:23,86.9
LH-1,4/25/23 19:38,86.9
LH-1,4/25/23 19:53,86
LH-1,4/25/23 20:08,85.1
LH-1,4/25/23 20:23,84.2
LH-1,4/25/23 20:38,83.3
LH-1,4/25/23 20:53,82.4
LH-1,4/25/23 21:08,81.5
LH-1,4/25/23 21:23,81.5
LH-1,4/25/23 21:38,80.6
LH-1,4/25/23 21:53,79.7
LH-1,4/25/23 22:08,79.7
LH-1,4/25/23 22:23,78.8
LH-1,4/25/23 22:38,77.9
LH-1,4/25/23 22:53,77.9
LH-1,4/25/23 23:08,77
LH-1,4/25/23 23:23,76.1
LH-1,4/25/23 23:38,75.2
LH-1,4/25/23 23:53,74.3
LH-1,4/26/23 0:08,73.4
LH-1,4/26/23 0:23,72.5
LH-1,4/26/23 0:38,72.5
LH-1,4/26/23 0:53,71.6
LH-1,4/26/23 1:08,70.7
LH-1,4/26/23 1:23,70.7
LH-1,4/26/23 1:38,69.8
LH-1,4/26/23 1:53,68.9
LH-1,4/26/23 2:08,68
LH-1,4/26/23 2:23,68
LH-1,4/26/23 2:38,67.1
LH-1,4/26/23 2:53,66.2
LH-1,4/26/23 3:08,65.3
LH-1,4/26/23 3:23,65.3
LH-1,4/26/23 3:38,64.4
LH-1,4/26/23 3:53,63.5
LH-1,4/26/23 4:08,62.6
LH-1,4/26/23 4:23,62.6
LH-1,4/26/23 4:38,61.7
LH-1,4/26/23 4:53,61.7
LH-1,4/26/23 5:08,60.8
LH-1,4/26/23 5:23,60.8
LH-1,4/26/23 5:38,59.9
LH-1,4/26/23 5:53,59.9
LH-1,4/26/23 6:08,59.9
LH-1,4/26/23 6:23,59
LH-1,4/26/23 6:38,59
LH-1,4/26/23 6:53,59
LH-1,4/26/23 7:08,59
LH-1,4/26/23 7:23,59
LH-1,4/26/23 7:38,59.9
LH-1,4/26/23 7:53,60.8
LH-1,4/26/23 8:08,61.7
LH-1,4/26/23 8:23,62.6
LH-1,4/26/23 8:38,63.5
LH-1,4/26/23 8:53,65.3
LH-1,4/26/23 9:08,66.2
LH-1,4/26/23 9:23,68
LH-1,4/26/23 9:38,68.9
LH-1,4/26/23 9:53,70.7
LH-1,4/26/23 10:08,71.6
LH-1,4/26/23 10:23,72.5
LH-1,4/26/23 10:38,73.4
LH-1,4/26/23 10:53,75.2
LH-1,4/26/23 11:08,76.1
LH-1,4/26/23 11:23,77
LH-1,4/26/23 11:38,77.9
LH-1,4/26/23 11:53,79.7
LH-1,4/26/23 12:08,79.7
LH-1,4/26/23 12:23,80.6
LH-1,4/26/23 12:38,81.5
LH-1,4/26/23 12:53,82.4
LH-1,4/26/23 13:08,83.3
LH-1,4/26/23 13:23,83.3
LH-1,4/26/23 13:38,84.2
LH-1,4/26/23 13:53,84.2
LH-1,4/26/23 14:08,85.1
LH-1,4/26/23 14:23,85.1
LH-1,4/26/23 14:38,86
LH-1,4/26/23 14:53,86
LH-1,4/26/23 15:08,86.9
LH-1,4/26/23 15:23,86.9
LH-1,4/26/23 15:38,87.8
LH-1,4/26/23 15:53,87.8
LH-1,4/26/23 16:08,88.7
LH-1,4/26/23 16:23,88.7
LH-1,4/26/23 16:38,88.7
LH-1,4/26/23 16:53,89.6
LH-1,4/26/23 17:08,89.6
LH-1,4/26/23 17:23,89.6
LH-1,4/26/23 17:38,89.6
LH-1,4/26/23 17:53,89.6
LH-1,4/26/23 18:08,89.6
LH-1,4/26/23 18:23,89.6
LH-1,4/26/23 18:38,88.7
LH-1,4/26/23 18:53,87.8
LH-1,4/26/23 19:08,86
LH-1,4/26/23 19:23,85.1
LH-1,4/26/23 19:38,84.2
LH-1,4/26/23 19:53,83.3
LH-1,4/26/23 20:08,82.4
LH-1,4/26/23 20:23,80.6
LH-1,4/26/23 20:38,79.7
LH-1,4/26/23 20:53,78.8
LH-1,4/26/23 21:08,77.9
LH-1,4/26/23 21:23,76.1
LH-1,4/26/23 21:38,75.2
LH-1,4/26/23 21:53,74.3
LH-1,4/26/23 22:08,73.4
LH-1,4/26/23 22:23,72.5
LH-1,4/26/23 22:38,71.6
LH-1,4/26/23 22:53,71.6
LH-1,4/26/23 23:08,70.7
LH-1,4/26/23 23:23,69.8
LH-1,4/26/23 23:38,68.9
LH-1,4/26/23 23:53,68
LH-1,4/27/23 0:08,68
LH-1,4/27/23 0:23,67.1
LH-1,4/27/23 0:38,66.2
LH-1,4/27/23 0:53,65.3
LH-1,4/27/23 1:08,65.3
LH-1,4/27/23 1:23,64.4
LH-1,4/27/23 1:38,64.4
LH-1,4/27/23 1:53,63.5
LH-1,4/27/23 2:08,63.5
LH-1,4/27/23 2:23,62.6
LH-1,4/27/23 2:38,62.6
LH-1,4/27/23 2:53,61.7
LH-1,4/27/23 3:08,61.7
LH-1,4/27/23 3:23,60.8
LH-1,4/27/23 3:38,60.8
LH-1,4/27/23 3:53,59.9
LH-1,4/27/23 4:08,59.9
LH-1,4/27/23 4:23,59.9
LH-1,4/27/23 4:38,59
LH-1,4/27/23 4:53,59
LH-1,4/27/23 5:08,58.1
LH-1,4/27/23 5:23,58.1
LH-1,4/27/23 5:38,57.2
LH-1,4/27/23 5:53,57.2
LH-1,4/27/23 6:08,56.3
LH-1,4/27/23 6:23,56.3
LH-1,4/27/23 6:38,56.3
LH-1,4/27/23 6:53,56.3
LH-1,4/27/23 7:08,56.3
LH-1,4/27/23 7:23,56.3
LH-1,4/27/23 7:38,57.2
LH-1,4/27/23 7:53,58.1
LH-1,4/27/23 8:08,59
LH-1,4/27/23 8:23,59.9
LH-1,4/27/23 8:38,60.8
LH-1,4/27/23 8:53,62.6
LH-1,4/27/23 9:08,63.5
LH-1,4/27/23 9:23,65.3
LH-1,4/27/23 9:38,67.1
LH-1,4/27/23 9:53,68
LH-1,4/27/23 10:08,69.8
LH-1,4/27/23 10:23,71.6
LH-1,4/27/23 10:38,73.4
LH-1,4/27/23 10:53,74.3
LH-1,4/27/23 11:08,76.1
LH-1,4/27/23 11:23,77.9
LH-1,4/27/23 11:38,78.8
LH-1,4/27/23 11:53,80.6
LH-1,4/27/23 12:08,81.5
LH-1,4/27/23 12:23,83.3
LH-1,4/27/23 12:38,84.2
LH-1,4/27/23 12:53,85.1
LH-1,4/27/23 13:08,86
LH-1,4/27/23 13:23,86.9
LH-1,4/27/23 13:38,87.8
LH-1,4/27/23 13:53,88.7
LH-1,4/27/23 14:08,88.7
LH-1,4/27/23 14:23,89.6
LH-1,4/27/23 14:38,89.6
LH-1,4/27/23 14:53,90.5
LH-1,4/27/23 15:08,91.4
LH-1,4/27/23 15:23,91.4
LH-1,4/27/23 15:38,92.3
LH-1,4/27/23 15:53,92.3
LH-1,4/27/23 16:08,92.3
LH-1,4/27/23 16:23,93.2
LH-1,4/27/23 16:38,93.2
LH-1,4/27/23 16:53,93.2
LH-1,4/27/23 17:08,94.1
LH-1,4/27/23 17:23,94.1
LH-1,4/27/23 17:38,94.1
LH-1,4/27/23 17:53,95
LH-1,4/27/23 18:08,94.1
LH-1,4/27/23 18:23,94.1
LH-1,4/27/23 18:38,93.2
LH-1,4/27/23 18:53,91.4
LH-1,4/27/23 19:08,90.5
LH-1,4/27/23 19:23,89.6
LH-1,4/27/23 19:38,88.7
LH-1,4/27/23 19:53,87.8
LH-1,4/27/23 20:08,86
LH-1,4/27/23 20:23,85.1
LH-1,4/27/23 20:38,84.2
LH-1,4/27/23 20:53,83.3
LH-1,4/27/23 21:08,82.4
LH-1,4/27/23 21:23,80.6
LH-1,4/27/23 21:38,79.7
LH-1,4/27/23 21:53,78.8
LH-1,4/27/23 22:08,77.9
LH-1,4/27/23 22:23,77
LH-1,4/27/23 22:38,76.1
LH-1,4/27/23 22:53,75.2
LH-1,4/27/23 23:08,74.3
LH-1,4/27/23 23:23,73.4
LH-1,4/27/23 23:38,72.5
LH-1,4/27/23 23:53,71.6
LH-1,4/28/23 0:08,70.7
LH-1,4/28/23 0:23,69.8
LH-1,4/28/23 0:38,68.9
LH-1,4/28/23 0:53,68
LH-1,4/28/23 1:08,68
LH-1,4/28/23 1:23,67.1
LH-1,4/28/23 1:38,66.2
LH-1,4/28/23 1:53,65.3
LH-1,4/28/23 2:08,65.3
LH-1,4/28/23 2:23,64.4
LH-1,4/28/23 2:38,64.4
LH-1,4/28/23 2:53,63.5
LH-1,4/28/23 3:08,63.5
LH-1,4/28/23 3:23,62.6
LH-1,4/28/23 3:38,62.6
LH-1,4/28/23 3:53,61.7
LH-1,4/28/23 4:08,61.7
LH-1,4/28/23 4:23,60.8
LH-1,4/28/23 4:38,60.8
LH-1,4/28/23 4:53,59.9
LH-1,4/28/23 5:08,59.9
LH-1,4/28/23 5:23,59.9
LH-1,4/28/23 5:38,59
LH-1,4/28/23 5:53,59
LH-1,4/28/23 6:08,58.1
LH-1,4/28/23 6:23,58.1
LH-1,4/28/23 6:38,58.1
LH-1,4/28/23 6:53,58.1
LH-1,4/28/23 7:08,58.1
LH-1,4/28/23 7:23,59
LH-1,4/28/23 7:38,59
LH-1,4/28/23 7:53,59.9
LH-1,4/28/23 8:08,61.7
LH-1,4/28/23 8:23,62.6
LH-1,4/28/23 8:38,63.5
LH-1,4/28/23 8:53,65.3
LH-1,4/28/23 9:08,66.2
LH-1,4/28/23 9:23,68
LH-1,4/28/23 9:38,69.8
LH-1,4/28/23 9:53,71.6
LH-1,4/28/23 10:08,73.4
LH-1,4/28/23 10:23,74.3
LH-1,4/28/23 10:38,76.1
LH-1,4/28/23 10:53,77.9
LH-1,4/28/23 11:08,78.8
LH-1,4/28/23 11:23,80.6
LH-1,4/28/23 11:38,82.4
LH-1,4/28/23 11:53,83.3
LH-1,4/28/23 12:08,85.1
LH-1,4/28/23 12:23,85.1
LH-1,4/28/23 12:38,86
LH-1,4/28/23 12:53,86.9
LH-1,4/28/23 13:08,88.7
LH-1,4/28/23 13:23,89.6
LH-1,4/28/23 13:38,90.5
LH-1,4/28/23 13:53,91.4
LH-1,4/28/23 14:08,92.3
LH-1,4/28/23 14:23,93.2
LH-1,4/28/23 14:38,93.2
LH-1,4/28/23 14:53,94.1
LH-1,4/28/23 15:08,94.1
LH-1,4/28/23 15:23,95
LH-1,4/28/23 15:38,95
LH-1,4/28/23 15:53,95.9
LH-1,4/28/23 16:08,96.8
LH-1,4/28/23 16:23,96.8
LH-1,4/28/23 16:38,96.8
LH-1,4/28/23 16:53,96.8
LH-1,4/28/23 17:08,96.8
LH-1,4/28/23 17:23,96.8
LH-1,4/28/23 17:38,96.8
LH-1,4/28/23 17:53,96.8
LH-1,4/28/23 18:08,96.8
LH-1,4/28/23 18:23,95.9
LH-1,4/28/23 18:38,95
LH-1,4/28/23 18:53,94.1
LH-1,4/28/23 19:08,93.2
LH-1,4/28/23 19:23,92.3
LH-1,4/28/23 19:38,91.4
LH-1,4/28/23 19:53,90.5
LH-1,4/28/23 20:08,88.7
LH-1,4/28/23 20:23,87.8
LH-1,4/28/23 20:38,86.9
LH-1,4/28/23 20:53,85.1
LH-1,4/28/23 21:08,84.2
LH-1,4/28/23 21:23,83.3
LH-1,4/28/23 21:38,82.4
LH-1,4/28/23 21:53,81.5
LH-1,4/28/23 22:08,80.6
LH-1,4/28/23 22:23,79.7
LH-1,4/28/23 22:38,78.8
LH-1,4/28/23 22:53,77.9
LH-1,4/28/23 23:08,77
LH-1,4/28/23 23:23,77
LH-1,4/28/23 23:38,76.1
LH-1,4/28/23 23:53,76.1
LH-1,4/29/23 0:08,75.2
LH-1,4/29/23 0:23,75.2
LH-1,4/29/23 0:38,75.2
LH-1,4/29/23 0:53,75.2
LH-1,4/29/23 1:08,74.3
LH-1,4/29/23 1:23,74.3
LH-1,4/29/23 1:38,74.3
LH-1,4/29/23 1:53,73.4
LH-1,4/29/23 2:08,73.4
LH-1,4/29/23 2:23,72.5
LH-1,4/29/23 2:38,71.6
LH-1,4/29/23 2:53,71.6
LH-1,4/29/23 3:08,70.7
LH-1,4/29/23 3:23,70.7
LH-1,4/29/23 3:38,69.8
LH-1,4/29/23 3:53,69.8
LH-1,4/29/23 4:08,69.8
LH-1,4/29/23 4:23,68.9
LH-1,4/29/23 4:38,68.9
LH-1,4/29/23 4:53,68.9
LH-1,4/29/23 5:08,68
LH-1,4/29/23 5:23,67.1
LH-1,4/29/23 5:38,67.1
LH-1,4/29/23 5:53,66.2
LH-1,4/29/23 6:08,65.3
LH-1,4/29/23 6:23,65.3
LH-1,4/29/23 6:38,64.4
LH-1,4/29/23 6:53,64.4
LH-1,4/29/23 7:08,64.4
LH-1,4/29/23 7:23,64.4
LH-1,4/29/23 7:38,65.3
LH-1,4/29/23 7:53,65.3
LH-1,4/29/23 8:08,66.2
LH-1,4/29/23 8:23,67.1
LH-1,4/29/23 8:38,68.9
LH-1,4/29/23 8:53,69.8
LH-1,4/29/23 9:08,70.7
LH-1,4/29/23 9:23,72.5
LH-1,4/29/23 9:38,73.4
LH-1,4/29/23 9:53,75.2
LH-1,4/29/23 10:08,76.1
LH-1,4/29/23 10:23,77.9
LH-1,4/29/23 10:38,79.7
LH-1,4/29/23 10:53,80.6
LH-1,4/29/23 11:08,82.4
LH-1,4/29/23 11:23,84.2
LH-1,4/29/23 11:38,85.1
LH-1,4/29/23 11:53,86
LH-1,4/29/23 12:08,87.8
LH-1,4/29/23 12:23,88.7
LH-1,4/29/23 12:38,90.5
LH-1,4/29/23 12:53,91.4
LH-1,4/29/23 13:08,92.3
LH-1,4/29/23 13:23,93.2
LH-1,4/29/23 13:38,94.1
LH-1,4/29/23 13:53,95
LH-1,4/29/23 14:08,95.9
LH-1,4/29/23 14:23,96.8
LH-1,4/29/23 14:38,97.7
LH-1,4/29/23 14:53,97.7
LH-1,4/29/23 15:08,98.6
LH-1,4/29/23 15:23,98.6
LH-1,4/29/23 15:38,99.5
LH-1,4/29/23 15:53,100.4
LH-1,4/29/23 16:08,101.3
LH-1,4/29/23 16:23,101.3
LH-1,4/29/23 16:38,102.2
LH-1,4/29/23 16:53,103.1
LH-1,4/29/23 17:08,103.1
LH-1,4/29/23 17:23,104
LH-1,4/29/23 17:38,104
LH-1,4/29/23 17:53,104
LH-1,4/29/23 18:08,104
LH-1,4/29/23 18:23,104
LH-1,4/29/23 18:38,102.2
LH-1,4/29/23 18:53,101.3
LH-1,4/29/23 19:08,99.5
LH-1,4/29/23 19:23,97.7
LH-1,4/29/23 19:38,96.8
LH-1,4/29/23 19:53,95.9
LH-1,4/29/23 20:08,94.1
LH-1,4/29/23 20:23,93.2
LH-1,4/29/23 20:38,91.4
LH-1,4/29/23 20:53,90.5
LH-1,4/29/23 21:08,89.6
LH-1,4/29/23 21:23,87.8
LH-1,4/29/23 21:38,86.9
LH-1,4/29/23 21:53,86
LH-1,4/29/23 22:08,85.1
LH-1,4/29/23 22:23,84.2
LH-1,4/29/23 22:38,83.3
LH-1,4/29/23 22:53,82.4
LH-1,4/29/23 23:08,81.5
LH-1,4/29/23 23:23,80.6
LH-1,4/29/23 23:38,79.7
LH-1,4/29/23 23:53,78.8
LH-1,4/30/23 0:08,77.9
LH-1,4/30/23 0:23,77
LH-1,4/30/23 0:38,76.1
LH-1,4/30/23 0:53,75.2
LH-1,4/30/23 1:08,75.2
LH-1,4/30/23 1:23,74.3
LH-1,4/30/23 1:38,73.4
LH-1,4/30/23 1:53,72.5
LH-1,4/30/23 2:08,71.6
LH-1,4/30/23 2:23,71.6
LH-1,4/30/23 2:38,70.7
LH-1,4/30/23 2:53,69.8
LH-1,4/30/23 3:08,69.8
LH-1,4/30/23 3:23,68.9
LH-1,4/30/23 3:38,68.9
LH-1,4/30/23 3:53,68
LH-1,4/30/23 4:08,68
LH-1,4/30/23 4:23,67.1
LH-1,4/30/23 4:38,66.2
LH-1,4/30/23 4:53,66.2
LH-1,4/30/23 5:08,65.3
LH-1,4/30/23 5:23,65.3
LH-1,4/30/23 5:38,64.4
LH-1,4/30/23 5:53,64.4
LH-1,4/30/23 6:08,63.5
LH-1,4/30/23 6:23,63.5
LH-1,4/30/23 6:38,63.5
LH-1,4/30/23 6:53,63.5
LH-1,4/30/23 7:08,63.5
LH-1,4/30/23 7:23,63.5
LH-1,4/30/23 7:38,64.4
LH-1,4/30/23 7:53,65.3
LH-1,4/30/23 8:08,66.2
LH-1,4/30/23 8:23,67.1
LH-1,4/30/23 8:38,68
LH-1,4/30/23 8:53,68.9
LH-1,4/30/23 9:08,70.7
LH-1,4/30/23 9:23,71.6
LH-1,4/30/23 9:38,73.4
LH-1,4/30/23 9:53,75.2
LH-1,4/30/23 10:08,76.1
LH-1,4/30/23 10:23,77.9
LH-1,4/30/23 10:38,79.7
LH-1,4/30/23 10:53,81.5
LH-1,4/30/23 11:08,82.4
LH-1,4/30/23 11:23,84.2
LH-1,4/30/23 11:38,86
LH-1,4/30/23 11:53,86.9
LH-1,4/30/23 12:08,88.7
LH-1,4/30/23 12:23,90.5
LH-1,4/30/23 12:38,91.4
LH-1,4/30/23 12:53,92.3
LH-1,4/30/23 13:08,93.2
LH-1,4/30/23 13:23,95
LH-1,4/30/23 13:38,95.9
LH-1,4/30/23 13:53,96.8
LH-1,4/30/23 14:08,97.7
LH-1,4/30/23 14:23,98.6
LH-1,4/30/23 14:38,99.5
LH-1,4/30/23 14:53,100.4
LH-1,4/30/23 15:08,101.3
LH-1,4/30/23 15:23,101.3
LH-1,4/30/23 15:38,102.2
LH-1,4/30/23 15:53,102.2
LH-1,4/30/23 16:08,102.2
LH-1,4/30/23 16:23,102.2
LH-1,4/30/23 16:38,103.1
LH-1,4/30/23 16:53,102.2
LH-1,4/30/23 17:08,101.3
LH-1,4/30/23 17:23,101.3
LH-1,4/30/23 17:38,101.3
LH-1,4/30/23 17:53,101.3
LH-1,4/30/23 18:08,101.3
LH-1,4/30/23 18:23,101.3
LH-1,4/30/23 18:38,100.4
LH-1,4/30/23 18:53,99.5
LH-1,4/30/23 19:08,98.6
LH-1,4/30/23 19:23,97.7
LH-1,4/30/23 19:38,95.9
LH-1,4/30/23 19:53,95
LH-1,4/30/23 20:08,94.1
LH-1,4/30/23 20:23,93.2
LH-1,4/30/23 20:38,92.3
LH-1,4/30/23 20:53,91.4
LH-1,4/30/23 21:08,90.5
LH-1,4/30/23 21:23,89.6
LH-1,4/30/23 21:38,89.6
LH-1,4/30/23 21:53,87.8
LH-1,4/30/23 22:08,87.8
LH-1,4/30/23 22:23,86.9
LH-1,4/30/23 22:38,86
LH-1,4/30/23 22:53,85.1
LH-1,4/30/23 23:08,84.2
LH-1,4/30/23 23:23,82.4
LH-1,4/30/23 23:38,81.5
LH-1,4/30/23 23:53,80.6
LH-1,5/1/23 0:08,79.7
LH-1,5/1/23 0:23,79.7
LH-1,5/1/23 0:38,77.9
LH-1,5/1/23 0:53,77.9
LH-1,5/1/23 1:08,77
LH-1,5/1/23 1:23,76.1
LH-1,5/1/23 1:38,75.2
LH-1,5/1/23 1:53,74.3
LH-1,5/1/23 2:08,73.4
LH-1,5/1/23 2:23,73.4
LH-1,5/1/23 2:38,72.5
LH-1,5/1/23 2:53,71.6
LH-1,5/1/23 3:08,71.6
LH-1,5/1/23 3:23,70.7
LH-1,5/1/23 3:38,69.8
LH-1,5/1/23 3:53,69.8
LH-1,5/1/23 4:08,68.9
LH-1,5/1/23 4:23,68
LH-1,5/1/23 4:38,68
LH-1,5/1/23 4:53,67.1
LH-1,5/1/23 5:08,67.1
LH-1,5/1/23 5:23,66.2
LH-1,5/1/23 5:38,66.2
LH-1,5/1/23 5:53,66.2
LH-1,5/1/23 6:08,66.2
LH-1,5/1/23 6:23,65.3
LH-1,5/1/23 6:38,65.3
LH-1,5/1/23 6:53,65.3
LH-1,5/1/23 7:08,65.3
LH-1,5/1/23 7:23,66.2
LH-1,5/1/23 7:38,67.1
LH-1,5/1/23 7:53,68
LH-1,5/1/23 8:08,68.9
LH-1,5/1/23 8:23,69.8
LH-1,5/1/23 8:38,71.6
LH-1,5/1/23 8:53,72.5
LH-1,5/1/23 9:08,107.6
LH-1,5/1/23 9:23,98.6
LH-1,5/1/23 9:38,86.9
LH-1,5/1/23 9:53,82.4
LH-1,5/1/23 10:08,80.6
LH-1,5/1/23 10:23,78.8
LH-1,5/1/23 10:38,77
LH-1,5/1/23 10:53,75.2
LH-1,5/1/23 11:08,73.4
LH-1,5/1/23 11:23,72.5
LH-1,5/1/23 11:38,72.5
LH-1,5/1/23 11:53,72.5
LH-1,5/1/23 12:08,72.5
LH-1,5/1/23 12:23,73.4
LH-1,5/1/23 12:38,74.3
LH-1,5/1/23 12:53,75.2
LH-1,5/1/23 13:08,75.2
LH-1,5/1/23 13:23,76.1
LH-1,5/1/23 13:38,76.1
LH-1,5/1/23 13:53,78.8
LH-1,5/1/23 14:08,79.7
LH-1,5/1/23 14:23,80.6
LH-1,5/1/23 14:38,81.5
LH-2,4/19/23 0:08,73.4
LH-2,4/19/23 0:23,73.4
LH-2,4/19/23 0:38,72.5
LH-2,4/19/23 0:53,72.5
LH-2,4/19/23 1:08,72.5
LH-2,4/19/23 1:23,71.6
LH-2,4/19/23 1:38,71.6
LH-2,4/19/23 1:53,71.6
LH-2,4/19/23 2:08,71.6
LH-2,4/19/23 2:23,70.7
LH-2,4/19/23 2:38,70.7
LH-2,4/19/23 2:53,70.7
LH-2,4/19/23 3:08,70.7
LH-2,4/19/23 3:23,70.7
LH-2,4/19/23 3:38,69.8
LH-2,4/19/23 3:53,69.8
LH-2,4/19/23 4:08,69.8
LH-2,4/19/23 4:23,69.8
LH-2,4/19/23 4:38,69.8
LH-2,4/19/23 4:53,69.8
LH-2,4/19/23 5:08,69.8
LH-2,4/19/23 5:23,68.9
LH-2,4/19/23 5:38,68.9
LH-2,4/19/23 5:53,68.9
LH-2,4/19/23 6:08,68.9
LH-2,4/19/23 6:23,68.9
LH-2,4/19/23 6:38,68.9
LH-2,4/19/23 6:53,68.9
LH-2,4/19/23 7:08,68.9
LH-2,4/19/23 7:23,68.9
LH-2,4/19/23 7:38,68.9
LH-2,4/19/23 7:53,68.9
LH-2,4/19/23 8:08,68
LH-2,4/19/23 8:23,68
LH-2,4/19/23 8:38,67.1
LH-2,4/19/23 8:53,67.1
LH-2,4/19/23 9:08,67.1
LH-2,4/19/23 9:23,67.1
LH-2,4/19/23 9:38,67.1
LH-2,4/19/23 9:53,67.1
LH-2,4/19/23 10:08,68
LH-2,4/19/23 10:23,68
LH-2,4/19/23 10:38,69.8
LH-2,4/19/23 10:53,72.5
LH-2,4/19/23 11:08,75.2
LH-2,4/19/23 11:23,77
LH-2,4/19/23 11:38,77.9
LH-2,4/19/23 11:53,75.2
LH-2,4/19/23 12:08,74.3
LH-2,4/19/23 12:23,74.3
LH-2,4/19/23 12:38,74.3
LH-2,4/19/23 12:53,74.3
LH-2,4/19/23 13:08,74.3
LH-2,4/19/23 13:23,74.3
LH-2,4/19/23 13:38,75.2
LH-2,4/19/23 13:53,75.2
LH-2,4/19/23 14:08,75.2
LH-2,4/19/23 14:23,75.2
LH-2,4/19/23 14:38,71.6
LH-2,4/19/23 14:53,70.7
LH-2,4/19/23 15:08,73.4
LH-2,4/19/23 15:23,74.3
LH-2,4/19/23 15:38,75.2
LH-2,4/19/23 15:53,75.2
LH-2,4/19/23 16:08,75.2
LH-2,4/19/23 16:23,75.2
LH-2,4/19/23 16:38,76.1
LH-2,4/19/23 16:53,84.2
LH-2,4/19/23 17:08,86
LH-2,4/19/23 17:23,86
LH-2,4/19/23 17:38,85.1
LH-2,4/19/23 17:53,83.3
LH-2,4/19/23 18:08,82.4
LH-2,4/19/23 18:23,81.5
LH-2,4/19/23 18:38,80.6
LH-2,4/19/23 18:53,78.8
LH-2,4/19/23 19:08,77.9
LH-2,4/19/23 19:23,77.9
LH-2,4/19/23 19:38,77
LH-2,4/19/23 19:53,76.1
LH-2,4/19/23 20:08,75.2
LH-2,4/19/23 20:23,74.3
LH-2,4/19/23 20:38,73.4
LH-2,4/19/23 20:53,72.5
LH-2,4/19/23 21:08,71.6
LH-2,4/19/23 21:23,71.6
LH-2,4/19/23 21:38,70.7
LH-2,4/19/23 21:53,69.8
LH-2,4/19/23 22:08,68.9
LH-2,4/19/23 22:23,68
LH-2,4/19/23 22:38,68
LH-2,4/19/23 22:53,67.1
LH-2,4/19/23 23:08,66.2
LH-2,4/19/23 23:23,65.3
LH-2,4/19/23 23:38,64.4
LH-2,4/19/23 23:53,63.5
LH-2,4/20/23 0:08,62.6
LH-2,4/20/23 0:23,62.6
LH-2,4/20/23 0:38,60.8
LH-2,4/20/23 0:53,60.8
LH-2,4/20/23 1:08,59
LH-2,4/20/23 1:23,58.1
LH-2,4/20/23 1:38,57.2
LH-2,4/20/23 1:53,56.3
LH-2,4/20/23 2:08,55.4
LH-2,4/20/23 2:23,55.4
LH-2,4/20/23 2:38,54.5
LH-2,4/20/23 2:53,53.6
LH-2,4/20/23 3:08,52.7
LH-2,4/20/23 3:23,52.7
LH-2,4/20/23 3:38,51.8
LH-2,4/20/23 3:53,51.8
LH-2,4/20/23 4:08,50.9
LH-2,4/20/23 4:23,50
LH-2,4/20/23 4:38,50
LH-2,4/20/23 4:53,49.1
LH-2,4/20/23 5:08,49.1
LH-2,4/20/23 5:23,49.1
LH-2,4/20/23 5:38,48.2
LH-2,4/20/23 5:53,48.2
LH-2,4/20/23 6:08,48.2
LH-2,4/20/23 6:23,48.2
LH-2,4/20/23 6:38,48.2
LH-2,4/20/23 6:53,48.2
LH-2,4/20/23 7:08,48.2
LH-2,4/20/23 7:23,49.1
LH-2,4/20/23 7:38,50
LH-2,4/20/23 7:53,50.9
LH-2,4/20/23 8:08,52.7
LH-2,4/20/23 8:23,54.5
LH-2,4/20/23 8:38,55.4
LH-2,4/20/23 8:53,57.2
LH-2,4/20/23 9:08,59
LH-2,4/20/23 9:23,60.8
LH-2,4/20/23 9:38,62.6
LH-2,4/20/23 9:53,64.4
LH-2,4/20/23 10:08,66.2
LH-2,4/20/23 10:23,68
LH-2,4/20/23 10:38,68.9
LH-2,4/20/23 10:53,69.8
LH-2,4/20/23 11:08,71.6
LH-2,4/20/23 11:23,72.5
LH-2,4/20/23 11:38,74.3
LH-2,4/20/23 11:53,75.2
LH-2,4/20/23 12:08,76.1
LH-2,4/20/23 12:23,77
LH-2,4/20/23 12:38,77.9
LH-2,4/20/23 12:53,77.9
LH-2,4/20/23 13:08,78.8
LH-2,4/20/23 13:23,79.7
LH-2,4/20/23 13:38,79.7
LH-2,4/20/23 13:53,79.7
LH-2,4/20/23 14:08,80.6
LH-2,4/20/23 14:23,80.6
LH-2,4/20/23 14:38,81.5
LH-2,4/20/23 14:53,81.5
LH-2,4/20/23 15:08,82.4
LH-2,4/20/23 15:23,82.4
LH-2,4/20/23 15:38,83.3
LH-2,4/20/23 15:53,83.3
LH-2,4/20/23 16:08,84.2
LH-2,4/20/23 16:23,83.3
LH-2,4/20/23 16:38,84.2
LH-2,4/20/23 16:53,83.3
LH-2,4/20/23 17:08,84.2
LH-2,4/20/23 17:23,84.2
LH-2,4/20/23 17:38,84.2
LH-2,4/20/23 17:53,84.2
LH-2,4/20/23 18:08,83.3
LH-2,4/20/23 18:23,83.3
LH-2,4/20/23 18:38,81.5
LH-2,4/20/23 18:53,79.7
LH-2,4/20/23 19:08,78.8
LH-2,4/20/23 19:23,77
LH-2,4/20/23 19:38,76.1
LH-2,4/20/23 19:53,75.2
LH-2,4/20/23 20:08,73.4
LH-2,4/20/23 20:23,72.5
LH-2,4/20/23 20:38,71.6
LH-2,4/20/23 20:53,70.7
LH-2,4/20/23 21:08,69.8
LH-2,4/20/23 21:23,68.9
LH-2,4/20/23 21:38,68
LH-2,4/20/23 21:53,67.1
LH-2,4/20/23 22:08,66.2
LH-2,4/20/23 22:23,65.3
LH-2,4/20/23 22:38,64.4
LH-2,4/20/23 22:53,63.5
LH-2,4/20/23 23:08,62.6
LH-2,4/20/23 23:23,61.7
LH-2,4/20/23 23:38,61.7
LH-2,4/20/23 23:53,60.8
LH-2,4/21/23 0:08,60.8
LH-2,4/21/23 0:23,59.9
LH-2,4/21/23 0:38,59
LH-2,4/21/23 0:53,58.1
LH-2,4/21/23 1:08,58.1
LH-2,4/21/23 1:23,57.2
LH-2,4/21/23 1:38,56.3
LH-2,4/21/23 1:53,56.3
LH-2,4/21/23 2:08,56.3
LH-2,4/21/23 2:23,56.3
LH-2,4/21/23 2:38,55.4
LH-2,4/21/23 2:53,55.4
LH-2,4/21/23 3:08,54.5
LH-2,4/21/23 3:23,54.5
LH-2,4/21/23 3:38,53.6
LH-2,4/21/23 3:53,53.6
LH-2,4/21/23 4:08,52.7
LH-2,4/21/23 4:23,52.7
LH-2,4/21/23 4:38,52.7
LH-2,4/21/23 4:53,51.8
LH-2,4/21/23 5:08,51.8
LH-2,4/21/23 5:23,50.9
LH-2,4/21/23 5:38,50.9
LH-2,4/21/23 5:53,50
LH-2,4/21/23 6:08,50
LH-2,4/21/23 6:23,49.1
LH-2,4/21/23 6:38,49.1
LH-2,4/21/23 6:53,49.1
LH-2,4/21/23 7:08,50
LH-2,4/21/23 7:23,50.9
LH-2,4/21/23 7:38,51.8
LH-2,4/21/23 7:53,53.6
LH-2,4/21/23 8:08,54.5
LH-2,4/21/23 8:23,56.3
LH-2,4/21/23 8:38,58.1
LH-2,4/21/23 8:53,59.9
LH-2,4/21/23 9:08,61.7
LH-2,4/21/23 9:23,63.5
LH-2,4/21/23 9:38,65.3
LH-2,4/21/23 9:53,67.1
LH-2,4/21/23 10:08,68.9
LH-2,4/21/23 10:23,70.7
LH-2,4/21/23 10:38,72.5
LH-2,4/21/23 10:53,74.3
LH-2,4/21/23 11:08,75.2
LH-2,4/21/23 11:23,77
LH-2,4/21/23 11:38,78.8
LH-2,4/21/23 11:53,79.7
LH-2,4/21/23 12:08,80.6
LH-2,4/21/23 12:23,82.4
LH-2,4/21/23 12:38,83.3
LH-2,4/21/23 12:53,83.3
LH-2,4/21/23 13:08,84.2
LH-2,4/21/23 13:23,85.1
LH-2,4/21/23 13:38,86
LH-2,4/21/23 13:53,86.9
LH-2,4/21/23 14:08,86.9
LH-2,4/21/23 14:23,87.8
LH-2,4/21/23 14:38,87.8
LH-2,4/21/23 14:53,88.7
LH-2,4/21/23 15:08,89.6
LH-2,4/21/23 15:23,89.6
LH-2,4/21/23 15:38,89.6
LH-2,4/21/23 15:53,89.6
LH-2,4/21/23 16:08,90.5
LH-2,4/21/23 16:23,90.5
LH-2,4/21/23 16:38,90.5
LH-2,4/21/23 16:53,90.5
LH-2,4/21/23 17:08,90.5
LH-2,4/21/23 17:23,90.5
LH-2,4/21/23 17:38,90.5
LH-2,4/21/23 17:53,90.5
LH-2,4/21/23 18:08,89.6
LH-2,4/21/23 18:23,88.7
LH-2,4/21/23 18:38,86.9
LH-2,4/21/23 18:53,86
LH-2,4/21/23 19:08,84.2
LH-2,4/21/23 19:23,83.3
LH-2,4/21/23 19:38,81.5
LH-2,4/21/23 19:53,80.6
LH-2,4/21/23 20:08,79.7
LH-2,4/21/23 20:23,78.8
LH-2,4/21/23 20:38,77
LH-2,4/21/23 20:53,76.1
LH-2,4/21/23 21:08,75.2
LH-2,4/21/23 21:23,74.3
LH-2,4/21/23 21:38,73.4
LH-2,4/21/23 21:53,72.5
LH-2,4/21/23 22:08,71.6
LH-2,4/21/23 22:23,70.7
LH-2,4/21/23 22:38,69.8
LH-2,4/21/23 22:53,68.9
LH-2,4/21/23 23:08,68.9
LH-2,4/21/23 23:23,68
LH-2,4/21/23 23:38,67.1
LH-2,4/21/23 23:53,66.2
LH-2,4/22/23 0:08,65.3
LH-2,4/22/23 0:23,64.4
LH-2,4/22/23 0:38,64.4
LH-2,4/22/23 0:53,63.5
LH-2,4/22/23 1:08,62.6
LH-2,4/22/23 1:23,62.6
LH-2,4/22/23 1:38,61.7
LH-2,4/22/23 1:53,61.7
LH-2,4/22/23 2:08,60.8
LH-2,4/22/23 2:23,60.8
LH-2,4/22/23 2:38,59.9
LH-2,4/22/23 2:53,59.9
LH-2,4/22/23 3:08,59
LH-2,4/22/23 3:23,59
LH-2,4/22/23 3:38,58.1
LH-2,4/22/23 3:53,58.1
LH-2,4/22/23 4:08,57.2
LH-2,4/22/23 4:23,57.2
LH-2,4/22/23 4:38,56.3
LH-2,4/22/23 4:53,56.3
LH-2,4/22/23 5:08,56.3
LH-2,4/22/23 5:23,55.4
LH-2,4/22/23 5:38,55.4
LH-2,4/22/23 5:53,54.5
LH-2,4/22/23 6:08,54.5
LH-2,4/22/23 6:23,54.5
LH-2,4/22/23 6:38,54.5
LH-2,4/22/23 6:53,54.5
LH-2,4/22/23 7:08,54.5
LH-2,4/22/23 7:23,55.4
LH-2,4/22/23 7:38,56.3
LH-2,4/22/23 7:53,58.1
LH-2,4/22/23 8:08,59
LH-2,4/22/23 8:23,60.8
LH-2,4/22/23 8:38,62.6
LH-2,4/22/23 8:53,64.4
LH-2,4/22/23 9:08,66.2
LH-2,4/22/23 9:23,68
LH-2,4/22/23 9:38,69.8
LH-2,4/22/23 9:53,71.6
LH-2,4/22/23 10:08,73.4
LH-2,4/22/23 10:23,75.2
LH-2,4/22/23 10:38,77
LH-2,4/22/23 10:53,77.9
LH-2,4/22/23 11:08,79.7
LH-2,4/22/23 11:23,80.6
LH-2,4/22/23 11:38,81.5
LH-2,4/22/23 11:53,83.3
LH-2,4/22/23 12:08,84.2
LH-2,4/22/23 12:23,85.1
LH-2,4/22/23 12:38,86
LH-2,4/22/23 12:53,86.9
LH-2,4/22/23 13:08,86.9
LH-2,4/22/23 13:23,87.8
LH-2,4/22/23 13:38,88.7
LH-2,4/22/23 13:53,88.7
LH-2,4/22/23 14:08,89.6
LH-2,4/22/23 14:23,89.6
LH-2,4/22/23 14:38,89.6
LH-2,4/22/23 14:53,90.5
LH-2,4/22/23 15:08,90.5
LH-2,4/22/23 15:23,91.4
LH-2,4/22/23 15:38,91.4
LH-2,4/22/23 15:53,92.3
LH-2,4/22/23 16:08,92.3
LH-2,4/22/23 16:23,91.4
LH-2,4/22/23 16:38,92.3
LH-2,4/22/23 16:53,92.3
LH-2,4/22/23 17:08,92.3
LH-2,4/22/23 17:23,92.3
LH-2,4/22/23 17:38,92.3
LH-2,4/22/23 17:53,91.4
LH-2,4/22/23 18:08,91.4
LH-2,4/22/23 18:23,90.5
LH-2,4/22/23 18:38,89.6
LH-2,4/22/23 18:53,87.8
LH-2,4/22/23 19:08,86.9
LH-2,4/22/23 19:23,86
LH-2,4/22/23 19:38,84.2
LH-2,4/22/23 19:53,83.3
LH-2,4/22/23 20:08,82.4
LH-2,4/22/23 20:23,80.6
LH-2,4/22/23 20:38,79.7
LH-2,4/22/23 20:53,78.8
LH-2,4/22/23 21:08,77.9
LH-2,4/22/23 21:23,77
LH-2,4/22/23 21:38,76.1
LH-2,4/22/23 21:53,75.2
LH-2,4/22/23 22:08,74.3
LH-2,4/22/23 22:23,73.4
LH-2,4/22/23 22:38,72.5
LH-2,4/22/23 22:53,71.6
LH-2,4/22/23 23:08,70.7
LH-2,4/22/23 23:23,70.7
LH-2,4/22/23 23:38,69.8
LH-2,4/22/23 23:53,68.9
LH-2,4/23/23 0:08,68.9
LH-2,4/23/23 0:23,68
LH-2,4/23/23 0:38,67.1
LH-2,4/23/23 0:53,67.1
LH-2,4/23/23 1:08,66.2
LH-2,4/23/23 1:23,66.2
LH-2,4/23/23 1:38,65.3
LH-2,4/23/23 1:53,65.3
LH-2,4/23/23 2:08,65.3
LH-2,4/23/23 2:23,64.4
LH-2,4/23/23 2:38,64.4
LH-2,4/23/23 2:53,63.5
LH-2,4/23/23 3:08,63.5
LH-2,4/23/23 3:23,62.6
LH-2,4/23/23 3:38,62.6
LH-2,4/23/23 3:53,61.7
LH-2,4/23/23 4:08,61.7
LH-2,4/23/23 4:23,60.8
LH-2,4/23/23 4:38,60.8
LH-2,4/23/23 4:53,59.9
LH-2,4/23/23 5:08,59.9
LH-2,4/23/23 5:23,59.9
LH-2,4/23/23 5:38,59.9
LH-2,4/23/23 5:53,59
LH-2,4/23/23 6:08,59
LH-2,4/23/23 6:23,58.1
LH-2,4/23/23 6:38,58.1
LH-2,4/23/23 6:53,58.1
LH-2,4/23/23 7:08,58.1
LH-2,4/23/23 7:23,59
LH-2,4/23/23 7:38,59.9
LH-2,4/23/23 7:53,60.8
LH-2,4/23/23 8:08,62.6
LH-2,4/23/23 8:23,63.5
LH-2,4/23/23 8:38,65.3
LH-2,4/23/23 8:53,67.1
LH-2,4/23/23 9:08,68.9
LH-2,4/23/23 9:23,70.7
LH-2,4/23/23 9:38,72.5
LH-2,4/23/23 9:53,74.3
LH-2,4/23/23 10:08,76.1
LH-2,4/23/23 10:23,77
LH-2,4/23/23 10:38,78.8
LH-2,4/23/23 10:53,80.6
LH-2,4/23/23 11:08,81.5
LH-2,4/23/23 11:23,83.3
LH-2,4/23/23 11:38,85.1
LH-2,4/23/23 11:53,86
LH-2,4/23/23 12:08,86.9
LH-2,4/23/23 12:23,88.7
LH-2,4/23/23 12:38,89.6
LH-2,4/23/23 12:53,90.5
LH-2,4/23/23 13:08,90.5
LH-2,4/23/23 13:23,90.5
LH-2,4/23/23 13:38,91.4
LH-2,4/23/23 13:53,91.4
LH-2,4/23/23 14:08,92.3
LH-2,4/23/23 14:23,93.2
LH-2,4/23/23 14:38,93.2
LH-2,4/23/23 14:53,94.1
LH-2,4/23/23 15:08,94.1
LH-2,4/23/23 15:23,94.1
LH-2,4/23/23 15:38,95
LH-2,4/23/23 15:53,95.9
LH-2,4/23/23 16:08,95
LH-2,4/23/23 16:23,95.9
LH-2,4/23/23 16:38,95.9
LH-2,4/23/23 16:53,95.9
LH-2,4/23/23 17:08,95.9
LH-2,4/23/23 17:23,95.9
LH-2,4/23/23 17:38,95.9
LH-2,4/23/23 17:53,95
LH-2,4/23/23 18:08,94.1
LH-2,4/23/23 18:23,93.2
LH-2,4/23/23 18:38,92.3
LH-2,4/23/23 18:53,91.4
LH-2,4/23/23 19:08,89.6
LH-2,4/23/23 19:23,88.7
LH-2,4/23/23 19:38,87.8
LH-2,4/23/23 19:53,86
LH-2,4/23/23 20:08,85.1
LH-2,4/23/23 20:23,83.3
LH-2,4/23/23 20:38,83.3
LH-2,4/23/23 20:53,82.4
LH-2,4/23/23 21:08,81.5
LH-2,4/23/23 21:23,80.6
LH-2,4/23/23 21:38,79.7
LH-2,4/23/23 21:53,78.8
LH-2,4/23/23 22:08,77.9
LH-2,4/23/23 22:23,77
LH-2,4/23/23 22:38,76.1
LH-2,4/23/23 22:53,75.2
LH-2,4/23/23 23:08,74.3
LH-2,4/23/23 23:23,73.4
LH-2,4/23/23 23:38,72.5
LH-2,4/23/23 23:53,71.6
LH-2,4/24/23 0:08,70.7
LH-2,4/24/23 0:23,69.8
LH-2,4/24/23 0:38,69.8
LH-2,4/24/23 0:53,68.9
LH-2,4/24/23 1:08,68
LH-2,4/24/23 1:23,68
LH-2,4/24/23 1:38,67.1
LH-2,4/24/23 1:53,66.2
LH-2,4/24/23 2:08,66.2
LH-2,4/24/23 2:23,65.3
LH-2,4/24/23 2:38,65.3
LH-2,4/24/23 2:53,65.3
LH-2,4/24/23 3:08,64.4
LH-2,4/24/23 3:23,64.4
LH-2,4/24/23 3:38,63.5
LH-2,4/24/23 3:53,63.5
LH-2,4/24/23 4:08,62.6
LH-2,4/24/23 4:23,62.6
LH-2,4/24/23 4:38,61.7
LH-2,4/24/23 4:53,60.8
LH-2,4/24/23 5:08,60.8
LH-2,4/24/23 5:23,59.9
LH-2,4/24/23 5:38,59
LH-2,4/24/23 5:53,58.1
LH-2,4/24/23 6:08,58.1
LH-2,4/24/23 6:23,57.2
LH-2,4/24/23 6:38,58.1
LH-2,4/24/23 6:53,58.1
LH-2,4/24/23 7:08,59
LH-2,4/24/23 7:23,59.9
LH-2,4/24/23 7:38,60.8
LH-2,4/24/23 7:53,61.7
LH-2,4/24/23 8:08,63.5
LH-2,4/24/23 8:23,65.3
LH-2,4/24/23 8:38,67.1
LH-2,4/24/23 8:53,68
LH-2,4/24/23 9:08,69.8
LH-2,4/24/23 9:23,71.6
LH-2,4/24/23 9:38,73.4
LH-2,4/24/23 9:53,74.3
LH-2,4/24/23 10:08,76.1
LH-2,4/24/23 10:23,77.9
LH-2,4/24/23 10:38,78.8
LH-2,4/24/23 10:53,80.6
LH-2,4/24/23 11:08,81.5
LH-2,4/24/23 11:23,83.3
LH-2,4/24/23 11:38,84.2
LH-2,4/24/23 11:53,85.1
LH-2,4/24/23 12:08,86
LH-2,4/24/23 12:23,86.9
LH-2,4/24/23 12:38,87.8
LH-2,4/24/23 12:53,88.7
LH-2,4/24/23 13:08,89.6
LH-2,4/24/23 13:23,89.6
LH-2,4/24/23 13:38,90.5
LH-2,4/24/23 13:53,91.4
LH-2,4/24/23 14:08,91.4
LH-2,4/24/23 14:23,91.4
LH-2,4/24/23 14:38,91.4
LH-2,4/24/23 14:53,92.3
LH-2,4/24/23 15:08,92.3
LH-2,4/24/23 15:23,93.2
LH-2,4/24/23 15:38,93.2
LH-2,4/24/23 15:53,93.2
LH-2,4/24/23 16:08,94.1
LH-2,4/24/23 16:23,94.1
LH-2,4/24/23 16:38,94.1
LH-2,4/24/23 16:53,94.1
LH-2,4/24/23 17:08,94.1
LH-2,4/24/23 17:23,94.1
LH-2,4/24/23 17:38,94.1
LH-2,4/24/23 17:53,93.2
LH-2,4/24/23 18:08,92.3
LH-2,4/24/23 18:23,91.4
LH-2,4/24/23 18:38,90.5
LH-2,4/24/23 18:53,88.7
LH-2,4/24/23 19:08,87.8
LH-2,4/24/23 19:23,86.9
LH-2,4/24/23 19:38,86
LH-2,4/24/23 19:53,84.2
LH-2,4/24/23 20:08,84.2
LH-2,4/24/23 20:23,83.3
LH-2,4/24/23 20:38,82.4
LH-2,4/24/23 20:53,81.5
LH-2,4/24/23 21:08,80.6
LH-2,4/24/23 21:23,79.7
LH-2,4/24/23 21:38,79.7
LH-2,4/24/23 21:53,78.8
LH-2,4/24/23 22:08,77.9
LH-2,4/24/23 22:23,77
LH-2,4/24/23 22:38,76.1
LH-2,4/24/23 22:53,75.2
LH-2,4/24/23 23:08,74.3
LH-2,4/24/23 23:23,73.4
LH-2,4/24/23 23:38,72.5
LH-2,4/24/23 23:53,71.6
LH-2,4/25/23 0:08,70.7
LH-2,4/25/23 0:23,69.8
LH-2,4/25/23 0:38,69.8
LH-2,4/25/23 0:53,68.9
LH-2,4/25/23 1:08,68
LH-2,4/25/23 1:23,67.1
LH-2,4/25/23 1:38,66.2
LH-2,4/25/23 1:53,66.2
LH-2,4/25/23 2:08,66.2
LH-2,4/25/23 2:23,66.2
LH-2,4/25/23 2:38,66.2
LH-2,4/25/23 2:53,66.2
LH-2,4/25/23 3:08,66.2
LH-2,4/25/23 3:23,66.2
LH-2,4/25/23 3:38,66.2
LH-2,4/25/23 3:53,66.2
LH-2,4/25/23 4:08,66.2
LH-2,4/25/23 4:23,66.2
LH-2,4/25/23 4:38,66.2
LH-2,4/25/23 4:53,66.2
LH-2,4/25/23 5:08,65.3
LH-2,4/25/23 5:23,65.3
LH-2,4/25/23 5:38,65.3
LH-2,4/25/23 5:53,64.4
LH-2,4/25/23 6:08,64.4
LH-2,4/25/23 6:23,63.5
LH-2,4/25/23 6:38,63.5
LH-2,4/25/23 6:53,63.5
LH-2,4/25/23 7:08,63.5
LH-2,4/25/23 7:23,64.4
LH-2,4/25/23 7:38,65.3
LH-2,4/25/23 7:53,66.2
LH-2,4/25/23 8:08,67.1
LH-2,4/25/23 8:23,68.9
LH-2,4/25/23 8:38,69.8
LH-2,4/25/23 8:53,71.6
LH-2,4/25/23 9:08,72.5
LH-2,4/25/23 9:23,74.3
LH-2,4/25/23 9:38,75.2
LH-2,4/25/23 9:53,76.1
LH-2,4/25/23 10:08,77.9
LH-2,4/25/23 10:23,78.8
LH-2,4/25/23 10:38,80.6
LH-2,4/25/23 10:53,81.5
LH-2,4/25/23 11:08,82.4
LH-2,4/25/23 11:23,83.3
LH-2,4/25/23 11:38,85.1
LH-2,4/25/23 11:53,86
LH-2,4/25/23 12:08,86.9
LH-2,4/25/23 12:23,87.8
LH-2,4/25/23 12:38,87.8
LH-2,4/25/23 12:53,88.7
LH-2,4/25/23 13:08,89.6
LH-2,4/25/23 13:23,89.6
LH-2,4/25/23 13:38,90.5
LH-2,4/25/23 13:53,90.5
LH-2,4/25/23 14:08,90.5
LH-2,4/25/23 14:23,90.5
LH-2,4/25/23 14:38,90.5
LH-2,4/25/23 14:53,91.4
LH-2,4/25/23 15:08,91.4
LH-2,4/25/23 15:23,91.4
LH-2,4/25/23 15:38,92.3
LH-2,4/25/23 15:53,92.3
LH-2,4/25/23 16:08,92.3
LH-2,4/25/23 16:23,91.4
LH-2,4/25/23 16:38,91.4
LH-2,4/25/23 16:53,92.3
LH-2,4/25/23 17:08,92.3
LH-2,4/25/23 17:23,92.3
LH-2,4/25/23 17:38,91.4
LH-2,4/25/23 17:53,91.4
LH-2,4/25/23 18:08,90.5
LH-2,4/25/23 18:23,90.5
LH-2,4/25/23 18:38,88.7
LH-2,4/25/23 18:53,87.8
LH-2,4/25/23 19:08,86
LH-2,4/25/23 19:23,85.1
LH-2,4/25/23 19:38,84.2
LH-2,4/25/23 19:53,83.3
LH-2,4/25/23 20:08,82.4
LH-2,4/25/23 20:23,82.4
LH-2,4/25/23 20:38,81.5
LH-2,4/25/23 20:53,80.6
LH-2,4/25/23 21:08,79.7
LH-2,4/25/23 21:23,79.7
LH-2,4/25/23 21:38,78.8
LH-2,4/25/23 21:53,77.9
LH-2,4/25/23 22:08,77.9
LH-2,4/25/23 22:23,77
LH-2,4/25/23 22:38,76.1
LH-2,4/25/23 22:53,75.2
LH-2,4/25/23 23:08,74.3
LH-2,4/25/23 23:23,73.4
LH-2,4/25/23 23:38,72.5
LH-2,4/25/23 23:53,71.6
LH-2,4/26/23 0:08,70.7
LH-2,4/26/23 0:23,70.7
LH-2,4/26/23 0:38,69.8
LH-2,4/26/23 0:53,68.9
LH-2,4/26/23 1:08,68.9
LH-2,4/26/23 1:23,68
LH-2,4/26/23 1:38,67.1
LH-2,4/26/23 1:53,66.2
LH-2,4/26/23 2:08,66.2
LH-2,4/26/23 2:23,65.3
LH-2,4/26/23 2:38,64.4
LH-2,4/26/23 2:53,63.5
LH-2,4/26/23 3:08,63.5
LH-2,4/26/23 3:23,62.6
LH-2,4/26/23 3:38,61.7
LH-2,4/26/23 3:53,60.8
LH-2,4/26/23 4:08,60.8
LH-2,4/26/23 4:23,59.9
LH-2,4/26/23 4:38,59.9
LH-2,4/26/23 4:53,59
LH-2,4/26/23 5:08,59
LH-2,4/26/23 5:23,58.1
LH-2,4/26/23 5:38,58.1
LH-2,4/26/23 5:53,58.1
LH-2,4/26/23 6:08,58.1
LH-2,4/26/23 6:23,57.2
LH-2,4/26/23 6:38,57.2
LH-2,4/26/23 6:53,58.1
LH-2,4/26/23 7:08,58.1
LH-2,4/26/23 7:23,59
LH-2,4/26/23 7:38,59
LH-2,4/26/23 7:53,60.8
LH-2,4/26/23 8:08,61.7
LH-2,4/26/23 8:23,63.5
LH-2,4/26/23 8:38,65.3
LH-2,4/26/23 8:53,67.1
LH-2,4/26/23 9:08,68.9
LH-2,4/26/23 9:23,69.8
LH-2,4/26/23 9:38,71.6
LH-2,4/26/23 9:53,73.4
LH-2,4/26/23 10:08,74.3
LH-2,4/26/23 10:23,76.1
LH-2,4/26/23 10:38,77
LH-2,4/26/23 10:53,77.9
LH-2,4/26/23 11:08,79.7
LH-2,4/26/23 11:23,80.6
LH-2,4/26/23 11:38,81.5
LH-2,4/26/23 11:53,82.4
LH-2,4/26/23 12:08,82.4
LH-2,4/26/23 12:23,83.3
LH-2,4/26/23 12:38,83.3
LH-2,4/26/23 12:53,84.2
LH-2,4/26/23 13:08,85.1
LH-2,4/26/23 13:23,85.1
LH-2,4/26/23 13:38,86
LH-2,4/26/23 13:53,86
LH-2,4/26/23 14:08,86
LH-2,4/26/23 14:23,86.9
LH-2,4/26/23 14:38,86.9
LH-2,4/26/23 14:53,86.9
LH-2,4/26/23 15:08,87.8
LH-2,4/26/23 15:23,87.8
LH-2,4/26/23 15:38,88.7
LH-2,4/26/23 15:53,88.7
LH-2,4/26/23 16:08,88.7
LH-2,4/26/23 16:23,89.6
LH-2,4/26/23 16:38,89.6
LH-2,4/26/23 16:53,89.6
LH-2,4/26/23 17:08,89.6
LH-2,4/26/23 17:23,89.6
LH-2,4/26/23 17:38,89.6
LH-2,4/26/23 17:53,88.7
LH-2,4/26/23 18:08,88.7
LH-2,4/26/23 18:23,88.7
LH-2,4/26/23 18:38,86.9
LH-2,4/26/23 18:53,85.1
LH-2,4/26/23 19:08,84.2
LH-2,4/26/23 19:23,82.4
LH-2,4/26/23 19:38,81.5
LH-2,4/26/23 19:53,79.7
LH-2,4/26/23 20:08,78.8
LH-2,4/26/23 20:23,77.9
LH-2,4/26/23 20:38,76.1
LH-2,4/26/23 20:53,75.2
LH-2,4/26/23 21:08,74.3
LH-2,4/26/23 21:23,73.4
LH-2,4/26/23 21:38,72.5
LH-2,4/26/23 21:53,71.6
LH-2,4/26/23 22:08,70.7
LH-2,4/26/23 22:23,69.8
LH-2,4/26/23 22:38,68.9
LH-2,4/26/23 22:53,68.9
LH-2,4/26/23 23:08,68
LH-2,4/26/23 23:23,67.1
LH-2,4/26/23 23:38,66.2
LH-2,4/26/23 23:53,66.2
LH-2,4/27/23 0:08,65.3
LH-2,4/27/23 0:23,64.4
LH-2,4/27/23 0:38,63.5
LH-2,4/27/23 0:53,63.5
LH-2,4/27/23 1:08,62.6
LH-2,4/27/23 1:23,62.6
LH-2,4/27/23 1:38,61.7
LH-2,4/27/23 1:53,61.7
LH-2,4/27/23 2:08,61.7
LH-2,4/27/23 2:23,60.8
LH-2,4/27/23 2:38,60.8
LH-2,4/27/23 2:53,60.8
LH-2,4/27/23 3:08,59.9
LH-2,4/27/23 3:23,59
LH-2,4/27/23 3:38,59
LH-2,4/27/23 3:53,58.1
LH-2,4/27/23 4:08,58.1
LH-2,4/27/23 4:23,58.1
LH-2,4/27/23 4:38,57.2
LH-2,4/27/23 4:53,57.2
LH-2,4/27/23 5:08,56.3
LH-2,4/27/23 5:23,56.3
LH-2,4/27/23 5:38,55.4
LH-2,4/27/23 5:53,55.4
LH-2,4/27/23 6:08,54.5
LH-2,4/27/23 6:23,54.5
LH-2,4/27/23 6:38,54.5
LH-2,4/27/23 6:53,54.5
LH-2,4/27/23 7:08,55.4
LH-2,4/27/23 7:23,56.3
LH-2,4/27/23 7:38,57.2
LH-2,4/27/23 7:53,58.1
LH-2,4/27/23 8:08,59.9
LH-2,4/27/23 8:23,61.7
LH-2,4/27/23 8:38,62.6
LH-2,4/27/23 8:53,64.4
LH-2,4/27/23 9:08,66.2
LH-2,4/27/23 9:23,68
LH-2,4/27/23 9:38,69.8
LH-2,4/27/23 9:53,71.6
LH-2,4/27/23 10:08,73.4
LH-2,4/27/23 10:23,75.2
LH-2,4/27/23 10:38,77
LH-2,4/27/23 10:53,78.8
LH-2,4/27/23 11:08,79.7
LH-2,4/27/23 11:23,81.5
LH-2,4/27/23 11:38,83.3
LH-2,4/27/23 11:53,84.2
LH-2,4/27/23 12:08,85.1
LH-2,4/27/23 12:23,86.9
LH-2,4/27/23 12:38,87.8
LH-2,4/27/23 12:53,88.7
LH-2,4/27/23 13:08,88.7
LH-2,4/27/23 13:23,89.6
LH-2,4/27/23 13:38,90.5
LH-2,4/27/23 13:53,90.5
LH-2,4/27/23 14:08,91.4
LH-2,4/27/23 14:23,91.4
LH-2,4/27/23 14:38,91.4
LH-2,4/27/23 14:53,92.3
LH-2,4/27/23 15:08,92.3
LH-2,4/27/23 15:23,92.3
LH-2,4/27/23 15:38,93.2
LH-2,4/27/23 15:53,93.2
LH-2,4/27/23 16:08,93.2
LH-2,4/27/23 16:23,93.2
LH-2,4/27/23 16:38,93.2
LH-2,4/27/23 16:53,93.2
LH-2,4/27/23 17:08,94.1
LH-2,4/27/23 17:23,94.1
LH-2,4/27/23 17:38,94.1
LH-2,4/27/23 17:53,94.1
LH-2,4/27/23 18:08,93.2
LH-2,4/27/23 18:23,92.3
LH-2,4/27/23 18:38,91.4
LH-2,4/27/23 18:53,89.6
LH-2,4/27/23 19:08,88.7
LH-2,4/27/23 19:23,86.9
LH-2,4/27/23 19:38,86
LH-2,4/27/23 19:53,84.2
LH-2,4/27/23 20:08,83.3
LH-2,4/27/23 20:23,82.4
LH-2,4/27/23 20:38,80.6
LH-2,4/27/23 20:53,79.7
LH-2,4/27/23 21:08,78.8
LH-2,4/27/23 21:23,77.9
LH-2,4/27/23 21:38,77
LH-2,4/27/23 21:53,76.1
LH-2,4/27/23 22:08,75.2
LH-2,4/27/23 22:23,74.3
LH-2,4/27/23 22:38,73.4
LH-2,4/27/23 22:53,72.5
LH-2,4/27/23 23:08,71.6
LH-2,4/27/23 23:23,70.7
LH-2,4/27/23 23:38,69.8
LH-2,4/27/23 23:53,68.9
LH-2,4/28/23 0:08,68
LH-2,4/28/23 0:23,67.1
LH-2,4/28/23 0:38,66.2
LH-2,4/28/23 0:53,65.3
LH-2,4/28/23 1:08,65.3
LH-2,4/28/23 1:23,64.4
LH-2,4/28/23 1:38,63.5
LH-2,4/28/23 1:53,63.5
LH-2,4/28/23 2:08,62.6
LH-2,4/28/23 2:23,62.6
LH-2,4/28/23 2:38,61.7
LH-2,4/28/23 2:53,61.7
LH-2,4/28/23 3:08,60.8
LH-2,4/28/23 3:23,60.8
LH-2,4/28/23 3:38,59.9
LH-2,4/28/23 3:53,59.9
LH-2,4/28/23 4:08,59.9
LH-2,4/28/23 4:23,59
LH-2,4/28/23 4:38,59
LH-2,4/28/23 4:53,58.1
LH-2,4/28/23 5:08,58.1
LH-2,4/28/23 5:23,58.1
LH-2,4/28/23 5:38,57.2
LH-2,4/28/23 5:53,57.2
LH-2,4/28/23 6:08,56.3
LH-2,4/28/23 6:23,56.3
LH-2,4/28/23 6:38,56.3
LH-2,4/28/23 6:53,57.2
LH-2,4/28/23 7:08,57.2
LH-2,4/28/23 7:23,58.1
LH-2,4/28/23 7:38,59
LH-2,4/28/23 7:53,60.8
LH-2,4/28/23 8:08,61.7
LH-2,4/28/23 8:23,63.5
LH-2,4/28/23 8:38,65.3
LH-2,4/28/23 8:53,67.1
LH-2,4/28/23 9:08,68.9
LH-2,4/28/23 9:23,71.6
LH-2,4/28/23 9:38,73.4
LH-2,4/28/23 9:53,75.2
LH-2,4/28/23 10:08,77
LH-2,4/28/23 10:23,78.8
LH-2,4/28/23 10:38,79.7
LH-2,4/28/23 10:53,81.5
LH-2,4/28/23 11:08,83.3
LH-2,4/28/23 11:23,84.2
LH-2,4/28/23 11:38,86
LH-2,4/28/23 11:53,86.9
LH-2,4/28/23 12:08,87.8
LH-2,4/28/23 12:23,88.7
LH-2,4/28/23 12:38,89.6
LH-2,4/28/23 12:53,90.5
LH-2,4/28/23 13:08,91.4
LH-2,4/28/23 13:23,92.3
LH-2,4/28/23 13:38,93.2
LH-2,4/28/23 13:53,94.1
LH-2,4/28/23 14:08,94.1
LH-2,4/28/23 14:23,95
LH-2,4/28/23 14:38,95
LH-2,4/28/23 14:53,95.9
LH-2,4/28/23 15:08,95.9
LH-2,4/28/23 15:23,95.9
LH-2,4/28/23 15:38,95.9
LH-2,4/28/23 15:53,96.8
LH-2,4/28/23 16:08,97.7
LH-2,4/28/23 16:23,97.7
LH-2,4/28/23 16:38,97.7
LH-2,4/28/23 16:53,96.8
LH-2,4/28/23 17:08,96.8
LH-2,4/28/23 17:23,96.8
LH-2,4/28/23 17:38,96.8
LH-2,4/28/23 17:53,96.8
LH-2,4/28/23 18:08,95.9
LH-2,4/28/23 18:23,95
LH-2,4/28/23 18:38,93.2
LH-2,4/28/23 18:53,92.3
LH-2,4/28/23 19:08,90.5
LH-2,4/28/23 19:23,89.6
LH-2,4/28/23 19:38,88.7
LH-2,4/28/23 19:53,86.9
LH-2,4/28/23 20:08,86
LH-2,4/28/23 20:23,85.1
LH-2,4/28/23 20:38,83.3
LH-2,4/28/23 20:53,82.4
LH-2,4/28/23 21:08,81.5
LH-2,4/28/23 21:23,80.6
LH-2,4/28/23 21:38,79.7
LH-2,4/28/23 21:53,78.8
LH-2,4/28/23 22:08,77.9
LH-2,4/28/23 22:23,77
LH-2,4/28/23 22:38,76.1
LH-2,4/28/23 22:53,75.2
LH-2,4/28/23 23:08,74.3
LH-2,4/28/23 23:23,74.3
LH-2,4/28/23 23:38,74.3
LH-2,4/28/23 23:53,74.3
LH-2,4/29/23 0:08,73.4
LH-2,4/29/23 0:23,73.4
LH-2,4/29/23 0:38,73.4
LH-2,4/29/23 0:53,73.4
LH-2,4/29/23 1:08,73.4
LH-2,4/29/23 1:23,73.4
LH-2,4/29/23 1:38,72.5
LH-2,4/29/23 1:53,72.5
LH-2,4/29/23 2:08,71.6
LH-2,4/29/23 2:23,70.7
LH-2,4/29/23 2:38,69.8
LH-2,4/29/23 2:53,69.8
LH-2,4/29/23 3:08,68.9
LH-2,4/29/23 3:23,68.9
LH-2,4/29/23 3:38,68
LH-2,4/29/23 3:53,68
LH-2,4/29/23 4:08,68
LH-2,4/29/23 4:23,68
LH-2,4/29/23 4:38,68
LH-2,4/29/23 4:53,67.1
LH-2,4/29/23 5:08,66.2
LH-2,4/29/23 5:23,65.3
LH-2,4/29/23 5:38,65.3
LH-2,4/29/23 5:53,64.4
LH-2,4/29/23 6:08,63.5
LH-2,4/29/23 6:23,62.6
LH-2,4/29/23 6:38,62.6
LH-2,4/29/23 6:53,62.6
LH-2,4/29/23 7:08,62.6
LH-2,4/29/23 7:23,63.5
LH-2,4/29/23 7:38,64.4
LH-2,4/29/23 7:53,65.3
LH-2,4/29/23 8:08,67.1
LH-2,4/29/23 8:23,68
LH-2,4/29/23 8:38,69.8
LH-2,4/29/23 8:53,71.6
LH-2,4/29/23 9:08,73.4
LH-2,4/29/23 9:23,74.3
LH-2,4/29/23 9:38,76.1
LH-2,4/29/23 9:53,77.9
LH-2,4/29/23 10:08,79.7
LH-2,4/29/23 10:23,81.5
LH-2,4/29/23 10:38,83.3
LH-2,4/29/23 10:53,85.1
LH-2,4/29/23 11:08,86
LH-2,4/29/23 11:23,87.8
LH-2,4/29/23 11:38,88.7
LH-2,4/29/23 11:53,90.5
LH-2,4/29/23 12:08,91.4
LH-2,4/29/23 12:23,92.3
LH-2,4/29/23 12:38,94.1
LH-2,4/29/23 12:53,95
LH-2,4/29/23 13:08,95
LH-2,4/29/23 13:23,95.9
LH-2,4/29/23 13:38,96.8
LH-2,4/29/23 13:53,97.7
LH-2,4/29/23 14:08,98.6
LH-2,4/29/23 14:23,99.5
LH-2,4/29/23 14:38,99.5
LH-2,4/29/23 14:53,99.5
LH-2,4/29/23 15:08,100.4
LH-2,4/29/23 15:23,100.4
LH-2,4/29/23 15:38,101.3
LH-2,4/29/23 15:53,101.3
LH-2,4/29/23 16:08,102.2
LH-2,4/29/23 16:23,103.1
LH-2,4/29/23 16:38,103.1
LH-2,4/29/23 16:53,103.1
LH-2,4/29/23 17:08,104
LH-2,4/29/23 17:23,104
LH-2,4/29/23 17:38,104
LH-2,4/29/23 17:53,103.1
LH-2,4/29/23 18:08,103.1
LH-2,4/29/23 18:23,102.2
LH-2,4/29/23 18:38,100.4
LH-2,4/29/23 18:53,98.6
LH-2,4/29/23 19:08,96.8
LH-2,4/29/23 19:23,95
LH-2,4/29/23 19:38,93.2
LH-2,4/29/23 19:53,92.3
LH-2,4/29/23 20:08,91.4
LH-2,4/29/23 20:23,89.6
LH-2,4/29/23 20:38,87.8
LH-2,4/29/23 20:53,86.9
LH-2,4/29/23 21:08,86
LH-2,4/29/23 21:23,85.1
LH-2,4/29/23 21:38,83.3
LH-2,4/29/23 21:53,82.4
LH-2,4/29/23 22:08,82.4
LH-2,4/29/23 22:23,81.5
LH-2,4/29/23 22:38,80.6
LH-2,4/29/23 22:53,79.7
LH-2,4/29/23 23:08,78.8
LH-2,4/29/23 23:23,77.9
LH-2,4/29/23 23:38,77
LH-2,4/29/23 23:53,76.1
LH-2,4/30/23 0:08,75.2
LH-2,4/30/23 0:23,74.3
LH-2,4/30/23 0:38,73.4
LH-2,4/30/23 0:53,72.5
LH-2,4/30/23 1:08,72.5
LH-2,4/30/23 1:23,71.6
LH-2,4/30/23 1:38,70.7
LH-2,4/30/23 1:53,69.8
LH-2,4/30/23 2:08,69.8
LH-2,4/30/23 2:23,68.9
LH-2,4/30/23 2:38,68
LH-2,4/30/23 2:53,68
LH-2,4/30/23 3:08,67.1
LH-2,4/30/23 3:23,67.1
LH-2,4/30/23 3:38,66.2
LH-2,4/30/23 3:53,66.2
LH-2,4/30/23 4:08,65.3
LH-2,4/30/23 4:23,65.3
LH-2,4/30/23 4:38,64.4
LH-2,4/30/23 4:53,64.4
LH-2,4/30/23 5:08,63.5
LH-2,4/30/23 5:23,63.5
LH-2,4/30/23 5:38,62.6
LH-2,4/30/23 5:53,62.6
LH-2,4/30/23 6:08,61.7
LH-2,4/30/23 6:23,61.7
LH-2,4/30/23 6:38,61.7
LH-2,4/30/23 6:53,62.6
LH-2,4/30/23 7:08,62.6
LH-2,4/30/23 7:23,63.5
LH-2,4/30/23 7:38,64.4
LH-2,4/30/23 7:53,65.3
LH-2,4/30/23 8:08,66.2
LH-2,4/30/23 8:23,68
LH-2,4/30/23 8:38,68.9
LH-2,4/30/23 8:53,70.7
LH-2,4/30/23 9:08,72.5
LH-2,4/30/23 9:23,74.3
LH-2,4/30/23 9:38,76.1
LH-2,4/30/23 9:53,77.9
LH-2,4/30/23 10:08,79.7
LH-2,4/30/23 10:23,81.5
LH-2,4/30/23 10:38,83.3
LH-2,4/30/23 10:53,85.1
LH-2,4/30/23 11:08,86.9
LH-2,4/30/23 11:23,88.7
LH-2,4/30/23 11:38,89.6
LH-2,4/30/23 11:53,91.4
LH-2,4/30/23 12:08,93.2
LH-2,4/30/23 12:23,94.1
LH-2,4/30/23 12:38,95
LH-2,4/30/23 12:53,95.9
LH-2,4/30/23 13:08,96.8
LH-2,4/30/23 13:23,97.7
LH-2,4/30/23 13:38,98.6
LH-2,4/30/23 13:53,99.5
LH-2,4/30/23 14:08,100.4
LH-2,4/30/23 14:23,101.3
LH-2,4/30/23 14:38,102.2
LH-2,4/30/23 14:53,102.2
LH-2,4/30/23 15:08,103.1
LH-2,4/30/23 15:23,104
LH-2,4/30/23 15:38,104
LH-2,4/30/23 15:53,104
LH-2,4/30/23 16:08,103.1
LH-2,4/30/23 16:23,103.1
LH-2,4/30/23 16:38,103.1
LH-2,4/30/23 16:53,102.2
LH-2,4/30/23 17:08,101.3
LH-2,4/30/23 17:23,100.4
LH-2,4/30/23 17:38,100.4
LH-2,4/30/23 17:53,100.4
LH-2,4/30/23 18:08,99.5
LH-2,4/30/23 18:23,99.5
LH-2,4/30/23 18:38,99.5
LH-2,4/30/23 18:53,97.7
LH-2,4/30/23 19:08,96.8
LH-2,4/30/23 19:23,95
LH-2,4/30/23 19:38,94.1
LH-2,4/30/23 19:53,93.2
LH-2,4/30/23 20:08,92.3
LH-2,4/30/23 20:23,91.4
LH-2,4/30/23 20:38,90.5
LH-2,4/30/23 20:53,89.6
LH-2,4/30/23 21:08,88.7
LH-2,4/30/23 21:23,87.8
LH-2,4/30/23 21:38,86.9
LH-2,4/30/23 21:53,86
LH-2,4/30/23 22:08,85.1
LH-2,4/30/23 22:23,84.2
LH-2,4/30/23 22:38,83.3
LH-2,4/30/23 22:53,82.4
LH-2,4/30/23 23:08,81.5
LH-2,4/30/23 23:23,79.7
LH-2,4/30/23 23:38,78.8
LH-2,4/30/23 23:53,77.9
LH-2,5/1/23 0:08,77
LH-2,5/1/23 0:23,76.1
LH-2,5/1/23 0:38,75.2
LH-2,5/1/23 0:53,74.3
LH-2,5/1/23 1:08,74.3
LH-2,5/1/23 1:23,73.4
LH-2,5/1/23 1:38,72.5
LH-2,5/1/23 1:53,71.6
LH-2,5/1/23 2:08,70.7
LH-2,5/1/23 2:23,70.7
LH-2,5/1/23 2:38,69.8
LH-2,5/1/23 2:53,69.8
LH-2,5/1/23 3:08,68.9
LH-2,5/1/23 3:23,68.9
LH-2,5/1/23 3:38,68
LH-2,5/1/23 3:53,67.1
LH-2,5/1/23 4:08,66.2
LH-2,5/1/23 4:23,66.2
LH-2,5/1/23 4:38,65.3
LH-2,5/1/23 4:53,65.3
LH-2,5/1/23 5:08,65.3
LH-2,5/1/23 5:23,64.4
LH-2,5/1/23 5:38,64.4
LH-2,5/1/23 5:53,64.4
LH-2,5/1/23 6:08,64.4
LH-2,5/1/23 6:23,64.4
LH-2,5/1/23 6:38,64.4
LH-2,5/1/23 6:53,64.4
LH-2,5/1/23 7:08,64.4
LH-2,5/1/23 7:23,65.3
LH-2,5/1/23 7:38,66.2
LH-2,5/1/23 7:53,68
LH-2,5/1/23 8:08,69.8
LH-2,5/1/23 8:23,71.6
LH-2,5/1/23 8:38,73.4
LH-2,5/1/23 8:53,75.2
LH-2,5/1/23 9:08,105.8
LH-2,5/1/23 9:23,99.5
LH-2,5/1/23 9:38,86.9
LH-2,5/1/23 9:53,83.3
LH-2,5/1/23 10:08,82.4
LH-2,5/1/23 10:23,78.8
LH-2,5/1/23 10:38,76.1
LH-2,5/1/23 10:53,74.3
LH-2,5/1/23 11:08,73.4
LH-2,5/1/23 11:23,72.5
LH-2,5/1/23 11:38,72.5
LH-2,5/1/23 11:53,72.5
LH-2,5/1/23 12:08,72.5
LH-2,5/1/23 12:23,73.4
LH-2,5/1/23 12:38,74.3
LH-2,5/1/23 12:53,75.2
LH-2,5/1/23 13:08,75.2
LH-2,5/1/23 13:23,76.1
LH-2,5/1/23 13:38,76.1
LH-2,5/1/23 13:53,78.8
LH-2,5/1/23 14:08,79.7
LH-2,5/1/23 14:23,80.6
LH-2,5/1/23 14:38,81.5
LH-1,5/6/23 0:01,66.2
LH-1,5/6/23 0:16,65.3
LH-1,5/6/23 0:31,64.4
LH-1,5/6/23 0:46,63.5
LH-1,5/6/23 1:01,63.5
LH-1,5/6/23 1:16,62.6
LH-1,5/6/23 1:31,61.7
LH-1,5/6/23 1:46,60.8
LH-1,5/6/23 2:01,60.8
LH-1,5/6/23 2:16,59.9
LH-1,5/6/23 2:31,59
LH-1,5/6/23 2:46,58.1
LH-1,5/6/23 3:01,58.1
LH-1,5/6/23 3:16,57.2
LH-1,5/6/23 3:31,57.2
LH-1,5/6/23 3:46,56.3
LH-1,5/6/23 4:01,56.3
LH-1,5/6/23 4:16,55.4
LH-1,5/6/23 4:31,55.4
LH-1,5/6/23 4:46,54.5
LH-1,5/6/23 5:01,54.5
LH-1,5/6/23 5:16,53.6
LH-1,5/6/23 5:31,53.6
LH-1,5/6/23 5:46,53.6
LH-1,5/6/23 6:01,52.7
LH-1,5/6/23 6:16,52.7
LH-1,5/6/23 6:31,52.7
LH-1,5/6/23 6:46,52.7
LH-1,5/6/23 7:01,52.7
LH-1,5/6/23 7:16,53.6
LH-1,5/6/23 7:31,53.6
LH-1,5/6/23 7:46,54.5
LH-1,5/6/23 8:01,56.3
LH-1,5/6/23 8:16,57.2
LH-1,5/6/23 8:31,59
LH-1,5/6/23 8:46,59.9
LH-1,5/6/23 9:01,61.7
LH-1,5/6/23 9:16,63.5
LH-1,5/6/23 9:31,65.3
LH-1,5/6/23 9:46,67.1
LH-1,5/6/23 10:01,68.9
LH-1,5/6/23 10:16,69.8
LH-1,5/6/23 10:31,71.6
LH-1,5/6/23 10:46,73.4
LH-1,5/6/23 11:01,74.3
LH-1,5/6/23 11:16,76.1
LH-1,5/6/23 11:31,77
LH-1,5/6/23 11:46,77.9
LH-1,5/6/23 12:01,79.7
LH-1,5/6/23 12:16,80.6
LH-1,5/6/23 12:31,81.5
LH-1,5/6/23 12:46,82.4
LH-1,5/6/23 13:01,83.3
LH-1,5/6/23 13:16,83.3
LH-1,5/6/23 13:31,84.2
LH-1,5/6/23 13:46,85.1
LH-1,5/6/23 14:01,85.1
LH-1,5/6/23 14:16,86
LH-1,5/6/23 14:31,86
LH-1,5/6/23 14:46,86.9
LH-1,5/6/23 15:01,86.9
LH-1,5/6/23 15:16,87.8
LH-1,5/6/23 15:31,88.7
LH-1,5/6/23 15:46,88.7
LH-1,5/6/23 16:01,89.6
LH-1,5/6/23 16:16,89.6
LH-1,5/6/23 16:31,89.6
LH-1,5/6/23 16:46,90.5
LH-1,5/6/23 17:01,90.5
LH-1,5/6/23 17:16,90.5
LH-1,5/6/23 17:31,90.5
LH-1,5/6/23 17:46,90.5
LH-1,5/6/23 18:01,90.5
LH-1,5/6/23 18:16,89.6
LH-1,5/6/23 18:31,88.7
LH-1,5/6/23 18:46,87.8
LH-1,5/6/23 19:01,86.9
LH-1,5/6/23 19:16,86
LH-1,5/6/23 19:31,84.2
LH-1,5/6/23 19:46,83.3
LH-1,5/6/23 20:01,82.4
LH-1,5/6/23 20:16,81.5
LH-1,5/6/23 20:31,80.6
LH-1,5/6/23 20:46,79.7
LH-1,5/6/23 21:01,77.9
LH-1,5/6/23 21:16,77
LH-1,5/6/23 21:31,76.1
LH-1,5/6/23 21:46,75.2
LH-1,5/6/23 22:01,73.4
LH-1,5/6/23 22:16,72.5
LH-1,5/6/23 22:31,71.6
LH-1,5/6/23 22:46,70.7
LH-1,5/6/23 23:01,69.8
LH-1,5/6/23 23:16,68.9
LH-1,5/6/23 23:31,68
LH-1,5/6/23 23:46,67.1
LH-1,5/7/23 0:01,66.2
LH-1,5/7/23 0:16,65.3
LH-1,5/7/23 0:31,65.3
LH-1,5/7/23 0:46,64.4
LH-1,5/7/23 1:01,63.5
LH-1,5/7/23 1:16,63.5
LH-1,5/7/23 1:31,62.6
LH-1,5/7/23 1:46,61.7
LH-1,5/7/23 2:01,60.8
LH-1,5/7/23 2:16,60.8
LH-1,5/7/23 2:31,59.9
LH-1,5/7/23 2:46,59.9
LH-1,5/7/23 3:01,59
LH-1,5/7/23 3:16,59
LH-1,5/7/23 3:31,59
LH-1,5/7/23 3:46,58.1
LH-1,5/7/23 4:01,58.1
LH-1,5/7/23 4:16,57.2
LH-1,5/7/23 4:31,57.2
LH-1,5/7/23 4:46,57.2
LH-1,5/7/23 5:01,56.3
LH-1,5/7/23 5:16,56.3
LH-1,5/7/23 5:31,55.4
LH-1,5/7/23 5:46,55.4
LH-1,5/7/23 6:01,55.4
LH-1,5/7/23 6:16,54.5
LH-1,5/7/23 6:31,54.5
LH-1,5/7/23 6:46,54.5
LH-1,5/7/23 7:01,55.4
LH-1,5/7/23 7:16,55.4
LH-1,5/7/23 7:31,56.3
LH-1,5/7/23 7:46,57.2
LH-1,5/7/23 8:01,58.1
LH-1,5/7/23 8:16,59
LH-1,5/7/23 8:31,60.8
LH-1,5/7/23 8:46,62.6
LH-1,5/7/23 9:01,63.5
LH-1,5/7/23 9:16,65.3
LH-1,5/7/23 9:31,67.1
LH-1,5/7/23 9:46,68.9
LH-1,5/7/23 10:01,70.7
LH-1,5/7/23 10:16,72.5
LH-1,5/7/23 10:31,73.4
LH-1,5/7/23 10:46,75.2
LH-1,5/7/23 11:01,77
LH-1,5/7/23 11:16,77.9
LH-1,5/7/23 11:31,79.7
LH-1,5/7/23 11:46,80.6
LH-1,5/7/23 12:01,82.4
LH-1,5/7/23 12:16,83.3
LH-1,5/7/23 12:31,84.2
LH-1,5/7/23 12:46,85.1
LH-1,5/7/23 13:01,86
LH-1,5/7/23 13:16,86.9
LH-1,5/7/23 13:31,86.9
LH-1,5/7/23 13:46,87.8
LH-1,5/7/23 14:01,87.8
LH-1,5/7/23 14:16,88.7
LH-1,5/7/23 14:31,88.7
LH-1,5/7/23 14:46,89.6
LH-1,5/7/23 15:01,89.6
LH-1,5/7/23 15:16,90.5
LH-1,5/7/23 15:31,91.4
LH-1,5/7/23 15:46,91.4
LH-1,5/7/23 16:01,91.4
LH-1,5/7/23 16:16,92.3
LH-1,5/7/23 16:31,92.3
LH-1,5/7/23 16:46,93.2
LH-1,5/7/23 17:01,93.2
LH-1,5/7/23 17:16,93.2
LH-1,5/7/23 17:31,93.2
LH-1,5/7/23 17:46,93.2
LH-1,5/7/23 18:01,93.2
LH-1,5/7/23 18:16,92.3
LH-1,5/7/23 18:31,91.4
LH-1,5/7/23 18:46,90.5
LH-1,5/7/23 19:01,89.6
LH-1,5/7/23 19:16,87.8
LH-1,5/7/23 19:31,86.9
LH-1,5/7/23 19:46,86
LH-1,5/7/23 20:01,85.1
LH-1,5/7/23 20:16,84.2
LH-1,5/7/23 20:31,83.3
LH-1,5/7/23 20:46,81.5
LH-1,5/7/23 21:01,80.6
LH-1,5/7/23 21:16,79.7
LH-1,5/7/23 21:31,77.9
LH-1,5/7/23 21:46,77
LH-1,5/7/23 22:01,76.1
LH-1,5/7/23 22:16,74.3
LH-1,5/7/23 22:31,73.4
LH-1,5/7/23 22:46,72.5
LH-1,5/7/23 23:01,71.6
LH-1,5/7/23 23:16,71.6
LH-1,5/7/23 23:31,70.7
LH-1,5/7/23 23:46,68.9
LH-1,5/8/23 0:01,68.9
LH-1,5/8/23 0:16,68
LH-1,5/8/23 0:31,67.1
LH-1,5/8/23 0:46,66.2
LH-1,5/8/23 1:01,65.3
LH-1,5/8/23 1:16,65.3
LH-1,5/8/23 1:31,64.4
LH-1,5/8/23 1:46,63.5
LH-1,5/8/23 2:01,62.6
LH-1,5/8/23 2:16,62.6
LH-1,5/8/23 2:31,61.7
LH-1,5/8/23 2:46,61.7
LH-1,5/8/23 3:01,60.8
LH-1,5/8/23 3:16,60.8
LH-1,5/8/23 3:31,59.9
LH-1,5/8/23 3:46,59.9
LH-1,5/8/23 4:01,59
LH-1,5/8/23 4:16,59
LH-1,5/8/23 4:31,58.1
LH-1,5/8/23 4:46,58.1
LH-1,5/8/23 5:01,57.2
LH-1,5/8/23 5:16,57.2
LH-1,5/8/23 5:31,56.3
LH-1,5/8/23 5:46,56.3
LH-1,5/8/23 6:01,55.4
LH-1,5/8/23 6:16,55.4
LH-1,5/8/23 6:31,55.4
LH-1,5/8/23 6:46,55.4
LH-1,5/8/23 7:01,56.3
LH-1,5/8/23 7:16,56.3
LH-1,5/8/23 7:31,57.2
LH-1,5/8/23 7:46,58.1
LH-1,5/8/23 8:01,59
LH-1,5/8/23 8:16,60.8
LH-1,5/8/23 8:31,61.7
LH-1,5/8/23 8:46,63.5
LH-1,5/8/23 9:01,65.3
LH-1,5/8/23 9:16,67.1
LH-1,5/8/23 9:31,68.9
LH-1,5/8/23 9:46,70.7
LH-1,5/8/23 10:01,71.6
LH-1,5/8/23 10:16,73.4
LH-1,5/8/23 10:31,75.2
LH-1,5/8/23 10:46,77
LH-1,5/8/23 11:01,78.8
LH-1,5/8/23 11:16,79.7
LH-1,5/8/23 11:31,81.5
LH-1,5/8/23 11:46,82.4
LH-1,5/8/23 12:01,84.2
LH-1,5/8/23 12:16,85.1
LH-1,5/8/23 12:31,86
LH-1,5/8/23 12:46,87.8
LH-1,5/8/23 13:01,88.7
LH-1,5/8/23 13:16,89.6
LH-1,5/8/23 13:31,89.6
LH-1,5/8/23 13:46,90.5
LH-1,5/8/23 14:01,91.4
LH-1,5/8/23 14:16,91.4
LH-1,5/8/23 14:31,92.3
LH-1,5/8/23 14:46,92.3
LH-1,5/8/23 15:01,93.2
LH-1,5/8/23 15:16,94.1
LH-1,5/8/23 15:31,94.1
LH-1,5/8/23 15:46,95
LH-1,5/8/23 16:01,95
LH-1,5/8/23 16:16,95
LH-1,5/8/23 16:31,95.9
LH-1,5/8/23 16:46,95.9
LH-1,5/8/23 17:01,95.9
LH-1,5/8/23 17:16,95.9
LH-1,5/8/23 17:31,95.9
LH-1,5/8/23 17:46,95.9
LH-1,5/8/23 18:01,95.9
LH-1,5/8/23 18:16,95
LH-1,5/8/23 18:31,94.1
LH-1,5/8/23 18:46,93.2
LH-1,5/8/23 19:01,91.4
LH-1,5/8/23 19:16,90.5
LH-1,5/8/23 19:31,89.6
LH-1,5/8/23 19:46,88.7
LH-1,5/8/23 20:01,87.8
LH-1,5/8/23 20:16,86
LH-1,5/8/23 20:31,85.1
LH-1,5/8/23 20:46,83.3
LH-1,5/8/23 21:01,82.4
LH-1,5/8/23 21:16,80.6
LH-1,5/8/23 21:31,79.7
LH-1,5/8/23 21:46,78.8
LH-1,5/8/23 22:01,77.9
LH-1,5/8/23 22:16,77
LH-1,5/8/23 22:31,76.1
LH-1,5/8/23 22:46,75.2
LH-1,5/8/23 23:01,73.4
LH-1,5/8/23 23:16,72.5
LH-1,5/8/23 23:31,72.5
LH-1,5/8/23 23:46,71.6
LH-1,5/9/23 0:01,70.7
LH-1,5/9/23 0:16,69.8
LH-1,5/9/23 0:31,68.9
LH-1,5/9/23 0:46,68
LH-1,5/9/23 1:01,67.1
LH-1,5/9/23 1:16,67.1
LH-1,5/9/23 1:31,66.2
LH-1,5/9/23 1:46,65.3
LH-1,5/9/23 2:01,65.3
LH-1,5/9/23 2:16,64.4
LH-1,5/9/23 2:31,64.4
LH-1,5/9/23 2:46,63.5
LH-1,5/9/23 3:01,62.6
LH-1,5/9/23 3:16,62.6
LH-1,5/9/23 3:31,61.7
LH-1,5/9/23 3:46,60.8
LH-1,5/9/23 4:01,60.8
LH-1,5/9/23 4:16,59.9
LH-1,5/9/23 4:31,59.9
LH-1,5/9/23 4:46,59.9
LH-1,5/9/23 5:01,59.9
LH-1,5/9/23 5:16,59
LH-1,5/9/23 5:31,59
LH-1,5/9/23 5:46,58.1
LH-1,5/9/23 6:01,58.1
LH-1,5/9/23 6:16,58.1
LH-1,5/9/23 6:31,58.1
LH-1,5/9/23 6:46,58.1
LH-1,5/9/23 7:01,58.1
LH-1,5/9/23 7:16,59
LH-1,5/9/23 7:31,59
LH-1,5/9/23 7:46,59.9
LH-1,5/9/23 8:01,61.7
LH-1,5/9/23 8:16,62.6
LH-1,5/9/23 8:31,64.4
LH-1,5/9/23 8:46,65.3
LH-1,5/9/23 9:01,67.1
LH-1,5/9/23 9:16,68.9
LH-1,5/9/23 9:31,70.7
LH-1,5/9/23 9:46,72.5
LH-1,5/9/23 10:01,74.3
LH-1,5/9/23 10:16,75.2
LH-1,5/9/23 10:31,77
LH-1,5/9/23 10:46,78.8
LH-1,5/9/23 11:01,80.6
LH-1,5/9/23 11:16,81.5
LH-1,5/9/23 11:31,83.3
LH-1,5/9/23 11:46,84.2
LH-1,5/9/23 12:01,86
LH-1,5/9/23 12:16,86.9
LH-1,5/9/23 12:31,88.7
LH-1,5/9/23 12:46,89.6
LH-1,5/9/23 13:01,89.6
LH-1,5/9/23 13:16,90.5
LH-1,5/9/23 13:31,91.4
LH-1,5/9/23 13:46,92.3
LH-1,5/9/23 14:01,93.2
LH-1,5/9/23 14:16,93.2
LH-1,5/9/23 14:31,94.1
LH-1,5/9/23 14:46,95
LH-1,5/9/23 15:01,95
LH-1,5/9/23 15:16,95.9
LH-1,5/9/23 15:31,95.9
LH-1,5/9/23 15:46,96.8
LH-1,5/9/23 16:01,96.8
LH-1,5/9/23 16:16,96.8
LH-1,5/9/23 16:31,96.8
LH-1,5/9/23 16:46,97.7
LH-1,5/9/23 17:01,97.7
LH-1,5/9/23 17:16,97.7
LH-1,5/9/23 17:31,97.7
LH-1,5/9/23 17:46,97.7
LH-1,5/9/23 18:01,98.6
LH-1,5/9/23 18:16,97.7
LH-1,5/9/23 18:31,96.8
LH-1,5/9/23 18:46,95
LH-1,5/9/23 19:01,94.1
LH-1,5/9/23 19:16,92.3
LH-1,5/9/23 19:31,91.4
LH-1,5/9/23 19:46,89.6
LH-1,5/9/23 20:01,88.7
LH-1,5/9/23 20:16,87.8
LH-1,5/9/23 20:31,86.9
LH-1,5/9/23 20:46,86
LH-1,5/9/23 21:01,85.1
LH-1,5/9/23 21:16,84.2
LH-1,5/9/23 21:31,83.3
LH-1,5/9/23 21:46,82.4
LH-1,5/9/23 22:01,81.5
LH-1,5/9/23 22:16,80.6
LH-1,5/9/23 22:31,79.7
LH-1,5/9/23 22:46,78.8
LH-1,5/9/23 23:01,77
LH-1,5/9/23 23:16,76.1
LH-1,5/9/23 23:31,75.2
LH-1,5/9/23 23:46,74.3
LH-1,5/10/23 0:01,74.3
LH-1,5/10/23 0:16,73.4
LH-1,5/10/23 0:31,72.5
LH-1,5/10/23 0:46,71.6
LH-1,5/10/23 1:01,70.7
LH-1,5/10/23 1:16,70.7
LH-1,5/10/23 1:31,69.8
LH-1,5/10/23 1:46,69.8
LH-1,5/10/23 2:01,68.9
LH-1,5/10/23 2:16,68.9
LH-1,5/10/23 2:31,68
LH-1,5/10/23 2:46,67.1
LH-1,5/10/23 3:01,66.2
LH-1,5/10/23 3:16,65.3
LH-1,5/10/23 3:31,65.3
LH-1,5/10/23 3:46,63.5
LH-1,5/10/23 4:01,62.6
LH-1,5/10/23 4:16,61.7
LH-1,5/10/23 4:31,60.8
LH-1,5/10/23 4:46,60.8
LH-1,5/10/23 5:01,59.9
LH-1,5/10/23 5:16,59
LH-1,5/10/23 5:31,58.1
LH-1,5/10/23 5:46,58.1
LH-1,5/10/23 6:01,57.2
LH-1,5/10/23 6:16,57.2
LH-1,5/10/23 6:31,57.2
LH-1,5/10/23 6:46,57.2
LH-1,5/10/23 7:01,57.2
LH-1,5/10/23 7:16,57.2
LH-1,5/10/23 7:31,58.1
LH-1,5/10/23 7:46,59
LH-1,5/10/23 8:01,60.8
LH-1,5/10/23 8:16,61.7
LH-1,5/10/23 8:31,63.5
LH-1,5/10/23 8:46,65.3
LH-1,5/10/23 9:01,66.2
LH-1,5/10/23 9:16,68
LH-1,5/10/23 9:31,69.8
LH-1,5/10/23 9:46,71.6
LH-1,5/10/23 10:01,72.5
LH-1,5/10/23 10:16,73.4
LH-1,5/10/23 10:31,74.3
LH-1,5/10/23 10:46,75.2
LH-1,5/10/23 11:01,76.1
LH-1,5/10/23 11:16,77
LH-1,5/10/23 11:31,77
LH-1,5/10/23 11:46,77.9
LH-1,5/10/23 12:01,77.9
LH-1,5/10/23 12:16,77.9
LH-1,5/10/23 12:31,77.9
LH-1,5/10/23 12:46,78.8
LH-1,5/10/23 13:01,78.8
LH-1,5/10/23 13:16,78.8
LH-1,5/10/23 13:31,79.7
LH-1,5/10/23 13:46,79.7
LH-1,5/10/23 14:01,79.7
LH-1,5/10/23 14:16,80.6
LH-1,5/10/23 14:31,80.6
LH-1,5/10/23 14:46,80.6
LH-1,5/10/23 15:01,81.5
LH-1,5/10/23 15:16,81.5
LH-1,5/10/23 15:31,81.5
LH-1,5/10/23 15:46,82.4
LH-1,5/10/23 16:01,82.4
LH-1,5/10/23 16:16,82.4
LH-1,5/10/23 16:31,83.3
LH-1,5/10/23 16:46,83.3
LH-1,5/10/23 17:01,83.3
LH-1,5/10/23 17:16,83.3
LH-1,5/10/23 17:31,83.3
LH-1,5/10/23 17:46,83.3
LH-1,5/10/23 18:01,83.3
LH-1,5/10/23 18:16,81.5
LH-1,5/10/23 18:31,81.5
LH-1,5/10/23 18:46,79.7
LH-1,5/10/23 19:01,78.8
LH-1,5/10/23 19:16,77.9
LH-1,5/10/23 19:31,77
LH-1,5/10/23 19:46,76.1
LH-1,5/10/23 20:01,75.2
LH-1,5/10/23 20:16,74.3
LH-1,5/10/23 20:31,73.4
LH-1,5/10/23 20:46,72.5
LH-1,5/10/23 21:01,71.6
LH-1,5/10/23 21:16,70.7
LH-1,5/10/23 21:31,69.8
LH-1,5/10/23 21:46,68.9
LH-1,5/10/23 22:01,68.9
LH-1,5/10/23 22:16,68
LH-1,5/10/23 22:31,67.1
LH-1,5/10/23 22:46,67.1
LH-1,5/10/23 23:01,66.2
LH-1,5/10/23 23:16,65.3
LH-1,5/10/23 23:31,65.3
LH-1,5/10/23 23:46,64.4
LH-1,5/11/23 0:01,63.5
LH-1,5/11/23 0:16,62.6
LH-1,5/11/23 0:31,61.7
LH-1,5/11/23 0:46,60.8
LH-1,5/11/23 1:01,60.8
LH-1,5/11/23 1:16,59.9
LH-1,5/11/23 1:31,59
LH-1,5/11/23 1:46,58.1
LH-1,5/11/23 2:01,58.1
LH-1,5/11/23 2:16,57.2
LH-1,5/11/23 2:31,56.3
LH-1,5/11/23 2:46,56.3
LH-1,5/11/23 3:01,56.3
LH-1,5/11/23 3:16,55.4
LH-1,5/11/23 3:31,55.4
LH-1,5/11/23 3:46,55.4
LH-1,5/11/23 4:01,54.5
LH-1,5/11/23 4:16,53.6
LH-1,5/11/23 4:31,53.6
LH-1,5/11/23 4:46,52.7
LH-1,5/11/23 5:01,52.7
LH-1,5/11/23 5:16,51.8
LH-1,5/11/23 5:31,51.8
LH-1,5/11/23 5:46,51.8
LH-1,5/11/23 6:01,51.8
LH-1,5/11/23 6:16,50.9
LH-1,5/11/23 6:31,50.9
LH-1,5/11/23 6:46,51.8
LH-1,5/11/23 7:01,51.8
LH-1,5/11/23 7:16,51.8
LH-1,5/11/23 7:31,52.7
LH-1,5/11/23 7:46,53.6
LH-1,5/11/23 8:01,54.5
LH-1,5/11/23 8:16,56.3
LH-1,5/11/23 8:31,57.2
LH-1,5/11/23 8:46,59
LH-1,5/11/23 9:01,60.8
LH-1,5/11/23 9:16,62.6
LH-1,5/11/23 9:31,64.4
LH-1,5/11/23 9:46,66.2
LH-1,5/11/23 10:01,67.1
LH-1,5/11/23 10:16,69.8
LH-1,5/11/23 10:31,70.7
LH-1,5/11/23 10:46,72.5
LH-1,5/11/23 11:01,74.3
LH-1,5/11/23 11:16,75.2
LH-1,5/11/23 11:31,77
LH-1,5/11/23 11:46,77.9
LH-1,5/11/23 12:01,78.8
LH-1,5/11/23 12:16,80.6
LH-1,5/11/23 12:31,81.5
LH-1,5/11/23 12:46,81.5
LH-1,5/11/23 13:01,82.4
LH-1,5/11/23 13:16,83.3
LH-1,5/11/23 13:31,84.2
LH-1,5/11/23 13:46,85.1
LH-1,5/11/23 14:01,86
LH-1,5/11/23 14:16,86
LH-1,5/11/23 14:31,86.9
LH-1,5/11/23 14:46,86.9
LH-1,5/11/23 15:01,87.8
LH-1,5/11/23 15:16,88.7
LH-1,5/11/23 15:31,88.7
LH-1,5/11/23 15:46,89.6
LH-1,5/11/23 16:01,89.6
LH-1,5/11/23 16:16,90.5
LH-1,5/11/23 16:31,91.4
LH-1,5/11/23 16:46,91.4
LH-1,5/11/23 17:01,91.4
LH-1,5/11/23 17:16,92.3
LH-1,5/11/23 17:31,92.3
LH-1,5/11/23 17:46,92.3
LH-1,5/11/23 18:01,91.4
LH-1,5/11/23 18:16,90.5
LH-1,5/11/23 18:31,89.6
LH-1,5/11/23 18:46,88.7
LH-1,5/11/23 19:01,87.8
LH-1,5/11/23 19:16,86.9
LH-1,5/11/23 19:31,85.1
LH-1,5/11/23 19:46,84.2
LH-1,5/11/23 20:01,82.4
LH-1,5/11/23 20:16,81.5
LH-1,5/11/23 20:31,80.6
LH-1,5/11/23 20:46,79.7
LH-1,5/11/23 21:01,78.8
LH-1,5/11/23 21:16,77.9
LH-1,5/11/23 21:31,77.9
LH-1,5/11/23 21:46,77
LH-1,5/11/23 22:01,75.2
LH-1,5/11/23 22:16,74.3
LH-1,5/11/23 22:31,74.3
LH-1,5/11/23 22:46,73.4
LH-1,5/11/23 23:01,72.5
LH-1,5/11/23 23:16,71.6
LH-1,5/11/23 23:31,70.7
LH-1,5/11/23 23:46,69.8
LH-2,5/6/23 0:01,66.2
LH-2,5/6/23 0:16,65.3
LH-2,5/6/23 0:31,64.4
LH-2,5/6/23 0:46,63.5
LH-2,5/6/23 1:01,63.5
LH-2,5/6/23 1:16,62.6
LH-2,5/6/23 1:31,61.7
LH-2,5/6/23 1:46,60.8
LH-2,5/6/23 2:01,59.9
LH-2,5/6/23 2:16,59.9
LH-2,5/6/23 2:31,59
LH-2,5/6/23 2:46,58.1
LH-2,5/6/23 3:01,58.1
LH-2,5/6/23 3:16,57.2
LH-2,5/6/23 3:31,57.2
LH-2,5/6/23 3:46,56.3
LH-2,5/6/23 4:01,56.3
LH-2,5/6/23 4:16,55.4
LH-2,5/6/23 4:31,55.4
LH-2,5/6/23 4:46,54.5
LH-2,5/6/23 5:01,54.5
LH-2,5/6/23 5:16,53.6
LH-2,5/6/23 5:31,53.6
LH-2,5/6/23 5:46,53.6
LH-2,5/6/23 6:01,52.7
LH-2,5/6/23 6:16,52.7
LH-2,5/6/23 6:31,52.7
LH-2,5/6/23 6:46,52.7
LH-2,5/6/23 7:01,52.7
LH-2,5/6/23 7:16,53.6
LH-2,5/6/23 7:31,53.6
LH-2,5/6/23 7:46,54.5
LH-2,5/6/23 8:01,55.4
LH-2,5/6/23 8:16,57.2
LH-2,5/6/23 8:31,58.1
LH-2,5/6/23 8:46,59.9
LH-2,5/6/23 9:01,60.8
LH-2,5/6/23 9:16,62.6
LH-2,5/6/23 9:31,64.4
LH-2,5/6/23 9:46,65.3
LH-2,5/6/23 10:01,67.1
LH-2,5/6/23 10:16,68.9
LH-2,5/6/23 10:31,70.7
LH-2,5/6/23 10:46,71.6
LH-2,5/6/23 11:01,73.4
LH-2,5/6/23 11:16,74.3
LH-2,5/6/23 11:31,76.1
LH-2,5/6/23 11:46,77
LH-2,5/6/23 12:01,77.9
LH-2,5/6/23 12:16,78.8
LH-2,5/6/23 12:31,79.7
LH-2,5/6/23 12:46,81.5
LH-2,5/6/23 13:01,82.4
LH-2,5/6/23 13:16,83.3
LH-2,5/6/23 13:31,84.2
LH-2,5/6/23 13:46,84.2
LH-2,5/6/23 14:01,85.1
LH-2,5/6/23 14:16,86
LH-2,5/6/23 14:31,86
LH-2,5/6/23 14:46,86.9
LH-2,5/6/23 15:01,87.8
LH-2,5/6/23 15:16,87.8
LH-2,5/6/23 15:31,88.7
LH-2,5/6/23 15:46,88.7
LH-2,5/6/23 16:01,89.6
LH-2,5/6/23 16:16,89.6
LH-2,5/6/23 16:31,90.5
LH-2,5/6/23 16:46,90.5
LH-2,5/6/23 17:01,90.5
LH-2,5/6/23 17:16,90.5
LH-2,5/6/23 17:31,91.4
LH-2,5/6/23 17:46,90.5
LH-2,5/6/23 18:01,90.5
LH-2,5/6/23 18:16,89.6
LH-2,5/6/23 18:31,88.7
LH-2,5/6/23 18:46,87.8
LH-2,5/6/23 19:01,86.9
LH-2,5/6/23 19:16,85.1
LH-2,5/6/23 19:31,84.2
LH-2,5/6/23 19:46,83.3
LH-2,5/6/23 20:01,82.4
LH-2,5/6/23 20:16,81.5
LH-2,5/6/23 20:31,80.6
LH-2,5/6/23 20:46,79.7
LH-2,5/6/23 21:01,77.9
LH-2,5/6/23 21:16,77
LH-2,5/6/23 21:31,76.1
LH-2,5/6/23 21:46,75.2
LH-2,5/6/23 22:01,73.4
LH-2,5/6/23 22:16,72.5
LH-2,5/6/23 22:31,71.6
LH-2,5/6/23 22:46,70.7
LH-2,5/6/23 23:01,69.8
LH-2,5/6/23 23:16,68.9
LH-2,5/6/23 23:31,68
LH-2,5/6/23 23:46,68
LH-2,5/7/23 0:01,67.1
LH-2,5/7/23 0:16,66.2
LH-2,5/7/23 0:31,65.3
LH-2,5/7/23 0:46,64.4
LH-2,5/7/23 1:01,63.5
LH-2,5/7/23 1:16,63.5
LH-2,5/7/23 1:31,62.6
LH-2,5/7/23 1:46,61.7
LH-2,5/7/23 2:01,61.7
LH-2,5/7/23 2:16,60.8
LH-2,5/7/23 2:31,60.8
LH-2,5/7/23 2:46,59.9
LH-2,5/7/23 3:01,59.9
LH-2,5/7/23 3:16,59
LH-2,5/7/23 3:31,59
LH-2,5/7/23 3:46,58.1
LH-2,5/7/23 4:01,58.1
LH-2,5/7/23 4:16,58.1
LH-2,5/7/23 4:31,57.2
LH-2,5/7/23 4:46,57.2
LH-2,5/7/23 5:01,57.2
LH-2,5/7/23 5:16,56.3
LH-2,5/7/23 5:31,56.3
LH-2,5/7/23 5:46,55.4
LH-2,5/7/23 6:01,55.4
LH-2,5/7/23 6:16,54.5
LH-2,5/7/23 6:31,54.5
LH-2,5/7/23 6:46,54.5
LH-2,5/7/23 7:01,55.4
LH-2,5/7/23 7:16,55.4
LH-2,5/7/23 7:31,56.3
LH-2,5/7/23 7:46,57.2
LH-2,5/7/23 8:01,58.1
LH-2,5/7/23 8:16,59
LH-2,5/7/23 8:31,59.9
LH-2,5/7/23 8:46,61.7
LH-2,5/7/23 9:01,62.6
LH-2,5/7/23 9:16,64.4
LH-2,5/7/23 9:31,66.2
LH-2,5/7/23 9:46,68
LH-2,5/7/23 10:01,68.9
LH-2,5/7/23 10:16,70.7
LH-2,5/7/23 10:31,72.5
LH-2,5/7/23 10:46,73.4
LH-2,5/7/23 11:01,75.2
LH-2,5/7/23 11:16,77
LH-2,5/7/23 11:31,78.8
LH-2,5/7/23 11:46,79.7
LH-2,5/7/23 12:01,80.6
LH-2,5/7/23 12:16,82.4
LH-2,5/7/23 12:31,83.3
LH-2,5/7/23 12:46,84.2
LH-2,5/7/23 13:01,85.1
LH-2,5/7/23 13:16,86
LH-2,5/7/23 13:31,86.9
LH-2,5/7/23 13:46,86.9
LH-2,5/7/23 14:01,87.8
LH-2,5/7/23 14:16,88.7
LH-2,5/7/23 14:31,88.7
LH-2,5/7/23 14:46,89.6
LH-2,5/7/23 15:01,90.5
LH-2,5/7/23 15:16,90.5
LH-2,5/7/23 15:31,91.4
LH-2,5/7/23 15:46,91.4
LH-2,5/7/23 16:01,92.3
LH-2,5/7/23 16:16,92.3
LH-2,5/7/23 16:31,93.2
LH-2,5/7/23 16:46,93.2
LH-2,5/7/23 17:01,93.2
LH-2,5/7/23 17:16,94.1
LH-2,5/7/23 17:31,94.1
LH-2,5/7/23 17:46,93.2
LH-2,5/7/23 18:01,93.2
LH-2,5/7/23 18:16,92.3
LH-2,5/7/23 18:31,91.4
LH-2,5/7/23 18:46,90.5
LH-2,5/7/23 19:01,89.6
LH-2,5/7/23 19:16,88.7
LH-2,5/7/23 19:31,87.8
LH-2,5/7/23 19:46,86
LH-2,5/7/23 20:01,85.1
LH-2,5/7/23 20:16,84.2
LH-2,5/7/23 20:31,83.3
LH-2,5/7/23 20:46,81.5
LH-2,5/7/23 21:01,80.6
LH-2,5/7/23 21:16,79.7
LH-2,5/7/23 21:31,77.9
LH-2,5/7/23 21:46,77
LH-2,5/7/23 22:01,75.2
LH-2,5/7/23 22:16,75.2
LH-2,5/7/23 22:31,73.4
LH-2,5/7/23 22:46,72.5
LH-2,5/7/23 23:01,72.5
LH-2,5/7/23 23:16,71.6
LH-2,5/7/23 23:31,70.7
LH-2,5/7/23 23:46,69.8
LH-2,5/8/23 0:01,68.9
LH-2,5/8/23 0:16,68
LH-2,5/8/23 0:31,67.1
LH-2,5/8/23 0:46,66.2
LH-2,5/8/23 1:01,65.3
LH-2,5/8/23 1:16,65.3
LH-2,5/8/23 1:31,64.4
LH-2,5/8/23 1:46,63.5
LH-2,5/8/23 2:01,63.5
LH-2,5/8/23 2:16,62.6
LH-2,5/8/23 2:31,62.6
LH-2,5/8/23 2:46,61.7
LH-2,5/8/23 3:01,61.7
LH-2,5/8/23 3:16,60.8
LH-2,5/8/23 3:31,59.9
LH-2,5/8/23 3:46,59.9
LH-2,5/8/23 4:01,59
LH-2,5/8/23 4:16,59
LH-2,5/8/23 4:31,58.1
LH-2,5/8/23 4:46,58.1
LH-2,5/8/23 5:01,57.2
LH-2,5/8/23 5:16,57.2
LH-2,5/8/23 5:31,56.3
LH-2,5/8/23 5:46,56.3
LH-2,5/8/23 6:01,56.3
LH-2,5/8/23 6:16,55.4
LH-2,5/8/23 6:31,55.4
LH-2,5/8/23 6:46,55.4
LH-2,5/8/23 7:01,56.3
LH-2,5/8/23 7:16,56.3
LH-2,5/8/23 7:31,57.2
LH-2,5/8/23 7:46,58.1
LH-2,5/8/23 8:01,59
LH-2,5/8/23 8:16,59.9
LH-2,5/8/23 8:31,61.7
LH-2,5/8/23 8:46,62.6
LH-2,5/8/23 9:01,64.4
LH-2,5/8/23 9:16,66.2
LH-2,5/8/23 9:31,67.1
LH-2,5/8/23 9:46,68.9
LH-2,5/8/23 10:01,70.7
LH-2,5/8/23 10:16,72.5
LH-2,5/8/23 10:31,73.4
LH-2,5/8/23 10:46,75.2
LH-2,5/8/23 11:01,77
LH-2,5/8/23 11:16,78.8
LH-2,5/8/23 11:31,79.7
LH-2,5/8/23 11:46,81.5
LH-2,5/8/23 12:01,82.4
LH-2,5/8/23 12:16,84.2
LH-2,5/8/23 12:31,85.1
LH-2,5/8/23 12:46,86
LH-2,5/8/23 13:01,87.8
LH-2,5/8/23 13:16,88.7
LH-2,5/8/23 13:31,89.6
LH-2,5/8/23 13:46,90.5
LH-2,5/8/23 14:01,90.5
LH-2,5/8/23 14:16,91.4
LH-2,5/8/23 14:31,92.3
LH-2,5/8/23 14:46,92.3
LH-2,5/8/23 15:01,93.2
LH-2,5/8/23 15:16,94.1
LH-2,5/8/23 15:31,94.1
LH-2,5/8/23 15:46,95
LH-2,5/8/23 16:01,95
LH-2,5/8/23 16:16,95.9
LH-2,5/8/23 16:31,95.9
LH-2,5/8/23 16:46,95.9
LH-2,5/8/23 17:01,95.9
LH-2,5/8/23 17:16,95.9
LH-2,5/8/23 17:31,96.8
LH-2,5/8/23 17:46,96.8
LH-2,5/8/23 18:01,95.9
LH-2,5/8/23 18:16,95.9
LH-2,5/8/23 18:31,95
LH-2,5/8/23 18:46,93.2
LH-2,5/8/23 19:01,92.3
LH-2,5/8/23 19:16,91.4
LH-2,5/8/23 19:31,89.6
LH-2,5/8/23 19:46,88.7
LH-2,5/8/23 20:01,87.8
LH-2,5/8/23 20:16,86
LH-2,5/8/23 20:31,85.1
LH-2,5/8/23 20:46,83.3
LH-2,5/8/23 21:01,82.4
LH-2,5/8/23 21:16,80.6
LH-2,5/8/23 21:31,79.7
LH-2,5/8/23 21:46,78.8
LH-2,5/8/23 22:01,77.9
LH-2,5/8/23 22:16,77
LH-2,5/8/23 22:31,76.1
LH-2,5/8/23 22:46,74.3
LH-2,5/8/23 23:01,74.3
LH-2,5/8/23 23:16,73.4
LH-2,5/8/23 23:31,72.5
LH-2,5/8/23 23:46,71.6
LH-2,5/9/23 0:01,70.7
LH-2,5/9/23 0:16,69.8
LH-2,5/9/23 0:31,68.9
LH-2,5/9/23 0:46,68
LH-2,5/9/23 1:01,67.1
LH-2,5/9/23 1:16,67.1
LH-2,5/9/23 1:31,66.2
LH-2,5/9/23 1:46,66.2
LH-2,5/9/23 2:01,65.3
LH-2,5/9/23 2:16,65.3
LH-2,5/9/23 2:31,64.4
LH-2,5/9/23 2:46,63.5
LH-2,5/9/23 3:01,63.5
LH-2,5/9/23 3:16,62.6
LH-2,5/9/23 3:31,61.7
LH-2,5/9/23 3:46,60.8
LH-2,5/9/23 4:01,60.8
LH-2,5/9/23 4:16,60.8
LH-2,5/9/23 4:31,59.9
LH-2,5/9/23 4:46,59.9
LH-2,5/9/23 5:01,59.9
LH-2,5/9/23 5:16,59
LH-2,5/9/23 5:31,59
LH-2,5/9/23 5:46,59
LH-2,5/9/23 6:01,58.1
LH-2,5/9/23 6:16,58.1
LH-2,5/9/23 6:31,58.1
LH-2,5/9/23 6:46,58.1
LH-2,5/9/23 7:01,58.1
LH-2,5/9/23 7:16,59
LH-2,5/9/23 7:31,59
LH-2,5/9/23 7:46,59.9
LH-2,5/9/23 8:01,60.8
LH-2,5/9/23 8:16,62.6
LH-2,5/9/23 8:31,63.5
LH-2,5/9/23 8:46,64.4
LH-2,5/9/23 9:01,66.2
LH-2,5/9/23 9:16,68
LH-2,5/9/23 9:31,68.9
LH-2,5/9/23 9:46,70.7
LH-2,5/9/23 10:01,72.5
LH-2,5/9/23 10:16,74.3
LH-2,5/9/23 10:31,76.1
LH-2,5/9/23 10:46,77
LH-2,5/9/23 11:01,78.8
LH-2,5/9/23 11:16,80.6
LH-2,5/9/23 11:31,81.5
LH-2,5/9/23 11:46,83.3
LH-2,5/9/23 12:01,84.2
LH-2,5/9/23 12:16,86
LH-2,5/9/23 12:31,87.8
LH-2,5/9/23 12:46,87.8
LH-2,5/9/23 13:01,88.7
LH-2,5/9/23 13:16,89.6
LH-2,5/9/23 13:31,90.5
LH-2,5/9/23 13:46,91.4
LH-2,5/9/23 14:01,92.3
LH-2,5/9/23 14:16,93.2
LH-2,5/9/23 14:31,94.1
LH-2,5/9/23 14:46,95
LH-2,5/9/23 15:01,95
LH-2,5/9/23 15:16,95.9
LH-2,5/9/23 15:31,95.9
LH-2,5/9/23 15:46,96.8
LH-2,5/9/23 16:01,96.8
LH-2,5/9/23 16:16,96.8
LH-2,5/9/23 16:31,97.7
LH-2,5/9/23 16:46,97.7
LH-2,5/9/23 17:01,97.7
LH-2,5/9/23 17:16,97.7
LH-2,5/9/23 17:31,97.7
LH-2,5/9/23 17:46,98.6
LH-2,5/9/23 18:01,98.6
LH-2,5/9/23 18:16,97.7
LH-2,5/9/23 18:31,96.8
LH-2,5/9/23 18:46,95
LH-2,5/9/23 19:01,93.2
LH-2,5/9/23 19:16,92.3
LH-2,5/9/23 19:31,91.4
LH-2,5/9/23 19:46,89.6
LH-2,5/9/23 20:01,88.7
LH-2,5/9/23 20:16,87.8
LH-2,5/9/23 20:31,86.9
LH-2,5/9/23 20:46,86
LH-2,5/9/23 21:01,85.1
LH-2,5/9/23 21:16,85.1
LH-2,5/9/23 21:31,84.2
LH-2,5/9/23 21:46,83.3
LH-2,5/9/23 22:01,81.5
LH-2,5/9/23 22:16,80.6
LH-2,5/9/23 22:31,79.7
LH-2,5/9/23 22:46,78.8
LH-2,5/9/23 23:01,77
LH-2,5/9/23 23:16,76.1
LH-2,5/9/23 23:31,75.2
LH-2,5/9/23 23:46,75.2
LH-2,5/10/23 0:01,74.3
LH-2,5/10/23 0:16,73.4
LH-2,5/10/23 0:31,73.4
LH-2,5/10/23 0:46,72.5
LH-2,5/10/23 1:01,71.6
LH-2,5/10/23 1:16,71.6
LH-2,5/10/23 1:31,70.7
LH-2,5/10/23 1:46,70.7
LH-2,5/10/23 2:01,69.8
LH-2,5/10/23 2:16,68.9
LH-2,5/10/23 2:31,68
LH-2,5/10/23 2:46,67.1
LH-2,5/10/23 3:01,66.2
LH-2,5/10/23 3:16,65.3
LH-2,5/10/23 3:31,64.4
LH-2,5/10/23 3:46,63.5
LH-2,5/10/23 4:01,62.6
LH-2,5/10/23 4:16,61.7
LH-2,5/10/23 4:31,60.8
LH-2,5/10/23 4:46,60.8
LH-2,5/10/23 5:01,59.9
LH-2,5/10/23 5:16,59
LH-2,5/10/23 5:31,58.1
LH-2,5/10/23 5:46,58.1
LH-2,5/10/23 6:01,57.2
LH-2,5/10/23 6:16,57.2
LH-2,5/10/23 6:31,57.2
LH-2,5/10/23 6:46,57.2
LH-2,5/10/23 7:01,57.2
LH-2,5/10/23 7:16,58.1
LH-2,5/10/23 7:31,58.1
LH-2,5/10/23 7:46,59
LH-2,5/10/23 8:01,60.8
LH-2,5/10/23 8:16,61.7
LH-2,5/10/23 8:31,63.5
LH-2,5/10/23 8:46,65.3
LH-2,5/10/23 9:01,66.2
LH-2,5/10/23 9:16,68
LH-2,5/10/23 9:31,68.9
LH-2,5/10/23 9:46,70.7
LH-2,5/10/23 10:01,72.5
LH-2,5/10/23 10:16,73.4
LH-2,5/10/23 10:31,74.3
LH-2,5/10/23 10:46,74.3
LH-2,5/10/23 11:01,75.2
LH-2,5/10/23 11:16,76.1
LH-2,5/10/23 11:31,77
LH-2,5/10/23 11:46,77
LH-2,5/10/23 12:01,77
LH-2,5/10/23 12:16,77.9
LH-2,5/10/23 12:31,77.9
LH-2,5/10/23 12:46,77.9
LH-2,5/10/23 13:01,78.8
LH-2,5/10/23 13:16,78.8
LH-2,5/10/23 13:31,79.7
LH-2,5/10/23 13:46,79.7
LH-2,5/10/23 14:01,79.7
LH-2,5/10/23 14:16,80.6
LH-2,5/10/23 14:31,80.6
LH-2,5/10/23 14:46,80.6
LH-2,5/10/23 15:01,81.5
LH-2,5/10/23 15:16,81.5
LH-2,5/10/23 15:31,82.4
LH-2,5/10/23 15:46,82.4
LH-2,5/10/23 16:01,82.4
LH-2,5/10/23 16:16,82.4
LH-2,5/10/23 16:31,83.3
LH-2,5/10/23 16:46,83.3
LH-2,5/10/23 17:01,83.3
LH-2,5/10/23 17:16,83.3
LH-2,5/10/23 17:31,83.3
LH-2,5/10/23 17:46,83.3
LH-2,5/10/23 18:01,83.3
LH-2,5/10/23 18:16,82.4
LH-2,5/10/23 18:31,81.5
LH-2,5/10/23 18:46,80.6
LH-2,5/10/23 19:01,79.7
LH-2,5/10/23 19:16,78.8
LH-2,5/10/23 19:31,77.9
LH-2,5/10/23 19:46,77
LH-2,5/10/23 20:01,76.1
LH-2,5/10/23 20:16,75.2
LH-2,5/10/23 20:31,74.3
LH-2,5/10/23 20:46,73.4
LH-2,5/10/23 21:01,72.5
LH-2,5/10/23 21:16,71.6
LH-2,5/10/23 21:31,70.7
LH-2,5/10/23 21:46,69.8
LH-2,5/10/23 22:01,68.9
LH-2,5/10/23 22:16,68
LH-2,5/10/23 22:31,68
LH-2,5/10/23 22:46,67.1
LH-2,5/10/23 23:01,66.2
LH-2,5/10/23 23:16,66.2
LH-2,5/10/23 23:31,65.3
LH-2,5/10/23 23:46,64.4
LH-2,5/11/23 0:01,63.5
LH-2,5/11/23 0:16,62.6
LH-2,5/11/23 0:31,61.7
LH-2,5/11/23 0:46,60.8
LH-2,5/11/23 1:01,60.8
LH-2,5/11/23 1:16,59.9
LH-2,5/11/23 1:31,59
LH-2,5/11/23 1:46,58.1
LH-2,5/11/23 2:01,58.1
LH-2,5/11/23 2:16,57.2
LH-2,5/11/23 2:31,57.2
LH-2,5/11/23 2:46,56.3
LH-2,5/11/23 3:01,56.3
LH-2,5/11/23 3:16,56.3
LH-2,5/11/23 3:31,55.4
LH-2,5/11/23 3:46,55.4
LH-2,5/11/23 4:01,54.5
LH-2,5/11/23 4:16,53.6
LH-2,5/11/23 4:31,53.6
LH-2,5/11/23 4:46,52.7
LH-2,5/11/23 5:01,52.7
LH-2,5/11/23 5:16,52.7
LH-2,5/11/23 5:31,51.8
LH-2,5/11/23 5:46,51.8
LH-2,5/11/23 6:01,51.8
LH-2,5/11/23 6:16,51.8
LH-2,5/11/23 6:31,50.9
LH-2,5/11/23 6:46,51.8
LH-2,5/11/23 7:01,51.8
LH-2,5/11/23 7:16,52.7
LH-2,5/11/23 7:31,52.7
LH-2,5/11/23 7:46,53.6
LH-2,5/11/23 8:01,54.5
LH-2,5/11/23 8:16,55.4
LH-2,5/11/23 8:31,57.2
LH-2,5/11/23 8:46,58.1
LH-2,5/11/23 9:01,59.9
LH-2,5/11/23 9:16,61.7
LH-2,5/11/23 9:31,63.5
LH-2,5/11/23 9:46,64.4
LH-2,5/11/23 10:01,66.2
LH-2,5/11/23 10:16,68
LH-2,5/11/23 10:31,69.8
LH-2,5/11/23 10:46,70.7
LH-2,5/11/23 11:01,72.5
LH-2,5/11/23 11:16,74.3
LH-2,5/11/23 11:31,75.2
LH-2,5/11/23 11:46,77
LH-2,5/11/23 12:01,77.9
LH-2,5/11/23 12:16,79.7
LH-2,5/11/23 12:31,80.6
LH-2,5/11/23 12:46,81.5
LH-2,5/11/23 13:01,81.5
LH-2,5/11/23 13:16,83.3
LH-2,5/11/23 13:31,84.2
LH-2,5/11/23 13:46,85.1
LH-2,5/11/23 14:01,85.1
LH-2,5/11/23 14:16,86
LH-2,5/11/23 14:31,86.9
LH-2,5/11/23 14:46,86.9
LH-2,5/11/23 15:01,87.8
LH-2,5/11/23 15:16,88.7
LH-2,5/11/23 15:31,88.7
LH-2,5/11/23 15:46,89.6
LH-2,5/11/23 16:01,89.6
LH-2,5/11/23 16:16,90.5
LH-2,5/11/23 16:31,91.4
LH-2,5/11/23 16:46,91.4
LH-2,5/11/23 17:01,92.3
LH-2,5/11/23 17:16,92.3
LH-2,5/11/23 17:31,92.3
LH-2,5/11/23 17:46,92.3
LH-2,5/11/23 18:01,91.4
LH-2,5/11/23 18:16,90.5
LH-2,5/11/23 18:31,89.6
LH-2,5/11/23 18:46,88.7
LH-2,5/11/23 19:01,87.8
LH-2,5/11/23 19:16,86.9
LH-2,5/11/23 19:31,85.1
LH-2,5/11/23 19:46,84.2
LH-2,5/11/23 20:01,83.3
LH-2,5/11/23 20:16,82.4
LH-2,5/11/23 20:31,81.5
LH-2,5/11/23 20:46,80.6
LH-2,5/11/23 21:01,79.7
LH-2,5/11/23 21:16,78.8
LH-2,5/11/23 21:31,77.9
LH-2,5/11/23 21:46,77
LH-2,5/11/23 22:01,76.1
LH-2,5/11/23 22:16,75.2
LH-2,5/11/23 22:31,74.3
LH-2,5/11/23 22:46,73.4
LH-2,5/11/23 23:01,72.5
LH-2,5/11/23 23:16,71.6
LH-2,5/11/23 23:31,70.7
LH-2,5/11/23 23:46,70.7